ISO-10303-21;
HEADER;

/* File generated by Shapr3D Version 26.112.0.11153 */

FILE_DESCRIPTION(('HOOPS Exchange Step'),'2;1');

FILE_NAME('/private/var/mobile/Containers/Data/Application/BEC597B6-8BB6-4643-9E10-9AF2D57D6B99/tmp/export/temp_export',
'2026-07-30T16:22:49+08:00',
('mobile'),
('Shapr3D Limited'),
'HOOPS Exchange 2026.3',
'Shapr3D',
'Authorized');

FILE_SCHEMA( ('AP242_MANAGED_MODEL_BASED_3D_ENGINEERING_MIM_LF {1 0 10303 442 1 1 4}') );

ENDSEC;

DATA;
#3=(NAMED_UNIT(*)PLANE_ANGLE_UNIT()SI_UNIT($,.RADIAN.));
#4=PLANE_ANGLE_MEASURE_WITH_UNIT(PLANE_ANGLE_MEASURE(0.0174532925),#3);
#5=(CONVERSION_BASED_UNIT('DEGREE',#4)NAMED_UNIT(#6)PLANE_ANGLE_UNIT());
#6=DIMENSIONAL_EXPONENTS(0.,0.,0.,0.,0.,0.,0.);
#7=(NAMED_UNIT(*)SI_UNIT($,.STERADIAN.)SOLID_ANGLE_UNIT());
#8=(LENGTH_UNIT()NAMED_UNIT(*)SI_UNIT(.MILLI.,.METRE.));
#9=UNCERTAINTY_MEASURE_WITH_UNIT(LENGTH_MEASURE(1.000000E-05),#8,'DISTANCE_ACCURACY_VALUE','Maximum Tolerance applied to model');
#10=(GEOMETRIC_REPRESENTATION_CONTEXT(3)GLOBAL_UNCERTAINTY_ASSIGNED_CONTEXT((#9))GLOBAL_UNIT_ASSIGNED_CONTEXT((#8,#5,#7))REPRESENTATION_CONTEXT('','root'));
#12=CARTESIAN_POINT('',(0.,0.,0.));
#13=DIRECTION('',(0.,0.,1.));
#14=DIRECTION('',(1.,0.,0.));
#15=AXIS2_PLACEMENT_3D('',#12,#13,#14);
#27=CARTESIAN_POINT('',(130.025005479,33.543043515,-16.078431085));
#28=DIRECTION('',(-1.,0.000000001,0.000000005));
#29=DIRECTION('',(-0.000000005,0.,-1.));
#30=AXIS2_PLACEMENT_3D('',#27,#28,#29);
#31=CYLINDRICAL_SURFACE('',#30,27.480465973);
#32=CARTESIAN_POINT('',(86.025002893,31.3102156,11.311174634));
#33=VERTEX_POINT('',#32);
#34=CARTESIAN_POINT('',(86.025002893,33.54304356,11.402073674));
#35=VERTEX_POINT('',#34);
#36=CARTESIAN_POINT('',(86.025002893,31.3102156,11.311174634));
#37=CARTESIAN_POINT('',(86.025002893,32.430952051,11.402538184));
#38=CARTESIAN_POINT('',(86.025002893,33.552081296,11.424948343));
#39=CARTESIAN_POINT('',(86.025002893,34.673601259,11.378769454));
#40=CARTESIAN_POINT('',(86.025002893,35.795121223,11.332590566));
#41=CARTESIAN_POINT('',(86.025002893,36.917546287,11.2177553));
#42=CARTESIAN_POINT('',(86.025002892,38.039340402,11.031702384));
#43=CARTESIAN_POINT('',(86.025002892,39.161134517,10.845649469));
#44=CARTESIAN_POINT('',(86.025002891,40.259713921,10.592189281));
#45=CARTESIAN_POINT('',(86.02500289,41.335972572,10.27391756));
#46=CARTESIAN_POINT('',(86.025002889,42.412231223,9.955645838));
#47=CARTESIAN_POINT('',(86.025002888,43.466163493,9.57254624));
#48=CARTESIAN_POINT('',(86.025002887,44.497628427,9.124209482));
#49=B_SPLINE_CURVE_WITH_KNOTS('',3,(#36,#37,#38,#39,#40,#41,#42,#43,#44,#45,#46,#47,#48),.UNSPECIFIED.,.F.,.F.,(4,3,3,3,4),(0.011763962,0.015127678,0.018491394,0.02185511,0.025218826),.UNSPECIFIED.);
#50=EDGE_CURVE('',#33,#35,#49,.T.);
#51=ORIENTED_EDGE('',*,*,#50,.T.);
#52=CARTESIAN_POINT('',(86.025002887,44.497628427,9.124209482));
#53=VERTEX_POINT('',#52);
#54=CARTESIAN_POINT('',(86.025002893,31.3102156,11.311174634));
#55=CARTESIAN_POINT('',(86.025002893,32.430952051,11.402538184));
#56=CARTESIAN_POINT('',(86.025002893,33.552081296,11.424948343));
#57=CARTESIAN_POINT('',(86.025002893,34.673601259,11.378769454));
#58=CARTESIAN_POINT('',(86.025002893,35.795121223,11.332590566));
#59=CARTESIAN_POINT('',(86.025002893,36.917546287,11.2177553));
#60=CARTESIAN_POINT('',(86.025002892,38.039340402,11.031702384));
#61=CARTESIAN_POINT('',(86.025002892,39.161134517,10.845649469));
#62=CARTESIAN_POINT('',(86.025002891,40.259713921,10.592189281));
#63=CARTESIAN_POINT('',(86.02500289,41.335972572,10.27391756));
#64=CARTESIAN_POINT('',(86.025002889,42.412231223,9.955645838));
#65=CARTESIAN_POINT('',(86.025002888,43.466163493,9.57254624));
#66=CARTESIAN_POINT('',(86.025002887,44.497628427,9.124209482));
#67=B_SPLINE_CURVE_WITH_KNOTS('',3,(#54,#55,#56,#57,#58,#59,#60,#61,#62,#63,#64,#65,#66),.UNSPECIFIED.,.F.,.F.,(4,3,3,3,4),(0.011763962,0.015127678,0.018491394,0.02185511,0.025218826),.UNSPECIFIED.);
#68=EDGE_CURVE('',#35,#53,#67,.T.);
#69=ORIENTED_EDGE('',*,*,#68,.T.);
#70=CARTESIAN_POINT('',(17.768561709,44.497628479,9.12420983));
#71=VERTEX_POINT('',#70);
#72=CARTESIAN_POINT('',(17.768561709,44.497628479,9.12420983));
#73=CARTESIAN_POINT('',(40.520708768,44.497628462,9.124209714));
#74=CARTESIAN_POINT('',(63.272855827,44.497628445,9.124209598));
#75=CARTESIAN_POINT('',(86.025002887,44.497628427,9.124209482));
#76=B_SPLINE_CURVE_WITH_KNOTS('',3,(#72,#73,#74,#75),.UNSPECIFIED.,.F.,.F.,(4,4),(0.185668586,0.253925027),.UNSPECIFIED.);
#77=EDGE_CURVE('',#71,#53,#76,.T.);
#78=ORIENTED_EDGE('',*,*,#77,.F.);
#79=CARTESIAN_POINT('',(17.453429609,31.310215652,11.311174976));
#80=VERTEX_POINT('',#79);
#81=CARTESIAN_POINT('',(14.318812585,33.543043631,-16.078430506));
#82=DIRECTION('',(-0.992187325,0.043123791,0.117066866));
#83=DIRECTION('',(-0.124757014,-0.342961714,-0.9310279));
#84=AXIS2_PLACEMENT_3D('',#81,#82,#83);
#85=ELLIPSE('',#84,27.696852468,27.480465973);
#86=EDGE_CURVE('',#80,#71,#85,.T.);
#87=ORIENTED_EDGE('',*,*,#86,.F.);
#88=CARTESIAN_POINT('',(86.025002893,31.3102156,11.311174634));
#89=CARTESIAN_POINT('',(63.167811799,31.310215617,11.311174748));
#90=CARTESIAN_POINT('',(40.310620704,31.310215634,11.311174862));
#91=CARTESIAN_POINT('',(17.453429609,31.310215652,11.311174976));
#92=B_SPLINE_CURVE_WITH_KNOTS('',3,(#88,#89,#90,#91),.UNSPECIFIED.,.F.,.F.,(4,4),(0.185309357,0.25388093),.UNSPECIFIED.);
#93=EDGE_CURVE('',#33,#80,#92,.T.);
#94=ORIENTED_EDGE('',*,*,#93,.F.);
#95=EDGE_LOOP('',(#51,#69,#78,#87,#94));
#96=FACE_BOUND('',#95,.T.);
#97=ADVANCED_FACE('',(#96),#31,.T.);
#98=CARTESIAN_POINT('',(121.025005593,35.401363205,4.09999993));
#99=DIRECTION('',(0.000000001,1.,-0.));
#100=DIRECTION('',(0.000000006,-0.,1.));
#101=AXIS2_PLACEMENT_3D('',#98,#99,#100);
#102=PLANE('',#101);
#103=CARTESIAN_POINT('',(123.555005622,35.401363202,8.9257989));
#104=VERTEX_POINT('',#103);
#105=CARTESIAN_POINT('',(123.555005588,35.401363202,3.199999923));
#106=VERTEX_POINT('',#105);
#107=CARTESIAN_POINT('',(123.555005622,35.401363202,8.9257989));
#108=DIRECTION('',(-0.000000006,0.,-1.));
#109=VECTOR('',#108,5.725798977);
#110=LINE('',#107,#109);
#111=EDGE_CURVE('',#104,#106,#110,.T.);
#112=ORIENTED_EDGE('',*,*,#111,.T.);
#113=CARTESIAN_POINT('',(121.990005588,35.401363204,3.199999932));
#114=VERTEX_POINT('',#113);
#115=CARTESIAN_POINT('',(123.555005588,35.401363202,3.199999923));
#116=DIRECTION('',(-1.,0.000000001,0.000000006));
#117=VECTOR('',#116,1.565);
#118=LINE('',#115,#117);
#119=EDGE_CURVE('',#106,#114,#118,.T.);
#120=ORIENTED_EDGE('',*,*,#119,.T.);
#121=CARTESIAN_POINT('',(121.990005603,35.401363204,5.64962595));
#122=VERTEX_POINT('',#121);
#123=CARTESIAN_POINT('',(121.990005603,35.401363204,5.64962595));
#124=DIRECTION('',(-0.000000006,0.,-1.));
#125=VECTOR('',#124,2.449626018);
#126=LINE('',#123,#125);
#127=EDGE_CURVE('',#122,#114,#126,.T.);
#128=ORIENTED_EDGE('',*,*,#127,.F.);
#129=CARTESIAN_POINT('',(120.790005603,35.401363205,5.649625957));
#130=VERTEX_POINT('',#129);
#131=CARTESIAN_POINT('',(120.790005603,35.401363205,5.649625957));
#132=DIRECTION('',(1.,-0.000000001,-0.000000006));
#133=VECTOR('',#132,1.2);
#134=LINE('',#131,#133);
#135=EDGE_CURVE('',#130,#122,#134,.T.);
#136=ORIENTED_EDGE('',*,*,#135,.F.);
#137=CARTESIAN_POINT('',(120.790005588,35.401363205,3.19999994));
#138=VERTEX_POINT('',#137);
#139=CARTESIAN_POINT('',(120.790005603,35.401363205,5.649625957));
#140=DIRECTION('',(-0.000000006,0.,-1.));
#141=VECTOR('',#140,2.449626018);
#142=LINE('',#139,#141);
#143=EDGE_CURVE('',#130,#138,#142,.T.);
#144=ORIENTED_EDGE('',*,*,#143,.T.);
#145=CARTESIAN_POINT('',(119.225005588,35.401363207,3.199999949));
#146=VERTEX_POINT('',#145);
#147=CARTESIAN_POINT('',(120.790005588,35.401363205,3.19999994));
#148=DIRECTION('',(-1.,0.000000001,0.000000006));
#149=VECTOR('',#148,1.565);
#150=LINE('',#147,#149);
#151=EDGE_CURVE('',#138,#146,#150,.T.);
#152=ORIENTED_EDGE('',*,*,#151,.T.);
#153=CARTESIAN_POINT('',(119.225005622,35.401363207,8.925798914));
#154=VERTEX_POINT('',#153);
#155=CARTESIAN_POINT('',(119.225005622,35.401363207,8.925798914));
#156=DIRECTION('',(-0.000000006,0.,-1.));
#157=VECTOR('',#156,5.725798965);
#158=LINE('',#155,#157);
#159=EDGE_CURVE('',#154,#146,#158,.T.);
#160=ORIENTED_EDGE('',*,*,#159,.F.);
#161=CARTESIAN_POINT('',(119.225005622,35.401363207,8.925798914));
#162=DIRECTION('',(1.,-0.000000001,-0.000000003));
#163=VECTOR('',#162,4.33);
#164=LINE('',#161,#163);
#165=EDGE_CURVE('',#154,#104,#164,.T.);
#166=ORIENTED_EDGE('',*,*,#165,.T.);
#167=EDGE_LOOP('',(#112,#120,#128,#136,#144,#152,#160,#166));
#168=FACE_BOUND('',#167,.T.);
#169=ADVANCED_FACE('',(#168),#102,.T.);
#170=CARTESIAN_POINT('',(121.990005594,36.001363204,4.099999923));
#171=DIRECTION('',(-1.,0.000000001,0.000000006));
#172=DIRECTION('',(0.000000001,1.,0.));
#173=AXIS2_PLACEMENT_3D('',#170,#171,#172);
#174=PLANE('',#173);
#175=ORIENTED_EDGE('',*,*,#127,.T.);
#176=CARTESIAN_POINT('',(121.990005586,33.551363204,3.199999932));
#177=VERTEX_POINT('',#176);
#178=CARTESIAN_POINT('',(121.990005588,35.401363204,3.199999932));
#179=DIRECTION('',(-0.000000001,-1.,0.));
#180=VECTOR('',#179,1.85);
#181=LINE('',#178,#180);
#182=EDGE_CURVE('',#114,#177,#181,.T.);
#183=ORIENTED_EDGE('',*,*,#182,.T.);
#184=CARTESIAN_POINT('',(121.990005596,33.551363204,4.88562054));
#185=VERTEX_POINT('',#184);
#186=CARTESIAN_POINT('',(121.990005596,33.551363204,4.88562054));
#187=DIRECTION('',(-0.000000006,0.,-1.));
#188=VECTOR('',#187,1.685620608);
#189=LINE('',#186,#188);
#190=EDGE_CURVE('',#185,#177,#189,.T.);
#191=ORIENTED_EDGE('',*,*,#190,.F.);
#192=CARTESIAN_POINT('',(121.990005596,33.551363204,4.885620541));
#193=DIRECTION('',(0.000000003,0.924283465,0.381706793));
#194=VECTOR('',#193,2.001550466);
#195=LINE('',#192,#194);
#196=EDGE_CURVE('',#185,#122,#195,.T.);
#197=ORIENTED_EDGE('',*,*,#196,.T.);
#198=EDGE_LOOP('',(#175,#183,#191,#197));
#199=FACE_BOUND('',#198,.T.);
#200=ADVANCED_FACE('',(#199),#174,.T.);
#201=CARTESIAN_POINT('',(189.550005695,-0.000000078,2.699999527));
#202=DIRECTION('',(-0.000000006,0.,-1.));
#203=DIRECTION('',(0.000000001,1.,-0.));
#204=AXIS2_PLACEMENT_3D('',#201,#202,#203);
#205=PLANE('',#204);
#206=CARTESIAN_POINT('',(126.350410344,33.551363199,2.699999902));
#207=VERTEX_POINT('',#206);
#208=CARTESIAN_POINT('',(122.490005583,33.551363203,2.699999929));
#209=VERTEX_POINT('',#208);
#210=CARTESIAN_POINT('',(126.350410344,33.551363199,2.699999906));
#211=DIRECTION('',(-1.,0.000000001,0.000000006));
#212=VECTOR('',#211,3.860404761);
#213=LINE('',#210,#212);
#214=EDGE_CURVE('',#207,#209,#213,.T.);
#215=ORIENTED_EDGE('',*,*,#214,.T.);
#216=CARTESIAN_POINT('',(122.490005584,34.901363204,2.699999929));
#217=VERTEX_POINT('',#216);
#218=CARTESIAN_POINT('',(122.490005583,33.551363203,2.699999929));
#219=DIRECTION('',(0.000000001,1.,-0.));
#220=VECTOR('',#219,1.350000001);
#221=LINE('',#218,#220);
#222=EDGE_CURVE('',#209,#217,#221,.T.);
#223=ORIENTED_EDGE('',*,*,#222,.T.);
#224=CARTESIAN_POINT('',(124.055005584,34.901363202,2.69999992));
#225=VERTEX_POINT('',#224);
#226=CARTESIAN_POINT('',(122.490005584,34.901363204,2.699999929));
#227=DIRECTION('',(1.,-0.000000001,-0.000000006));
#228=VECTOR('',#227,1.565);
#229=LINE('',#226,#228);
#230=EDGE_CURVE('',#217,#225,#229,.T.);
#231=ORIENTED_EDGE('',*,*,#230,.T.);
#232=CARTESIAN_POINT('',(124.055005587,37.101363202,2.69999992));
#233=VERTEX_POINT('',#232);
#234=CARTESIAN_POINT('',(124.055005585,34.901363202,2.69999992));
#235=DIRECTION('',(0.000000001,1.,-0.));
#236=VECTOR('',#235,2.2);
#237=LINE('',#234,#236);
#238=EDGE_CURVE('',#225,#233,#237,.T.);
#239=ORIENTED_EDGE('',*,*,#238,.T.);
#240=CARTESIAN_POINT('',(122.490005587,37.101363204,2.699999929));
#241=VERTEX_POINT('',#240);
#242=CARTESIAN_POINT('',(124.055005587,37.101363202,2.69999992));
#243=DIRECTION('',(-1.,0.000000001,0.000000006));
#244=VECTOR('',#243,1.565);
#245=LINE('',#242,#244);
#246=EDGE_CURVE('',#233,#241,#245,.T.);
#247=ORIENTED_EDGE('',*,*,#246,.T.);
#248=CARTESIAN_POINT('',(122.490005588,38.451363203,2.699999929));
#249=VERTEX_POINT('',#248);
#250=CARTESIAN_POINT('',(122.490005587,37.101363204,2.699999929));
#251=DIRECTION('',(0.000000001,1.,-0.));
#252=VECTOR('',#251,1.35);
#253=LINE('',#250,#252);
#254=EDGE_CURVE('',#241,#249,#253,.T.);
#255=ORIENTED_EDGE('',*,*,#254,.T.);
#256=CARTESIAN_POINT('',(126.120723542,38.4513632,2.699999904));
#257=VERTEX_POINT('',#256);
#258=CARTESIAN_POINT('',(122.490005588,38.451363203,2.699999929));
#259=DIRECTION('',(1.,-0.000000001,-0.000000006));
#260=VECTOR('',#259,3.630717954);
#261=LINE('',#258,#260);
#262=EDGE_CURVE('',#249,#257,#261,.T.);
#263=ORIENTED_EDGE('',*,*,#262,.T.);
#264=CARTESIAN_POINT('',(126.350410342,33.551363199,2.699999898));
#265=DIRECTION('',(-0.046823444,0.998903181,0.));
#266=VECTOR('',#265,4.905380314);
#267=LINE('',#264,#266);
#268=EDGE_CURVE('',#207,#257,#267,.T.);
#269=ORIENTED_EDGE('',*,*,#268,.F.);
#270=EDGE_LOOP('',(#215,#223,#231,#239,#247,#255,#263,#269));
#271=FACE_BOUND('',#270,.T.);
#272=ADVANCED_FACE('',(#271),#205,.T.);
#273=CARTESIAN_POINT('',(121.990005594,36.001363204,4.099999923));
#274=DIRECTION('',(-1.,0.000000001,0.000000006));
#275=DIRECTION('',(0.000000001,1.,0.));
#276=AXIS2_PLACEMENT_3D('',#273,#274,#275);
#277=PLANE('',#276);
#278=CARTESIAN_POINT('',(121.990005601,38.451363204,4.88562054));
#279=VERTEX_POINT('',#278);
#280=CARTESIAN_POINT('',(121.990005591,38.451363204,3.199999932));
#281=VERTEX_POINT('',#280);
#282=CARTESIAN_POINT('',(121.990005601,38.451363204,4.88562054));
#283=DIRECTION('',(-0.000000006,0.,-1.));
#284=VECTOR('',#283,1.685620608);
#285=LINE('',#282,#284);
#286=EDGE_CURVE('',#279,#281,#285,.T.);
#287=ORIENTED_EDGE('',*,*,#286,.T.);
#288=CARTESIAN_POINT('',(121.990005589,36.601363204,3.199999932));
#289=VERTEX_POINT('',#288);
#290=CARTESIAN_POINT('',(121.990005591,38.451363204,3.199999932));
#291=DIRECTION('',(-0.000000001,-1.,0.));
#292=VECTOR('',#291,1.85);
#293=LINE('',#290,#292);
#294=EDGE_CURVE('',#281,#289,#293,.T.);
#295=ORIENTED_EDGE('',*,*,#294,.T.);
#296=CARTESIAN_POINT('',(121.990005603,36.601363204,5.508212303));
#297=VERTEX_POINT('',#296);
#298=CARTESIAN_POINT('',(121.990005603,36.601363204,5.508212303));
#299=DIRECTION('',(-0.000000006,0.,-1.));
#300=VECTOR('',#299,2.30821237);
#301=LINE('',#298,#300);
#302=EDGE_CURVE('',#297,#289,#301,.T.);
#303=ORIENTED_EDGE('',*,*,#302,.F.);
#304=CARTESIAN_POINT('',(121.990005601,38.451363204,4.88562054));
#305=DIRECTION('',(0.000000001,-0.947768723,0.318958378));
#306=VECTOR('',#305,1.951952997);
#307=LINE('',#304,#306);
#308=EDGE_CURVE('',#279,#297,#307,.T.);
#309=ORIENTED_EDGE('',*,*,#308,.F.);
#310=EDGE_LOOP('',(#287,#295,#303,#309));
#311=FACE_BOUND('',#310,.T.);
#312=ADVANCED_FACE('',(#311),#277,.T.);
#313=CARTESIAN_POINT('',(121.025005596,38.451363205,4.09999993));
#314=DIRECTION('',(-0.000000001,-1.,0.));
#315=DIRECTION('',(-0.000000006,0.,-1.));
#316=AXIS2_PLACEMENT_3D('',#313,#314,#315);
#317=PLANE('',#316);
#318=ORIENTED_EDGE('',*,*,#262,.F.);
#319=CARTESIAN_POINT('',(122.490005591,38.451363204,3.199999929));
#320=DIRECTION('',(0.000000001,1.,-0.));
#321=DIRECTION('',(1.,-0.000000001,0.));
#322=AXIS2_PLACEMENT_3D('',#319,#320,#321);
#323=CIRCLE('',#322,0.5);
#324=EDGE_CURVE('',#249,#281,#323,.T.);
#325=ORIENTED_EDGE('',*,*,#324,.T.);
#326=ORIENTED_EDGE('',*,*,#286,.F.);
#327=CARTESIAN_POINT('',(125.842603698,38.4513632,4.88562151));
#328=VERTEX_POINT('',#327);
#329=CARTESIAN_POINT('',(125.842603698,38.4513632,4.88562151));
#330=DIRECTION('',(-1.,0.000000001,0.000000003));
#331=VECTOR('',#330,3.852598097);
#332=LINE('',#329,#331);
#333=EDGE_CURVE('',#328,#279,#332,.T.);
#334=ORIENTED_EDGE('',*,*,#333,.F.);
#335=CARTESIAN_POINT('',(125.842603698,38.4513632,4.88562151));
#336=DIRECTION('',(0.126231868,-0.,-0.992000764));
#337=VECTOR('',#336,2.20324589);
#338=LINE('',#335,#337);
#339=EDGE_CURVE('',#328,#257,#338,.T.);
#340=ORIENTED_EDGE('',*,*,#339,.T.);
#341=EDGE_LOOP('',(#318,#325,#326,#334,#340));
#342=FACE_BOUND('',#341,.T.);
#343=ADVANCED_FACE('',(#342),#317,.F.);
#344=CARTESIAN_POINT('',(121.025005594,36.601363205,4.09999993));
#345=DIRECTION('',(-0.000000001,-1.,0.));
#346=DIRECTION('',(-0.000000006,0.,-1.));
#347=AXIS2_PLACEMENT_3D('',#344,#345,#346);
#348=PLANE('',#347);
#349=ORIENTED_EDGE('',*,*,#302,.T.);
#350=CARTESIAN_POINT('',(123.555005589,36.601363202,3.199999923));
#351=VERTEX_POINT('',#350);
#352=CARTESIAN_POINT('',(121.990005589,36.601363204,3.199999932));
#353=DIRECTION('',(1.,-0.000000001,-0.000000006));
#354=VECTOR('',#353,1.565);
#355=LINE('',#352,#354);
#356=EDGE_CURVE('',#289,#351,#355,.T.);
#357=ORIENTED_EDGE('',*,*,#356,.T.);
#358=CARTESIAN_POINT('',(123.555005622,36.601363202,8.727548554));
#359=VERTEX_POINT('',#358);
#360=CARTESIAN_POINT('',(123.555005622,36.601363202,8.727548554));
#361=DIRECTION('',(-0.000000006,0.,-1.));
#362=VECTOR('',#361,5.527548631);
#363=LINE('',#360,#362);
#364=EDGE_CURVE('',#359,#351,#363,.T.);
#365=ORIENTED_EDGE('',*,*,#364,.F.);
#366=CARTESIAN_POINT('',(119.225005622,36.601363207,8.727548568));
#367=VERTEX_POINT('',#366);
#368=CARTESIAN_POINT('',(123.555005622,36.601363202,8.727548555));
#369=DIRECTION('',(-1.,0.000000001,0.000000003));
#370=VECTOR('',#369,4.33);
#371=LINE('',#368,#370);
#372=EDGE_CURVE('',#359,#367,#371,.T.);
#373=ORIENTED_EDGE('',*,*,#372,.T.);
#374=CARTESIAN_POINT('',(119.225005589,36.601363207,3.199999949));
#375=VERTEX_POINT('',#374);
#376=CARTESIAN_POINT('',(119.225005622,36.601363207,8.727548568));
#377=DIRECTION('',(-0.000000006,0.,-1.));
#378=VECTOR('',#377,5.527548619);
#379=LINE('',#376,#378);
#380=EDGE_CURVE('',#367,#375,#379,.T.);
#381=ORIENTED_EDGE('',*,*,#380,.T.);
#382=CARTESIAN_POINT('',(120.790005589,36.601363205,3.19999994));
#383=VERTEX_POINT('',#382);
#384=CARTESIAN_POINT('',(119.225005589,36.601363207,3.199999949));
#385=DIRECTION('',(1.,-0.000000001,-0.000000006));
#386=VECTOR('',#385,1.565);
#387=LINE('',#384,#386);
#388=EDGE_CURVE('',#375,#383,#387,.T.);
#389=ORIENTED_EDGE('',*,*,#388,.T.);
#390=CARTESIAN_POINT('',(120.790005603,36.601363205,5.50821231));
#391=VERTEX_POINT('',#390);
#392=CARTESIAN_POINT('',(120.790005603,36.601363205,5.50821231));
#393=DIRECTION('',(-0.000000006,0.,-1.));
#394=VECTOR('',#393,2.30821237);
#395=LINE('',#392,#394);
#396=EDGE_CURVE('',#391,#383,#395,.T.);
#397=ORIENTED_EDGE('',*,*,#396,.F.);
#398=CARTESIAN_POINT('',(120.790005603,36.601363205,5.50821231));
#399=DIRECTION('',(1.,-0.000000001,-0.000000006));
#400=VECTOR('',#399,1.2);
#401=LINE('',#398,#400);
#402=EDGE_CURVE('',#391,#297,#401,.T.);
#403=ORIENTED_EDGE('',*,*,#402,.T.);
#404=EDGE_LOOP('',(#349,#357,#365,#373,#381,#389,#397,#403));
#405=FACE_BOUND('',#404,.T.);
#406=ADVANCED_FACE('',(#405),#348,.T.);
#407=CARTESIAN_POINT('',(189.550005695,-0.000000078,2.699999527));
#408=DIRECTION('',(-0.000000006,0.,-1.));
#409=DIRECTION('',(-1.,0.000000001,0.000000006));
#410=AXIS2_PLACEMENT_3D('',#407,#408,#409);
#411=PLANE('',#410);
#412=CARTESIAN_POINT('',(120.290005594,43.904165899,2.699999933));
#413=VERTEX_POINT('',#412);
#414=CARTESIAN_POINT('',(118.225005593,43.904165904,2.69999995));
#415=VERTEX_POINT('',#414);
#416=CARTESIAN_POINT('',(120.290005594,43.904165899,2.699999933));
#417=DIRECTION('',(-1.,0.000000001,0.000000006));
#418=VECTOR('',#417,2.065);
#419=LINE('',#416,#418);
#420=EDGE_CURVE('',#413,#415,#419,.T.);
#421=ORIENTED_EDGE('',*,*,#420,.F.);
#422=CARTESIAN_POINT('',(120.290005587,37.101363206,2.699999943));
#423=VERTEX_POINT('',#422);
#424=CARTESIAN_POINT('',(120.290005594,43.904165899,2.699999943));
#425=DIRECTION('',(-0.000000001,-1.,0.));
#426=VECTOR('',#425,6.802802693);
#427=LINE('',#424,#426);
#428=EDGE_CURVE('',#413,#423,#427,.T.);
#429=ORIENTED_EDGE('',*,*,#428,.T.);
#430=CARTESIAN_POINT('',(118.725005587,37.101363207,2.699999952));
#431=VERTEX_POINT('',#430);
#432=CARTESIAN_POINT('',(120.290005587,37.101363206,2.699999943));
#433=DIRECTION('',(-1.,0.000000001,0.000000006));
#434=VECTOR('',#433,1.565);
#435=LINE('',#432,#434);
#436=EDGE_CURVE('',#423,#431,#435,.T.);
#437=ORIENTED_EDGE('',*,*,#436,.T.);
#438=CARTESIAN_POINT('',(118.725005584,34.901363207,2.699999952));
#439=VERTEX_POINT('',#438);
#440=CARTESIAN_POINT('',(118.725005587,37.101363207,2.699999952));
#441=DIRECTION('',(-0.000000001,-1.,0.));
#442=VECTOR('',#441,2.2);
#443=LINE('',#440,#442);
#444=EDGE_CURVE('',#431,#439,#443,.T.);
#445=ORIENTED_EDGE('',*,*,#444,.T.);
#446=CARTESIAN_POINT('',(120.290005584,34.901363206,2.699999943));
#447=VERTEX_POINT('',#446);
#448=CARTESIAN_POINT('',(118.725005584,34.901363207,2.699999952));
#449=DIRECTION('',(1.,-0.000000001,-0.000000006));
#450=VECTOR('',#449,1.565);
#451=LINE('',#448,#450);
#452=EDGE_CURVE('',#439,#447,#451,.T.);
#453=ORIENTED_EDGE('',*,*,#452,.T.);
#454=CARTESIAN_POINT('',(120.290005578,28.502086414,2.699999943));
#455=VERTEX_POINT('',#454);
#456=CARTESIAN_POINT('',(120.290005584,34.901363206,2.699999943));
#457=DIRECTION('',(-0.000000001,-1.,0.));
#458=VECTOR('',#457,6.399276792);
#459=LINE('',#456,#458);
#460=EDGE_CURVE('',#447,#455,#459,.T.);
#461=ORIENTED_EDGE('',*,*,#460,.T.);
#462=CARTESIAN_POINT('',(118.225005578,28.502086421,2.699999955));
#463=VERTEX_POINT('',#462);
#464=CARTESIAN_POINT('',(120.290005578,28.502086414,2.699999943));
#465=DIRECTION('',(-1.,0.000000001,0.000000006));
#466=VECTOR('',#465,2.065);
#467=LINE('',#464,#466);
#468=EDGE_CURVE('',#455,#463,#467,.T.);
#469=ORIENTED_EDGE('',*,*,#468,.T.);
#470=CARTESIAN_POINT('',(118.225005578,28.502086421,2.699999955));
#471=DIRECTION('',(0.000000001,1.,-0.));
#472=VECTOR('',#471,15.402079483);
#473=LINE('',#470,#472);
#474=EDGE_CURVE('',#463,#415,#473,.T.);
#475=ORIENTED_EDGE('',*,*,#474,.T.);
#476=EDGE_LOOP('',(#421,#429,#437,#445,#453,#461,#469,#475));
#477=FACE_BOUND('',#476,.T.);
#478=ADVANCED_FACE('',(#477),#411,.T.);
#479=CARTESIAN_POINT('',(21.385005599,34.388863301,5.231489197));
#480=DIRECTION('',(0.000000005,-0.381705941,0.924283817));
#481=DIRECTION('',(-0.,-0.924283817,-0.381705941));
#482=AXIS2_PLACEMENT_3D('',#479,#480,#481);
#483=PLANE('',#482);
#484=CARTESIAN_POINT('',(21.260005596,33.551363301,4.885622788));
#485=VERTEX_POINT('',#484);
#486=CARTESIAN_POINT('',(21.260005603,35.401363302,5.649626201));
#487=VERTEX_POINT('',#486);
#488=CARTESIAN_POINT('',(21.260005596,33.551363301,4.885622788));
#489=DIRECTION('',(0.000000003,0.924283817,0.381705941));
#490=VECTOR('',#489,2.001549705);
#491=LINE('',#488,#490);
#492=EDGE_CURVE('',#485,#487,#491,.T.);
#493=ORIENTED_EDGE('',*,*,#492,.F.);
#494=CARTESIAN_POINT('',(20.060005596,33.551363298,4.885622793));
#495=VERTEX_POINT('',#494);
#496=CARTESIAN_POINT('',(21.260005596,33.551363301,4.885622788));
#497=DIRECTION('',(-1.,-0.000000002,0.000000005));
#498=VECTOR('',#497,1.2);
#499=LINE('',#496,#498);
#500=EDGE_CURVE('',#485,#495,#499,.T.);
#501=ORIENTED_EDGE('',*,*,#500,.T.);
#502=CARTESIAN_POINT('',(20.060005603,35.401363303,5.649626208));
#503=VERTEX_POINT('',#502);
#504=CARTESIAN_POINT('',(20.060005596,33.551363298,4.885622793));
#505=DIRECTION('',(0.000000003,0.924283817,0.381705941));
#506=VECTOR('',#505,2.001549708);
#507=LINE('',#504,#506);
#508=EDGE_CURVE('',#495,#503,#507,.T.);
#509=ORIENTED_EDGE('',*,*,#508,.T.);
#510=CARTESIAN_POINT('',(21.260005603,35.401363302,5.649626201));
#511=DIRECTION('',(-1.,0.000000001,0.000000006));
#512=VECTOR('',#511,1.2);
#513=LINE('',#510,#512);
#514=EDGE_CURVE('',#487,#503,#513,.T.);
#515=ORIENTED_EDGE('',*,*,#514,.F.);
#516=EDGE_LOOP('',(#493,#501,#509,#515));
#517=FACE_BOUND('',#516,.T.);
#518=ADVANCED_FACE('',(#517),#483,.F.);
#519=CARTESIAN_POINT('',(21.025005591,33.551363302,4.100000517));
#520=DIRECTION('',(0.000000001,1.,-0.));
#521=DIRECTION('',(0.000000006,-0.,1.));
#522=AXIS2_PLACEMENT_3D('',#519,#520,#521);
#523=PLANE('',#522);
#524=CARTESIAN_POINT('',(19.560005583,33.551363303,2.700000534));
#525=VERTEX_POINT('',#524);
#526=CARTESIAN_POINT('',(15.699600821,33.551363307,2.700000553));
#527=VERTEX_POINT('',#526);
#528=CARTESIAN_POINT('',(19.560005583,33.551363303,2.700000534));
#529=DIRECTION('',(-1.,0.000000001,0.000000006));
#530=VECTOR('',#529,3.860404762);
#531=LINE('',#528,#530);
#532=EDGE_CURVE('',#525,#527,#531,.T.);
#533=ORIENTED_EDGE('',*,*,#532,.F.);
#534=CARTESIAN_POINT('',(20.060005586,33.551363303,3.200000531));
#535=VERTEX_POINT('',#534);
#536=CARTESIAN_POINT('',(19.560005586,33.551363303,3.200000534));
#537=DIRECTION('',(-0.000000001,-1.,-0.));
#538=DIRECTION('',(-1.,0.000000001,0.));
#539=AXIS2_PLACEMENT_3D('',#536,#537,#538);
#540=CIRCLE('',#539,0.5);
#541=EDGE_CURVE('',#525,#535,#540,.T.);
#542=ORIENTED_EDGE('',*,*,#541,.T.);
#543=CARTESIAN_POINT('',(20.060005596,33.551363303,4.885622793));
#544=DIRECTION('',(-0.000000006,0.,-1.));
#545=VECTOR('',#544,1.685622262);
#546=LINE('',#543,#545);
#547=EDGE_CURVE('',#495,#535,#546,.T.);
#548=ORIENTED_EDGE('',*,*,#547,.F.);
#549=ORIENTED_EDGE('',*,*,#500,.F.);
#550=CARTESIAN_POINT('',(21.260005607,33.551363302,6.686395784));
#551=VERTEX_POINT('',#550);
#552=CARTESIAN_POINT('',(21.260005607,33.551363302,6.686395784));
#553=DIRECTION('',(-0.000000006,0.,-1.));
#554=VECTOR('',#553,1.800772997);
#555=LINE('',#552,#554);
#556=EDGE_CURVE('',#551,#485,#555,.T.);
#557=ORIENTED_EDGE('',*,*,#556,.F.);
#558=CARTESIAN_POINT('',(20.485005606,33.551363303,6.686395788));
#559=VERTEX_POINT('',#558);
#560=CARTESIAN_POINT('',(21.260005607,33.551363302,6.686395784));
#561=DIRECTION('',(-1.,0.000000001,0.000000006));
#562=VECTOR('',#561,0.775000001);
#563=LINE('',#560,#562);
#564=EDGE_CURVE('',#551,#559,#563,.T.);
#565=ORIENTED_EDGE('',*,*,#564,.T.);
#566=CARTESIAN_POINT('',(16.206868743,33.551363306,6.686395801));
#567=VERTEX_POINT('',#566);
#568=CARTESIAN_POINT('',(16.206868743,33.551363307,6.686395801));
#569=DIRECTION('',(1.,-0.000000001,-0.000000003));
#570=VECTOR('',#569,4.278136863);
#571=LINE('',#568,#570);
#572=EDGE_CURVE('',#567,#559,#571,.T.);
#573=ORIENTED_EDGE('',*,*,#572,.F.);
#574=CARTESIAN_POINT('',(16.206868743,33.551363307,6.686395801));
#575=DIRECTION('',(-0.12623188,0.,-0.992000762));
#576=VECTOR('',#575,4.018540509);
#577=LINE('',#574,#576);
#578=EDGE_CURVE('',#567,#527,#577,.T.);
#579=ORIENTED_EDGE('',*,*,#578,.T.);
#580=EDGE_LOOP('',(#533,#542,#548,#549,#557,#565,#573,#579));
#581=FACE_BOUND('',#580,.T.);
#582=ADVANCED_FACE('',(#581),#523,.F.);
#583=CARTESIAN_POINT('',(21.385005603,30.551363301,6.686395783));
#584=DIRECTION('',(-1.,0.000000001,0.000000006));
#585=DIRECTION('',(0.000000006,0.,1.));
#586=AXIS2_PLACEMENT_3D('',#583,#584,#585);
#587=CYLINDRICAL_SURFACE('',#586,3.);
#588=ORIENTED_EDGE('',*,*,#564,.F.);
#589=CARTESIAN_POINT('',(21.260005622,31.059678232,9.643018169));
#590=VERTEX_POINT('',#589);
#591=CARTESIAN_POINT('',(21.260005604,30.551363301,6.686395784));
#592=DIRECTION('',(1.,-0.000000001,-0.000000006));
#593=DIRECTION('',(0.000000006,0.,1.));
#594=AXIS2_PLACEMENT_3D('',#591,#592,#593);
#595=CIRCLE('',#594,3.);
#596=EDGE_CURVE('',#551,#590,#595,.T.);
#597=ORIENTED_EDGE('',*,*,#596,.T.);
#598=CARTESIAN_POINT('',(20.485005615,31.059678233,9.643018174));
#599=VERTEX_POINT('',#598);
#600=CARTESIAN_POINT('',(21.260005622,31.059678232,9.643018169));
#601=DIRECTION('',(-1.,0.000000001,0.000000006));
#602=VECTOR('',#601,0.775000008);
#603=LINE('',#600,#602);
#604=EDGE_CURVE('',#590,#599,#603,.T.);
#605=ORIENTED_EDGE('',*,*,#604,.T.);
#606=CARTESIAN_POINT('',(20.485005603,30.551363303,6.686395789));
#607=DIRECTION('',(1.,-0.000000001,-0.000000003));
#608=DIRECTION('',(0.000000003,0.,1.));
#609=AXIS2_PLACEMENT_3D('',#606,#607,#608);
#610=CIRCLE('',#609,3.);
#611=EDGE_CURVE('',#559,#599,#610,.T.);
#612=ORIENTED_EDGE('',*,*,#611,.F.);
#613=EDGE_LOOP('',(#588,#597,#605,#612));
#614=FACE_BOUND('',#613,.T.);
#615=ADVANCED_FACE('',(#614),#587,.F.);
#616=CARTESIAN_POINT('',(21.260005594,36.001363301,4.100000515));
#617=DIRECTION('',(-1.,0.000000001,0.000000006));
#618=DIRECTION('',(0.000000001,1.,0.));
#619=AXIS2_PLACEMENT_3D('',#616,#617,#618);
#620=PLANE('',#619);
#621=CARTESIAN_POINT('',(21.260005622,43.688523222,7.55668892));
#622=VERTEX_POINT('',#621);
#623=CARTESIAN_POINT('',(21.260005596,43.881965376,3.200000524));
#624=VERTEX_POINT('',#623);
#625=CARTESIAN_POINT('',(21.260005622,43.688523222,7.55668892));
#626=DIRECTION('',(-0.000000006,0.044357488,-0.999015722));
#627=VECTOR('',#626,4.360980813);
#628=LINE('',#625,#627);
#629=EDGE_CURVE('',#622,#624,#628,.T.);
#630=ORIENTED_EDGE('',*,*,#629,.T.);
#631=CARTESIAN_POINT('',(21.260005589,36.601363302,3.200000524));
#632=VERTEX_POINT('',#631);
#633=CARTESIAN_POINT('',(21.260005596,43.881965376,3.200000524));
#634=DIRECTION('',(-0.000000001,-1.,0.));
#635=VECTOR('',#634,7.280602075);
#636=LINE('',#633,#635);
#637=EDGE_CURVE('',#624,#632,#636,.T.);
#638=ORIENTED_EDGE('',*,*,#637,.T.);
#639=CARTESIAN_POINT('',(21.260005603,36.601363302,5.508212552));
#640=VERTEX_POINT('',#639);
#641=CARTESIAN_POINT('',(21.260005603,36.601363302,5.508212552));
#642=DIRECTION('',(-0.000000006,0.,-1.));
#643=VECTOR('',#642,2.308212028);
#644=LINE('',#641,#643);
#645=EDGE_CURVE('',#640,#632,#644,.T.);
#646=ORIENTED_EDGE('',*,*,#645,.F.);
#647=CARTESIAN_POINT('',(21.260005601,38.451363302,4.885622787));
#648=VERTEX_POINT('',#647);
#649=CARTESIAN_POINT('',(21.260005601,38.451363302,4.885622787));
#650=DIRECTION('',(0.000000001,-0.947769033,0.318957459));
#651=VECTOR('',#650,1.95195236);
#652=LINE('',#649,#651);
#653=EDGE_CURVE('',#648,#640,#652,.T.);
#654=ORIENTED_EDGE('',*,*,#653,.F.);
#655=CARTESIAN_POINT('',(21.260005622,41.940360166,7.845500536));
#656=VERTEX_POINT('',#655);
#657=CARTESIAN_POINT('',(21.260005604,41.451363302,4.885621811));
#658=DIRECTION('',(-1.,0.000000001,0.000000006));
#659=DIRECTION('',(0.000000006,0.,1.));
#660=AXIS2_PLACEMENT_3D('',#657,#658,#659);
#661=CIRCLE('',#660,3.);
#662=EDGE_CURVE('',#648,#656,#661,.T.);
#663=ORIENTED_EDGE('',*,*,#662,.T.);
#664=CARTESIAN_POINT('',(21.260005622,41.940360166,7.845500536));
#665=DIRECTION('',(0.,0.986626208,-0.162999156));
#666=VECTOR('',#665,1.771859538);
#667=LINE('',#664,#666);
#668=EDGE_CURVE('',#656,#622,#667,.T.);
#669=ORIENTED_EDGE('',*,*,#668,.T.);
#670=EDGE_LOOP('',(#630,#638,#646,#654,#663,#669));
#671=FACE_BOUND('',#670,.T.);
#672=ADVANCED_FACE('',(#671),#620,.T.);
#673=CARTESIAN_POINT('',(139.550005735,41.451363183,4.885621471));
#674=DIRECTION('',(1.,-0.000000001,-0.000000003));
#675=DIRECTION('',(-0.000000003,0.,-1.));
#676=AXIS2_PLACEMENT_3D('',#673,#674,#675);
#677=CYLINDRICAL_SURFACE('',#676,3.);
#678=CARTESIAN_POINT('',(16.747597637,41.940360774,7.845500448));
#679=VERTEX_POINT('',#678);
#680=CARTESIAN_POINT('',(21.260005622,41.94036077,7.845500437));
#681=DIRECTION('',(-1.,0.000000001,0.000000003));
#682=VECTOR('',#681,4.512407986);
#683=LINE('',#680,#682);
#684=EDGE_CURVE('',#656,#679,#683,.T.);
#685=ORIENTED_EDGE('',*,*,#684,.F.);
#686=ORIENTED_EDGE('',*,*,#662,.F.);
#687=CARTESIAN_POINT('',(20.060005601,38.451363303,4.885622795));
#688=VERTEX_POINT('',#687);
#689=CARTESIAN_POINT('',(21.260005601,38.451363302,4.885622787));
#690=CARTESIAN_POINT('',(20.860005601,38.451363302,4.88562279));
#691=CARTESIAN_POINT('',(20.460005601,38.451363303,4.885622792));
#692=CARTESIAN_POINT('',(20.060005601,38.451363303,4.885622795));
#693=B_SPLINE_CURVE_WITH_KNOTS('',3,(#689,#690,#691,#692),.UNSPECIFIED.,.F.,.F.,(4,4),(524.286,524.2872),.UNSPECIFIED.);
#694=EDGE_CURVE('',#648,#688,#693,.T.);
#695=ORIENTED_EDGE('',*,*,#694,.T.);
#696=CARTESIAN_POINT('',(16.207407461,38.451363307,4.885621826));
#697=VERTEX_POINT('',#696);
#698=CARTESIAN_POINT('',(20.060005601,38.451363303,4.885621815));
#699=DIRECTION('',(-1.,0.000000001,0.000000003));
#700=VECTOR('',#699,3.85259814);
#701=LINE('',#698,#700);
#702=EDGE_CURVE('',#688,#697,#701,.T.);
#703=ORIENTED_EDGE('',*,*,#702,.T.);
#704=CARTESIAN_POINT('',(16.348032042,41.451363307,4.885621825));
#705=DIRECTION('',(-0.990930026,0.046449706,0.126095629));
#706=DIRECTION('',(0.134378878,0.342527108,0.929848104));
#707=AXIS2_PLACEMENT_3D('',#704,#705,#706);
#708=ELLIPSE('',#707,3.027458972,3.);
#709=EDGE_CURVE('',#697,#679,#708,.T.);
#710=ORIENTED_EDGE('',*,*,#709,.T.);
#711=EDGE_LOOP('',(#685,#686,#695,#703,#710));
#712=FACE_BOUND('',#711,.T.);
#713=ADVANCED_FACE('',(#712),#677,.F.);
#714=CARTESIAN_POINT('',(139.550005723,2.37600926,14.38187206));
#715=DIRECTION('',(0.000000003,0.162999156,0.986626208));
#716=DIRECTION('',(1.,-0.,-0.000000003));
#717=AXIS2_PLACEMENT_3D('',#714,#715,#716);
#718=PLANE('',#717);
#719=ORIENTED_EDGE('',*,*,#668,.F.);
#720=ORIENTED_EDGE('',*,*,#684,.T.);
#721=CARTESIAN_POINT('',(16.792791304,43.688523226,7.556688943));
#722=VERTEX_POINT('',#721);
#723=CARTESIAN_POINT('',(16.792791305,43.688523225,7.556688939));
#724=DIRECTION('',(-0.025498065,-0.986305428,0.16294616));
#725=VECTOR('',#724,1.772435192);
#726=LINE('',#723,#725);
#727=EDGE_CURVE('',#722,#679,#726,.T.);
#728=ORIENTED_EDGE('',*,*,#727,.F.);
#729=CARTESIAN_POINT('',(21.260005622,43.688523222,7.55668892));
#730=DIRECTION('',(-1.,0.000000001,0.000000006));
#731=VECTOR('',#730,4.467214319);
#732=LINE('',#729,#731);
#733=EDGE_CURVE('',#622,#722,#732,.T.);
#734=ORIENTED_EDGE('',*,*,#733,.F.);
#735=EDGE_LOOP('',(#719,#720,#728,#734));
#736=FACE_BOUND('',#735,.T.);
#737=ADVANCED_FACE('',(#736),#718,.F.);
#738=CARTESIAN_POINT('',(139.550005651,24.220829415,-8.922200291));
#739=DIRECTION('',(0.000000001,-0.938358993,0.345662263));
#740=DIRECTION('',(-1.,0.000000001,0.000000006));
#741=AXIS2_PLACEMENT_3D('',#738,#739,#740);
#742=PLANE('',#741);
#743=CARTESIAN_POINT('',(82.776101275,30.493200636,8.105218197));
#744=VERTEX_POINT('',#743);
#745=CARTESIAN_POINT('',(82.275003596,30.531785246,8.209962676));
#746=VERTEX_POINT('',#745);
#747=CARTESIAN_POINT('',(82.776101249,30.493200648,8.105218207));
#748=CARTESIAN_POINT('',(82.620738925,30.518329296,8.173434194));
#749=CARTESIAN_POINT('',(82.4459871,30.531785216,8.209962577));
#750=CARTESIAN_POINT('',(82.275003596,30.531785251,8.209962674));
#751=B_SPLINE_CURVE_WITH_KNOTS('',3,(#747,#748,#749,#750),.UNSPECIFIED.,.F.,.F.,(4,4),(155.317979093,179.999966164),.UNSPECIFIED.);
#752=EDGE_CURVE('',#744,#746,#751,.T.);
#753=ORIENTED_EDGE('',*,*,#752,.F.);
#754=CARTESIAN_POINT('',(108.975002883,30.493200612,8.105218052));
#755=VERTEX_POINT('',#754);
#756=CARTESIAN_POINT('',(108.975002883,30.493200618,8.105218088));
#757=DIRECTION('',(-1.,0.000000001,0.000000006));
#758=VECTOR('',#757,26.198901608);
#759=LINE('',#756,#758);
#760=EDGE_CURVE('',#755,#744,#759,.T.);
#761=ORIENTED_EDGE('',*,*,#760,.F.);
#762=CARTESIAN_POINT('',(108.975002867,29.827897907,6.299140704));
#763=VERTEX_POINT('',#762);
#764=CARTESIAN_POINT('',(108.975002882,30.493200618,8.105218049));
#765=DIRECTION('',(-0.000000006,-0.345662263,-0.938358993));
#766=VECTOR('',#765,1.92471896);
#767=LINE('',#764,#766);
#768=EDGE_CURVE('',#755,#763,#767,.T.);
#769=ORIENTED_EDGE('',*,*,#768,.T.);
#770=CARTESIAN_POINT('',(114.590005605,29.827897899,6.29914068));
#771=VERTEX_POINT('',#770);
#772=CARTESIAN_POINT('',(108.975002867,29.827897907,6.299140704));
#773=DIRECTION('',(1.,-0.000000001,-0.000000006));
#774=VECTOR('',#773,5.615002738);
#775=LINE('',#772,#774);
#776=EDGE_CURVE('',#763,#771,#775,.T.);
#777=ORIENTED_EDGE('',*,*,#776,.T.);
#778=CARTESIAN_POINT('',(114.590005618,31.411644423,10.598489944));
#779=VERTEX_POINT('',#778);
#780=CARTESIAN_POINT('',(114.590005618,31.411644423,10.598489944));
#781=DIRECTION('',(-0.000000003,-0.345662263,-0.938358993));
#782=VECTOR('',#781,4.581774454);
#783=LINE('',#780,#782);
#784=EDGE_CURVE('',#779,#771,#783,.T.);
#785=ORIENTED_EDGE('',*,*,#784,.F.);
#786=CARTESIAN_POINT('',(118.225005627,31.411644423,10.598489922));
#787=VERTEX_POINT('',#786);
#788=CARTESIAN_POINT('',(118.225005627,31.411644419,10.598489923));
#789=DIRECTION('',(-1.,0.000000001,0.000000006));
#790=VECTOR('',#789,3.635000009);
#791=LINE('',#788,#790);
#792=EDGE_CURVE('',#787,#779,#791,.T.);
#793=ORIENTED_EDGE('',*,*,#792,.F.);
#794=CARTESIAN_POINT('',(118.225005627,31.411644426,10.598489921));
#795=DIRECTION('',(-0.000000006,-0.345662263,-0.938358993));
#796=VECTOR('',#795,8.417343496);
#797=LINE('',#794,#796);
#798=EDGE_CURVE('',#787,#463,#797,.T.);
#799=ORIENTED_EDGE('',*,*,#798,.T.);
#800=ORIENTED_EDGE('',*,*,#468,.F.);
#801=CARTESIAN_POINT('',(120.790005581,28.686270868,3.19999994));
#802=VERTEX_POINT('',#801);
#803=CARTESIAN_POINT('',(120.290005581,28.686270869,3.199999943));
#804=DIRECTION('',(0.000000001,-0.938358993,0.345662263));
#805=DIRECTION('',(0.000000006,0.345662263,0.938358993));
#806=AXIS2_PLACEMENT_3D('',#803,#804,#805);
#807=ELLIPSE('',#806,0.532845109,0.5);
#808=EDGE_CURVE('',#455,#802,#807,.T.);
#809=ORIENTED_EDGE('',*,*,#808,.T.);
#810=CARTESIAN_POINT('',(120.790005622,31.059678247,9.643017869));
#811=VERTEX_POINT('',#810);
#812=CARTESIAN_POINT('',(120.790005622,31.059678247,9.643017869));
#813=DIRECTION('',(-0.000000006,-0.345662263,-0.938358993));
#814=VECTOR('',#813,6.866261183);
#815=LINE('',#812,#814);
#816=EDGE_CURVE('',#811,#802,#815,.T.);
#817=ORIENTED_EDGE('',*,*,#816,.F.);
#818=CARTESIAN_POINT('',(121.565005622,31.059678244,9.643017866));
#819=VERTEX_POINT('',#818);
#820=CARTESIAN_POINT('',(120.790005622,31.059678247,9.643017869));
#821=DIRECTION('',(1.,-0.000000001,-0.000000006));
#822=VECTOR('',#821,0.775);
#823=LINE('',#820,#822);
#824=EDGE_CURVE('',#811,#819,#823,.T.);
#825=ORIENTED_EDGE('',*,*,#824,.T.);
#826=CARTESIAN_POINT('',(125.583710291,31.059678244,9.643017854));
#827=VERTEX_POINT('',#826);
#828=CARTESIAN_POINT('',(125.583710291,31.059678241,9.643017854));
#829=DIRECTION('',(-1.,0.000000001,0.000000003));
#830=VECTOR('',#829,4.018704669);
#831=LINE('',#828,#830);
#832=EDGE_CURVE('',#827,#819,#831,.T.);
#833=ORIENTED_EDGE('',*,*,#832,.F.);
#834=CARTESIAN_POINT('',(126.977290397,27.507490402,-0.000000106));
#835=VERTEX_POINT('',#834);
#836=CARTESIAN_POINT('',(125.583710292,31.059678246,9.643017853));
#837=DIRECTION('',(0.134378866,-0.342527116,-0.929848103));
#838=VECTOR('',#837,10.370530331);
#839=LINE('',#836,#838);
#840=EDGE_CURVE('',#827,#835,#839,.T.);
#841=ORIENTED_EDGE('',*,*,#840,.T.);
#842=CARTESIAN_POINT('',(15.072720722,27.507490518,0.000000554));
#843=VERTEX_POINT('',#842);
#844=CARTESIAN_POINT('',(126.977290397,27.507490402,-0.000000106));
#845=DIRECTION('',(-1.,0.000000001,0.000000006));
#846=VECTOR('',#845,111.904569674);
#847=LINE('',#844,#846);
#848=EDGE_CURVE('',#835,#843,#847,.T.);
#849=ORIENTED_EDGE('',*,*,#848,.T.);
#850=CARTESIAN_POINT('',(16.466300907,31.059678234,9.643018186));
#851=VERTEX_POINT('',#850);
#852=CARTESIAN_POINT('',(16.466300907,31.059678233,9.643018187));
#853=DIRECTION('',(-0.134378878,-0.342527115,-0.929848102));
#854=VECTOR('',#853,10.370529994);
#855=LINE('',#852,#854);
#856=EDGE_CURVE('',#851,#843,#855,.T.);
#857=ORIENTED_EDGE('',*,*,#856,.F.);
#858=CARTESIAN_POINT('',(20.485005615,31.059678233,9.643018174));
#859=DIRECTION('',(-1.,0.000000001,0.000000003));
#860=VECTOR('',#859,4.018704707);
#861=LINE('',#858,#860);
#862=EDGE_CURVE('',#599,#851,#861,.T.);
#863=ORIENTED_EDGE('',*,*,#862,.F.);
#864=ORIENTED_EDGE('',*,*,#604,.F.);
#865=CARTESIAN_POINT('',(21.260005581,28.686270977,3.200000524));
#866=VERTEX_POINT('',#865);
#867=CARTESIAN_POINT('',(21.260005581,28.686270977,3.200000524));
#868=DIRECTION('',(0.000000006,0.345662263,0.938358993));
#869=VECTOR('',#868,6.866260873);
#870=LINE('',#867,#869);
#871=EDGE_CURVE('',#866,#590,#870,.T.);
#872=ORIENTED_EDGE('',*,*,#871,.F.);
#873=CARTESIAN_POINT('',(21.760005578,28.50208651,2.700000521));
#874=VERTEX_POINT('',#873);
#875=CARTESIAN_POINT('',(21.760005581,28.686270977,3.200000521));
#876=DIRECTION('',(0.000000001,-0.938358993,0.345662263));
#877=DIRECTION('',(0.000000006,0.345662263,0.938358993));
#878=AXIS2_PLACEMENT_3D('',#875,#876,#877);
#879=ELLIPSE('',#878,0.532845109,0.5);
#880=EDGE_CURVE('',#866,#874,#879,.T.);
#881=ORIENTED_EDGE('',*,*,#880,.T.);
#882=CARTESIAN_POINT('',(23.825005578,28.502086518,2.700000508));
#883=VERTEX_POINT('',#882);
#884=CARTESIAN_POINT('',(23.825005578,28.502086508,2.700000508));
#885=DIRECTION('',(-1.,0.000000001,0.000000006));
#886=VECTOR('',#885,2.065);
#887=LINE('',#884,#886);
#888=EDGE_CURVE('',#883,#874,#887,.T.);
#889=ORIENTED_EDGE('',*,*,#888,.F.);
#890=CARTESIAN_POINT('',(23.825005622,31.059700763,9.643079271));
#891=VERTEX_POINT('',#890);
#892=CARTESIAN_POINT('',(23.825005578,28.502086527,2.700000505));
#893=DIRECTION('',(0.000000006,0.345662263,0.938358993));
#894=VECTOR('',#893,7.399171124);
#895=LINE('',#892,#894);
#896=EDGE_CURVE('',#883,#891,#895,.T.);
#897=ORIENTED_EDGE('',*,*,#896,.T.);
#898=CARTESIAN_POINT('',(67.72500562,31.059687932,9.643048839));
#899=VERTEX_POINT('',#898);
#900=CARTESIAN_POINT('',(23.825005622,31.059700763,9.643079272));
#901=DIRECTION('',(1.,-0.,-0.000000003));
#902=VECTOR('',#901,43.899999997);
#903=LINE('',#900,#902);
#904=EDGE_CURVE('',#891,#899,#903,.T.);
#905=ORIENTED_EDGE('',*,*,#904,.T.);
#906=CARTESIAN_POINT('',(74.32500562,31.05968793,9.643048819));
#907=VERTEX_POINT('',#906);
#908=CARTESIAN_POINT('',(67.72500562,31.059678253,9.643018038));
#909=DIRECTION('',(1.,-0.,-0.000000003));
#910=VECTOR('',#909,6.6);
#911=LINE('',#908,#910);
#912=EDGE_CURVE('',#899,#907,#911,.T.);
#913=ORIENTED_EDGE('',*,*,#912,.T.);
#914=CARTESIAN_POINT('',(80.475002891,31.05970076,9.6430791));
#915=VERTEX_POINT('',#914);
#916=CARTESIAN_POINT('',(74.32500562,31.05970076,9.643079119));
#917=DIRECTION('',(1.,-0.,-0.000000003));
#918=VECTOR('',#917,6.149997272);
#919=LINE('',#916,#918);
#920=EDGE_CURVE('',#907,#915,#919,.T.);
#921=ORIENTED_EDGE('',*,*,#920,.T.);
#922=CARTESIAN_POINT('',(80.475002885,30.531785247,8.209962683));
#923=VERTEX_POINT('',#922);
#924=CARTESIAN_POINT('',(80.475002888,31.05970076,9.6430791));
#925=DIRECTION('',(-0.000000006,-0.345662263,-0.938358993));
#926=VECTOR('',#925,1.527258149);
#927=LINE('',#924,#926);
#928=EDGE_CURVE('',#915,#923,#927,.T.);
#929=ORIENTED_EDGE('',*,*,#928,.T.);
#930=CARTESIAN_POINT('',(82.275003596,30.531785241,8.209962679));
#931=DIRECTION('',(-1.,0.,0.000000003));
#932=VECTOR('',#931,1.800000711);
#933=LINE('',#930,#932);
#934=EDGE_CURVE('',#746,#923,#933,.T.);
#935=ORIENTED_EDGE('',*,*,#934,.F.);
#936=EDGE_LOOP('',(#753,#761,#769,#777,#785,#793,#799,#800,#809,#817,#825,#833,#841,#849,#857,#863,#864,#872,#881,#889,#897,#905,#913,#921,#929,#935));
#937=FACE_BOUND('',#936,.T.);
#938=CARTESIAN_POINT('',(69.537505572,28.133717579,1.700000241));
#939=VERTEX_POINT('',#938);
#940=CARTESIAN_POINT('',(69.537505575,28.317902028,2.20000023));
#941=VERTEX_POINT('',#940);
#942=CARTESIAN_POINT('',(69.537505572,28.133717585,1.700000239));
#943=DIRECTION('',(0.000000006,0.345662263,0.938358993));
#944=VECTOR('',#943,0.5328451);
#945=LINE('',#942,#944);
#946=EDGE_CURVE('',#939,#941,#945,.T.);
#947=ORIENTED_EDGE('',*,*,#946,.T.);
#948=CARTESIAN_POINT('',(68.537505575,28.317902022,2.200000242));
#949=VERTEX_POINT('',#948);
#950=CARTESIAN_POINT('',(69.537505575,28.317902028,2.200000228));
#951=DIRECTION('',(-1.,0.000000001,0.000000006));
#952=VECTOR('',#951,1.);
#953=LINE('',#950,#952);
#954=EDGE_CURVE('',#941,#949,#953,.T.);
#955=ORIENTED_EDGE('',*,*,#954,.T.);
#956=CARTESIAN_POINT('',(68.537505572,28.133717573,1.700000242));
#957=VERTEX_POINT('',#956);
#958=CARTESIAN_POINT('',(68.537505572,28.133717573,1.700000242));
#959=DIRECTION('',(0.000000006,0.345662263,0.938358993));
#960=VECTOR('',#959,0.53284511);
#961=LINE('',#958,#960);
#962=EDGE_CURVE('',#957,#949,#961,.T.);
#963=ORIENTED_EDGE('',*,*,#962,.F.);
#964=CARTESIAN_POINT('',(69.537505572,28.133717571,1.700000241));
#965=DIRECTION('',(-1.,0.000000001,0.000000006));
#966=VECTOR('',#965,1.);
#967=LINE('',#964,#966);
#968=EDGE_CURVE('',#939,#957,#967,.T.);
#969=ORIENTED_EDGE('',*,*,#968,.F.);
#970=EDGE_LOOP('',(#947,#955,#963,#969));
#971=FACE_BOUND('',#970,.T.);
#972=CARTESIAN_POINT('',(73.551674033,28.133717574,1.700000217));
#973=VERTEX_POINT('',#972);
#974=CARTESIAN_POINT('',(73.550974824,28.317902024,2.200000206));
#975=VERTEX_POINT('',#974);
#976=CARTESIAN_POINT('',(73.551674033,28.133717581,1.700000215));
#977=DIRECTION('',(-0.001312217,0.345661965,0.938358185));
#978=VECTOR('',#977,0.532845559);
#979=LINE('',#976,#978);
#980=EDGE_CURVE('',#973,#975,#979,.T.);
#981=ORIENTED_EDGE('',*,*,#980,.T.);
#982=CARTESIAN_POINT('',(72.512505575,28.317902018,2.200000218));
#983=VERTEX_POINT('',#982);
#984=CARTESIAN_POINT('',(73.550974824,28.317902023,2.200000204));
#985=DIRECTION('',(-1.,0.000000001,0.000000006));
#986=VECTOR('',#985,1.038469249);
#987=LINE('',#984,#986);
#988=EDGE_CURVE('',#975,#983,#987,.T.);
#989=ORIENTED_EDGE('',*,*,#988,.T.);
#990=CARTESIAN_POINT('',(72.512505572,28.133717569,1.700000218));
#991=VERTEX_POINT('',#990);
#992=CARTESIAN_POINT('',(72.512505572,28.133717569,1.700000218));
#993=DIRECTION('',(0.000000006,0.345662263,0.938358993));
#994=VECTOR('',#993,0.53284511);
#995=LINE('',#992,#994);
#996=EDGE_CURVE('',#991,#983,#995,.T.);
#997=ORIENTED_EDGE('',*,*,#996,.F.);
#998=CARTESIAN_POINT('',(73.551674033,28.133717567,1.700000217));
#999=DIRECTION('',(-1.,0.000000001,0.000000006));
#1000=VECTOR('',#999,1.039168461);
#1001=LINE('',#998,#1000);
#1002=EDGE_CURVE('',#973,#991,#1001,.T.);
#1003=ORIENTED_EDGE('',*,*,#1002,.F.);
#1004=EDGE_LOOP('',(#981,#989,#997,#1003));
#1005=FACE_BOUND('',#1004,.T.);
#1006=ADVANCED_FACE('',(#937,#971,#1005),#742,.F.);
#1007=CARTESIAN_POINT('',(139.550005723,2.37600926,14.38187206));
#1008=DIRECTION('',(0.000000003,0.162999156,0.986626208));
#1009=DIRECTION('',(1.,-0.,-0.000000003));
#1010=AXIS2_PLACEMENT_3D('',#1007,#1008,#1009);
#1011=PLANE('',#1010);
#1012=CARTESIAN_POINT('',(22.825005622,36.6013633,8.727548844));
#1013=VERTEX_POINT('',#1012);
#1014=CARTESIAN_POINT('',(18.495005622,36.601363305,8.727548856));
#1015=VERTEX_POINT('',#1014);
#1016=CARTESIAN_POINT('',(22.825005622,36.6013633,8.727548845));
#1017=DIRECTION('',(-1.,0.000000001,0.000000003));
#1018=VECTOR('',#1017,4.33);
#1019=LINE('',#1016,#1018);
#1020=EDGE_CURVE('',#1013,#1015,#1019,.T.);
#1021=ORIENTED_EDGE('',*,*,#1020,.F.);
#1022=CARTESIAN_POINT('',(22.825005622,35.4013633,8.925799189));
#1023=VERTEX_POINT('',#1022);
#1024=CARTESIAN_POINT('',(22.825005622,35.4013633,8.925799189));
#1025=DIRECTION('',(0.,0.986626208,-0.162999156));
#1026=VECTOR('',#1025,1.216266089);
#1027=LINE('',#1024,#1026);
#1028=EDGE_CURVE('',#1023,#1013,#1027,.T.);
#1029=ORIENTED_EDGE('',*,*,#1028,.F.);
#1030=CARTESIAN_POINT('',(18.495005622,35.401363305,8.925799202));
#1031=VERTEX_POINT('',#1030);
#1032=CARTESIAN_POINT('',(18.495005622,35.401363305,8.925799204));
#1033=DIRECTION('',(1.,-0.000000001,-0.000000003));
#1034=VECTOR('',#1033,4.33);
#1035=LINE('',#1032,#1034);
#1036=EDGE_CURVE('',#1031,#1023,#1035,.T.);
#1037=ORIENTED_EDGE('',*,*,#1036,.F.);
#1038=CARTESIAN_POINT('',(18.495005622,36.601363305,8.727548856));
#1039=DIRECTION('',(-0.,-0.986626208,0.162999156));
#1040=VECTOR('',#1039,1.216266089);
#1041=LINE('',#1038,#1040);
#1042=EDGE_CURVE('',#1015,#1031,#1041,.T.);
#1043=ORIENTED_EDGE('',*,*,#1042,.F.);
#1044=EDGE_LOOP('',(#1021,#1029,#1037,#1043));
#1045=FACE_BOUND('',#1044,.T.);
#1046=ADVANCED_FACE('',(#1045),#1011,.F.);
#1047=CARTESIAN_POINT('',(20.060005594,36.001363303,4.100000523));
#1048=DIRECTION('',(1.,-0.000000001,-0.000000006));
#1049=DIRECTION('',(0.000000006,0.,1.));
#1050=AXIS2_PLACEMENT_3D('',#1047,#1048,#1049);
#1051=PLANE('',#1050);
#1052=ORIENTED_EDGE('',*,*,#547,.T.);
#1053=CARTESIAN_POINT('',(20.060005588,35.401363303,3.200000531));
#1054=VERTEX_POINT('',#1053);
#1055=CARTESIAN_POINT('',(20.060005586,33.551363303,3.200000531));
#1056=DIRECTION('',(0.000000001,1.,-0.));
#1057=VECTOR('',#1056,1.85);
#1058=LINE('',#1055,#1057);
#1059=EDGE_CURVE('',#535,#1054,#1058,.T.);
#1060=ORIENTED_EDGE('',*,*,#1059,.T.);
#1061=CARTESIAN_POINT('',(20.060005603,35.401363303,5.649626208));
#1062=DIRECTION('',(-0.000000006,0.,-1.));
#1063=VECTOR('',#1062,2.449625677);
#1064=LINE('',#1061,#1063);
#1065=EDGE_CURVE('',#503,#1054,#1064,.T.);
#1066=ORIENTED_EDGE('',*,*,#1065,.F.);
#1067=ORIENTED_EDGE('',*,*,#508,.F.);
#1068=EDGE_LOOP('',(#1052,#1060,#1066,#1067));
#1069=FACE_BOUND('',#1068,.T.);
#1070=ADVANCED_FACE('',(#1069),#1051,.T.);
#1071=CARTESIAN_POINT('',(120.790005594,36.001363205,4.099999931));
#1072=DIRECTION('',(1.,-0.000000001,-0.000000006));
#1073=DIRECTION('',(0.000000006,0.,1.));
#1074=AXIS2_PLACEMENT_3D('',#1071,#1072,#1073);
#1075=PLANE('',#1074);
#1076=ORIENTED_EDGE('',*,*,#816,.T.);
#1077=CARTESIAN_POINT('',(120.790005581,28.686270868,3.19999994));
#1078=DIRECTION('',(0.000000001,1.,-0.));
#1079=VECTOR('',#1078,6.715092337);
#1080=LINE('',#1077,#1079);
#1081=EDGE_CURVE('',#802,#138,#1080,.T.);
#1082=ORIENTED_EDGE('',*,*,#1081,.T.);
#1083=ORIENTED_EDGE('',*,*,#143,.F.);
#1084=CARTESIAN_POINT('',(120.790005596,33.551363205,4.885620548));
#1085=VERTEX_POINT('',#1084);
#1086=CARTESIAN_POINT('',(120.790005596,33.551363205,4.885620548));
#1087=DIRECTION('',(0.000000003,0.924283465,0.381706793));
#1088=VECTOR('',#1087,2.001550466);
#1089=LINE('',#1086,#1088);
#1090=EDGE_CURVE('',#1085,#130,#1089,.T.);
#1091=ORIENTED_EDGE('',*,*,#1090,.F.);
#1092=CARTESIAN_POINT('',(120.790005607,33.551363205,6.686395505));
#1093=VERTEX_POINT('',#1092);
#1094=CARTESIAN_POINT('',(120.790005596,33.551363205,4.885620548));
#1095=DIRECTION('',(0.000000006,-0.,1.));
#1096=VECTOR('',#1095,1.800774957);
#1097=LINE('',#1094,#1096);
#1098=EDGE_CURVE('',#1085,#1093,#1097,.T.);
#1099=ORIENTED_EDGE('',*,*,#1098,.T.);
#1100=CARTESIAN_POINT('',(120.790005604,30.551363205,6.686395504));
#1101=DIRECTION('',(1.,-0.000000001,-0.000000006));
#1102=DIRECTION('',(-0.000000006,0.,-1.));
#1103=AXIS2_PLACEMENT_3D('',#1100,#1101,#1102);
#1104=CIRCLE('',#1103,3.);
#1105=EDGE_CURVE('',#1093,#811,#1104,.T.);
#1106=ORIENTED_EDGE('',*,*,#1105,.T.);
#1107=EDGE_LOOP('',(#1076,#1082,#1083,#1091,#1099,#1106));
#1108=FACE_BOUND('',#1107,.T.);
#1109=ADVANCED_FACE('',(#1108),#1075,.T.);
#1110=CARTESIAN_POINT('',(121.025005591,33.551363205,4.09999993));
#1111=DIRECTION('',(0.000000001,1.,-0.));
#1112=DIRECTION('',(0.000000006,-0.,1.));
#1113=AXIS2_PLACEMENT_3D('',#1110,#1111,#1112);
#1114=PLANE('',#1113);
#1115=ORIENTED_EDGE('',*,*,#190,.T.);
#1116=CARTESIAN_POINT('',(122.490005586,33.551363204,3.199999929));
#1117=DIRECTION('',(-0.000000001,-1.,-0.));
#1118=DIRECTION('',(-1.,0.000000001,0.));
#1119=AXIS2_PLACEMENT_3D('',#1116,#1117,#1118);
#1120=CIRCLE('',#1119,0.5);
#1121=EDGE_CURVE('',#177,#209,#1120,.T.);
#1122=ORIENTED_EDGE('',*,*,#1121,.T.);
#1123=ORIENTED_EDGE('',*,*,#214,.F.);
#1124=CARTESIAN_POINT('',(125.843142426,33.5513632,6.686395487));
#1125=VERTEX_POINT('',#1124);
#1126=CARTESIAN_POINT('',(126.350410344,33.5513632,2.699999902));
#1127=DIRECTION('',(-0.126231868,0.,0.992000764));
#1128=VECTOR('',#1127,4.018540843);
#1129=LINE('',#1126,#1128);
#1130=EDGE_CURVE('',#207,#1125,#1129,.T.);
#1131=ORIENTED_EDGE('',*,*,#1130,.T.);
#1132=CARTESIAN_POINT('',(121.565005611,33.551363204,6.6863955));
#1133=VERTEX_POINT('',#1132);
#1134=CARTESIAN_POINT('',(121.565005611,33.551363204,6.6863955));
#1135=DIRECTION('',(1.,-0.000000001,-0.000000003));
#1136=VECTOR('',#1135,4.278136815);
#1137=LINE('',#1134,#1136);
#1138=EDGE_CURVE('',#1133,#1125,#1137,.T.);
#1139=ORIENTED_EDGE('',*,*,#1138,.F.);
#1140=CARTESIAN_POINT('',(120.790005607,33.551363205,6.686395505));
#1141=DIRECTION('',(1.,-0.000000001,-0.000000006));
#1142=VECTOR('',#1141,0.775000004);
#1143=LINE('',#1140,#1142);
#1144=EDGE_CURVE('',#1093,#1133,#1143,.T.);
#1145=ORIENTED_EDGE('',*,*,#1144,.F.);
#1146=ORIENTED_EDGE('',*,*,#1098,.F.);
#1147=CARTESIAN_POINT('',(120.790005596,33.551363205,4.885620548));
#1148=DIRECTION('',(1.,-0.000000001,-0.000000006));
#1149=VECTOR('',#1148,1.2);
#1150=LINE('',#1147,#1149);
#1151=EDGE_CURVE('',#1085,#185,#1150,.T.);
#1152=ORIENTED_EDGE('',*,*,#1151,.T.);
#1153=EDGE_LOOP('',(#1115,#1122,#1123,#1131,#1139,#1145,#1146,#1152));
#1154=FACE_BOUND('',#1153,.T.);
#1155=ADVANCED_FACE('',(#1154),#1114,.F.);
#1156=CARTESIAN_POINT('',(120.365005603,30.551363205,6.686395507));
#1157=DIRECTION('',(1.,-0.000000001,-0.000000006));
#1158=DIRECTION('',(-0.000000006,0.,-1.));
#1159=AXIS2_PLACEMENT_3D('',#1156,#1157,#1158);
#1160=CYLINDRICAL_SURFACE('',#1159,3.);
#1161=ORIENTED_EDGE('',*,*,#1105,.F.);
#1162=ORIENTED_EDGE('',*,*,#1144,.T.);
#1163=CARTESIAN_POINT('',(121.565005613,30.551363204,6.686395499));
#1164=DIRECTION('',(-1.,0.000000001,0.000000003));
#1165=DIRECTION('',(0.000000003,0.,1.));
#1166=AXIS2_PLACEMENT_3D('',#1163,#1164,#1165);
#1167=CIRCLE('',#1166,3.);
#1168=EDGE_CURVE('',#819,#1133,#1167,.T.);
#1169=ORIENTED_EDGE('',*,*,#1168,.F.);
#1170=ORIENTED_EDGE('',*,*,#824,.F.);
#1171=EDGE_LOOP('',(#1161,#1162,#1169,#1170));
#1172=FACE_BOUND('',#1171,.T.);
#1173=ADVANCED_FACE('',(#1172),#1160,.F.);
#1174=CARTESIAN_POINT('',(120.965005601,37.613863205,5.16746952));
#1175=DIRECTION('',(0.000000006,0.318958378,0.947768723));
#1176=DIRECTION('',(0.,-0.947768723,0.318958378));
#1177=AXIS2_PLACEMENT_3D('',#1174,#1175,#1176);
#1178=PLANE('',#1177);
#1179=CARTESIAN_POINT('',(120.790005601,38.451363205,4.885620548));
#1180=VERTEX_POINT('',#1179);
#1181=CARTESIAN_POINT('',(120.790005601,38.451363205,4.885620548));
#1182=DIRECTION('',(0.000000001,-0.947768723,0.318958378));
#1183=VECTOR('',#1182,1.951952997);
#1184=LINE('',#1181,#1183);
#1185=EDGE_CURVE('',#1180,#391,#1184,.T.);
#1186=ORIENTED_EDGE('',*,*,#1185,.F.);
#1187=CARTESIAN_POINT('',(120.790005601,38.451363205,4.885620548));
#1188=CARTESIAN_POINT('',(121.190005601,38.451363205,4.885620545));
#1189=CARTESIAN_POINT('',(121.590005601,38.451363204,4.885620543));
#1190=CARTESIAN_POINT('',(121.990005601,38.451363204,4.88562054));
#1191=B_SPLINE_CURVE_WITH_KNOTS('',3,(#1187,#1188,#1189,#1190),.UNSPECIFIED.,.F.,.F.,(4,4),(524.286,524.2872),.UNSPECIFIED.);
#1192=EDGE_CURVE('',#1180,#279,#1191,.T.);
#1193=ORIENTED_EDGE('',*,*,#1192,.T.);
#1194=ORIENTED_EDGE('',*,*,#308,.T.);
#1195=ORIENTED_EDGE('',*,*,#402,.F.);
#1196=EDGE_LOOP('',(#1186,#1193,#1194,#1195));
#1197=FACE_BOUND('',#1196,.T.);
#1198=ADVANCED_FACE('',(#1197),#1178,.F.);
#1199=CARTESIAN_POINT('',(139.550005723,2.37600926,14.38187206));
#1200=DIRECTION('',(0.000000003,0.162999156,0.986626208));
#1201=DIRECTION('',(1.,-0.,-0.000000003));
#1202=AXIS2_PLACEMENT_3D('',#1199,#1200,#1201);
#1203=PLANE('',#1202);
#1204=CARTESIAN_POINT('',(120.790005622,41.940361359,7.845500037));
#1205=VERTEX_POINT('',#1204);
#1206=CARTESIAN_POINT('',(125.302413564,41.940360669,7.845500137));
#1207=VERTEX_POINT('',#1206);
#1208=CARTESIAN_POINT('',(120.790005622,41.940360673,7.84550015));
#1209=DIRECTION('',(1.,-0.000000001,-0.000000003));
#1210=VECTOR('',#1209,4.512407941);
#1211=LINE('',#1208,#1210);
#1212=EDGE_CURVE('',#1205,#1207,#1211,.T.);
#1213=ORIENTED_EDGE('',*,*,#1212,.F.);
#1214=CARTESIAN_POINT('',(120.790005622,43.688523135,7.556688653));
#1215=VERTEX_POINT('',#1214);
#1216=CARTESIAN_POINT('',(120.790005622,43.688523132,7.556688639));
#1217=DIRECTION('',(-0.,-0.986626208,0.162999156));
#1218=VECTOR('',#1217,1.771858237);
#1219=LINE('',#1216,#1218);
#1220=EDGE_CURVE('',#1215,#1205,#1219,.T.);
#1221=ORIENTED_EDGE('',*,*,#1220,.F.);
#1222=CARTESIAN_POINT('',(125.257219897,43.688523131,7.556688626));
#1223=VERTEX_POINT('',#1222);
#1224=CARTESIAN_POINT('',(125.257219897,43.688523131,7.556688626));
#1225=DIRECTION('',(-1.,0.000000001,0.000000006));
#1226=VECTOR('',#1225,4.467214275);
#1227=LINE('',#1224,#1226);
#1228=EDGE_CURVE('',#1223,#1215,#1227,.T.);
#1229=ORIENTED_EDGE('',*,*,#1228,.F.);
#1230=CARTESIAN_POINT('',(125.302413564,41.940360669,7.845500137));
#1231=DIRECTION('',(-0.025498065,0.986305428,-0.16294616));
#1232=VECTOR('',#1231,1.772435204);
#1233=LINE('',#1230,#1232);
#1234=EDGE_CURVE('',#1207,#1223,#1233,.T.);
#1235=ORIENTED_EDGE('',*,*,#1234,.F.);
#1236=EDGE_LOOP('',(#1213,#1221,#1229,#1235));
#1237=FACE_BOUND('',#1236,.T.);
#1238=ADVANCED_FACE('',(#1237),#1203,.F.);
#1239=CARTESIAN_POINT('',(139.550005723,2.37600926,14.38187206));
#1240=DIRECTION('',(0.000000003,0.162999156,0.986626208));
#1241=DIRECTION('',(1.,-0.,-0.000000003));
#1242=AXIS2_PLACEMENT_3D('',#1239,#1240,#1241);
#1243=PLANE('',#1242);
#1244=ORIENTED_EDGE('',*,*,#165,.F.);
#1245=CARTESIAN_POINT('',(119.225005622,36.601363207,8.727548568));
#1246=DIRECTION('',(-0.,-0.986626208,0.162999156));
#1247=VECTOR('',#1246,1.216266089);
#1248=LINE('',#1245,#1247);
#1249=EDGE_CURVE('',#367,#154,#1248,.T.);
#1250=ORIENTED_EDGE('',*,*,#1249,.F.);
#1251=ORIENTED_EDGE('',*,*,#372,.F.);
#1252=CARTESIAN_POINT('',(123.555005622,35.401363202,8.9257989));
#1253=DIRECTION('',(0.,0.986626208,-0.162999156));
#1254=VECTOR('',#1253,1.216266089);
#1255=LINE('',#1252,#1254);
#1256=EDGE_CURVE('',#104,#359,#1255,.T.);
#1257=ORIENTED_EDGE('',*,*,#1256,.F.);
#1258=EDGE_LOOP('',(#1244,#1250,#1251,#1257));
#1259=FACE_BOUND('',#1258,.T.);
#1260=ADVANCED_FACE('',(#1259),#1243,.F.);
#1261=CARTESIAN_POINT('',(70.700005599,34.263863253,5.241814072));
#1262=DIRECTION('',(-0.000000005,0.447155747,-0.894456113));
#1263=DIRECTION('',(0.,0.894456113,0.447155747));
#1264=AXIS2_PLACEMENT_3D('',#1261,#1262,#1263);
#1265=PLANE('',#1264);
#1266=CARTESIAN_POINT('',(70.425005604,35.401363254,5.810472116));
#1267=VERTEX_POINT('',#1266);
#1268=CARTESIAN_POINT('',(70.425005596,33.551363254,4.885621674));
#1269=VERTEX_POINT('',#1268);
#1270=CARTESIAN_POINT('',(70.425005604,35.401363254,5.810472116));
#1271=DIRECTION('',(-0.000000004,-0.894456113,-0.447155747));
#1272=VECTOR('',#1271,2.068295999);
#1273=LINE('',#1270,#1272);
#1274=EDGE_CURVE('',#1267,#1269,#1273,.T.);
#1275=ORIENTED_EDGE('',*,*,#1274,.F.);
#1276=CARTESIAN_POINT('',(71.625005604,35.401363252,5.810472109));
#1277=VERTEX_POINT('',#1276);
#1278=CARTESIAN_POINT('',(70.425005604,35.401363254,5.810472116));
#1279=DIRECTION('',(1.,-0.000000001,-0.000000006));
#1280=VECTOR('',#1279,1.2);
#1281=LINE('',#1278,#1280);
#1282=EDGE_CURVE('',#1267,#1277,#1281,.T.);
#1283=ORIENTED_EDGE('',*,*,#1282,.T.);
#1284=CARTESIAN_POINT('',(71.625005596,33.551363252,4.885621666));
#1285=VERTEX_POINT('',#1284);
#1286=CARTESIAN_POINT('',(71.625005596,33.551363252,4.885621666));
#1287=DIRECTION('',(0.000000004,0.894456113,0.447155747));
#1288=VECTOR('',#1287,2.068295999);
#1289=LINE('',#1286,#1288);
#1290=EDGE_CURVE('',#1285,#1277,#1289,.T.);
#1291=ORIENTED_EDGE('',*,*,#1290,.F.);
#1292=CARTESIAN_POINT('',(70.425005596,33.551363254,4.885621674));
#1293=DIRECTION('',(1.,-0.000000001,-0.000000006));
#1294=VECTOR('',#1293,1.2);
#1295=LINE('',#1292,#1294);
#1296=EDGE_CURVE('',#1269,#1285,#1295,.T.);
#1297=ORIENTED_EDGE('',*,*,#1296,.F.);
#1298=EDGE_LOOP('',(#1275,#1283,#1291,#1297));
#1299=FACE_BOUND('',#1298,.T.);
#1300=ADVANCED_FACE('',(#1299),#1265,.T.);
#1301=CARTESIAN_POINT('',(70.700005601,37.738863253,5.157144653));
#1302=DIRECTION('',(0.000000006,0.356103453,0.934446537));
#1303=DIRECTION('',(-0.,-0.934446537,0.356103453));
#1304=AXIS2_PLACEMENT_3D('',#1301,#1302,#1303);
#1305=PLANE('',#1304);
#1306=CARTESIAN_POINT('',(70.425005601,38.451363253,4.885621673));
#1307=VERTEX_POINT('',#1306);
#1308=CARTESIAN_POINT('',(70.425005604,36.601363254,5.590628714));
#1309=VERTEX_POINT('',#1308);
#1310=CARTESIAN_POINT('',(70.425005601,38.451363253,4.885621673));
#1311=DIRECTION('',(0.000000001,-0.934446537,0.356103453));
#1312=VECTOR('',#1311,1.979781535);
#1313=LINE('',#1310,#1312);
#1314=EDGE_CURVE('',#1307,#1309,#1313,.T.);
#1315=ORIENTED_EDGE('',*,*,#1314,.F.);
#1316=CARTESIAN_POINT('',(71.625005601,38.451363251,4.885621666));
#1317=VERTEX_POINT('',#1316);
#1318=CARTESIAN_POINT('',(70.425005601,38.451363253,4.885621673));
#1319=DIRECTION('',(1.,-0.000000002,-0.000000006));
#1320=VECTOR('',#1319,1.2);
#1321=LINE('',#1318,#1320);
#1322=EDGE_CURVE('',#1307,#1317,#1321,.T.);
#1323=ORIENTED_EDGE('',*,*,#1322,.T.);
#1324=CARTESIAN_POINT('',(71.625005604,36.601363252,5.590628706));
#1325=VERTEX_POINT('',#1324);
#1326=CARTESIAN_POINT('',(71.625005601,38.451363251,4.885621666));
#1327=DIRECTION('',(0.000000001,-0.934446537,0.356103453));
#1328=VECTOR('',#1327,1.979781534);
#1329=LINE('',#1326,#1328);
#1330=EDGE_CURVE('',#1317,#1325,#1329,.T.);
#1331=ORIENTED_EDGE('',*,*,#1330,.T.);
#1332=CARTESIAN_POINT('',(70.425005604,36.601363254,5.590628714));
#1333=DIRECTION('',(1.,-0.000000001,-0.000000006));
#1334=VECTOR('',#1333,1.2);
#1335=LINE('',#1332,#1334);
#1336=EDGE_CURVE('',#1309,#1325,#1335,.T.);
#1337=ORIENTED_EDGE('',*,*,#1336,.F.);
#1338=EDGE_LOOP('',(#1315,#1323,#1331,#1337));
#1339=FACE_BOUND('',#1338,.T.);
#1340=ADVANCED_FACE('',(#1339),#1305,.F.);
#1341=CARTESIAN_POINT('',(71.025005594,36.601363253,4.100000223));
#1342=DIRECTION('',(-0.000000001,-1.,0.));
#1343=DIRECTION('',(-0.000000006,0.,-1.));
#1344=AXIS2_PLACEMENT_3D('',#1341,#1342,#1343);
#1345=PLANE('',#1344);
#1346=CARTESIAN_POINT('',(71.625005583,36.601363252,2.200000229));
#1347=VERTEX_POINT('',#1346);
#1348=CARTESIAN_POINT('',(71.625005604,36.601363252,5.590628706));
#1349=DIRECTION('',(-0.000000006,0.,-1.));
#1350=VECTOR('',#1349,3.390628478);
#1351=LINE('',#1348,#1350);
#1352=EDGE_CURVE('',#1325,#1347,#1351,.T.);
#1353=ORIENTED_EDGE('',*,*,#1352,.T.);
#1354=CARTESIAN_POINT('',(73.190005583,36.601363251,2.200000219));
#1355=VERTEX_POINT('',#1354);
#1356=CARTESIAN_POINT('',(71.625005583,36.601363252,2.200000229));
#1357=DIRECTION('',(1.,-0.000000001,-0.000000006));
#1358=VECTOR('',#1357,1.565);
#1359=LINE('',#1356,#1358);
#1360=EDGE_CURVE('',#1347,#1355,#1359,.T.);
#1361=ORIENTED_EDGE('',*,*,#1360,.T.);
#1362=CARTESIAN_POINT('',(73.190005622,36.601363251,8.7275487));
#1363=VERTEX_POINT('',#1362);
#1364=CARTESIAN_POINT('',(73.190005622,36.601363251,8.7275487));
#1365=DIRECTION('',(-0.000000006,0.,-1.));
#1366=VECTOR('',#1365,6.527548481);
#1367=LINE('',#1364,#1366);
#1368=EDGE_CURVE('',#1363,#1355,#1367,.T.);
#1369=ORIENTED_EDGE('',*,*,#1368,.F.);
#1370=CARTESIAN_POINT('',(68.860005622,36.601363255,8.727548712));
#1371=VERTEX_POINT('',#1370);
#1372=CARTESIAN_POINT('',(73.190005622,36.601363251,8.7275487));
#1373=DIRECTION('',(-1.,0.000000001,0.000000003));
#1374=VECTOR('',#1373,4.33);
#1375=LINE('',#1372,#1374);
#1376=EDGE_CURVE('',#1363,#1371,#1375,.T.);
#1377=ORIENTED_EDGE('',*,*,#1376,.T.);
#1378=CARTESIAN_POINT('',(68.860005583,36.601363255,2.200000245));
#1379=VERTEX_POINT('',#1378);
#1380=CARTESIAN_POINT('',(68.860005622,36.601363255,8.727548712));
#1381=DIRECTION('',(-0.000000006,0.,-1.));
#1382=VECTOR('',#1381,6.527548467);
#1383=LINE('',#1380,#1382);
#1384=EDGE_CURVE('',#1371,#1379,#1383,.T.);
#1385=ORIENTED_EDGE('',*,*,#1384,.T.);
#1386=CARTESIAN_POINT('',(70.425005583,36.601363254,2.200000236));
#1387=VERTEX_POINT('',#1386);
#1388=CARTESIAN_POINT('',(68.860005583,36.601363255,2.200000245));
#1389=DIRECTION('',(1.,-0.000000001,-0.000000006));
#1390=VECTOR('',#1389,1.565);
#1391=LINE('',#1388,#1390);
#1392=EDGE_CURVE('',#1379,#1387,#1391,.T.);
#1393=ORIENTED_EDGE('',*,*,#1392,.T.);
#1394=CARTESIAN_POINT('',(70.425005604,36.601363254,5.590628714));
#1395=DIRECTION('',(-0.000000006,0.,-1.));
#1396=VECTOR('',#1395,3.390628478);
#1397=LINE('',#1394,#1396);
#1398=EDGE_CURVE('',#1309,#1387,#1397,.T.);
#1399=ORIENTED_EDGE('',*,*,#1398,.F.);
#1400=ORIENTED_EDGE('',*,*,#1336,.T.);
#1401=EDGE_LOOP('',(#1353,#1361,#1369,#1377,#1385,#1393,#1399,#1400));
#1402=FACE_BOUND('',#1401,.T.);
#1403=ADVANCED_FACE('',(#1402),#1345,.T.);
#1404=CARTESIAN_POINT('',(139.550005723,2.37600926,14.38187206));
#1405=DIRECTION('',(0.000000003,0.162999156,0.986626208));
#1406=DIRECTION('',(1.,-0.,-0.000000003));
#1407=AXIS2_PLACEMENT_3D('',#1404,#1405,#1406);
#1408=PLANE('',#1407);
#1409=CARTESIAN_POINT('',(68.860005622,35.401363255,8.925799058));
#1410=VERTEX_POINT('',#1409);
#1411=CARTESIAN_POINT('',(68.860005622,36.601363255,8.727548712));
#1412=DIRECTION('',(-0.,-0.986626208,0.162999156));
#1413=VECTOR('',#1412,1.216266089);
#1414=LINE('',#1411,#1413);
#1415=EDGE_CURVE('',#1371,#1410,#1414,.T.);
#1416=ORIENTED_EDGE('',*,*,#1415,.F.);
#1417=ORIENTED_EDGE('',*,*,#1376,.F.);
#1418=CARTESIAN_POINT('',(73.190005622,35.401363251,8.925799045));
#1419=VERTEX_POINT('',#1418);
#1420=CARTESIAN_POINT('',(73.190005622,35.401363251,8.925799045));
#1421=DIRECTION('',(0.,0.986626208,-0.162999156));
#1422=VECTOR('',#1421,1.216266089);
#1423=LINE('',#1420,#1422);
#1424=EDGE_CURVE('',#1419,#1363,#1423,.T.);
#1425=ORIENTED_EDGE('',*,*,#1424,.F.);
#1426=CARTESIAN_POINT('',(68.860005622,35.401363255,8.925799059));
#1427=DIRECTION('',(1.,-0.000000001,-0.000000003));
#1428=VECTOR('',#1427,4.33);
#1429=LINE('',#1426,#1428);
#1430=EDGE_CURVE('',#1410,#1419,#1429,.T.);
#1431=ORIENTED_EDGE('',*,*,#1430,.F.);
#1432=EDGE_LOOP('',(#1416,#1417,#1425,#1431));
#1433=FACE_BOUND('',#1432,.T.);
#1434=ADVANCED_FACE('',(#1433),#1408,.F.);
#1435=CARTESIAN_POINT('',(139.550005723,2.37600926,14.38187206));
#1436=DIRECTION('',(0.000000003,0.162999156,0.986626208));
#1437=DIRECTION('',(1.,-0.,-0.000000003));
#1438=AXIS2_PLACEMENT_3D('',#1435,#1436,#1437);
#1439=PLANE('',#1438);
#1440=CARTESIAN_POINT('',(74.325005621,38.45136325,8.421912736));
#1441=VERTEX_POINT('',#1440);
#1442=CARTESIAN_POINT('',(74.325005622,38.451363251,8.421912746));
#1443=DIRECTION('',(-0.,-0.986626208,0.162999156));
#1444=VECTOR('',#1443,7.491864746);
#1445=LINE('',#1442,#1444);
#1446=EDGE_CURVE('',#1441,#907,#1445,.T.);
#1447=ORIENTED_EDGE('',*,*,#1446,.F.);
#1448=CARTESIAN_POINT('',(67.725005622,38.451363256,8.421912765));
#1449=VERTEX_POINT('',#1448);
#1450=CARTESIAN_POINT('',(67.725005622,38.451363256,8.421912765));
#1451=DIRECTION('',(1.,-0.000000001,-0.000000006));
#1452=VECTOR('',#1451,6.6);
#1453=LINE('',#1450,#1452);
#1454=EDGE_CURVE('',#1449,#1441,#1453,.T.);
#1455=ORIENTED_EDGE('',*,*,#1454,.F.);
#1456=CARTESIAN_POINT('',(67.725005621,38.451363256,8.421912766));
#1457=DIRECTION('',(0.,-0.986626208,0.162999156));
#1458=VECTOR('',#1457,7.491863168);
#1459=LINE('',#1456,#1458);
#1460=EDGE_CURVE('',#1449,#899,#1459,.T.);
#1461=ORIENTED_EDGE('',*,*,#1460,.T.);
#1462=ORIENTED_EDGE('',*,*,#904,.F.);
#1463=CARTESIAN_POINT('',(23.825005622,43.688523237,7.556689003));
#1464=VERTEX_POINT('',#1463);
#1465=CARTESIAN_POINT('',(23.825005622,43.688523223,7.556688918));
#1466=DIRECTION('',(-0.,-0.986626208,0.162999156));
#1467=VECTOR('',#1466,12.800007088);
#1468=LINE('',#1465,#1467);
#1469=EDGE_CURVE('',#1464,#891,#1468,.T.);
#1470=ORIENTED_EDGE('',*,*,#1469,.F.);
#1471=CARTESIAN_POINT('',(80.475002894,43.688523171,7.556688753));
#1472=VERTEX_POINT('',#1471);
#1473=CARTESIAN_POINT('',(80.475002894,43.68852317,7.556688752));
#1474=DIRECTION('',(-1.,0.000000001,0.000000006));
#1475=VECTOR('',#1474,56.649997271);
#1476=LINE('',#1473,#1475);
#1477=EDGE_CURVE('',#1472,#1464,#1476,.T.);
#1478=ORIENTED_EDGE('',*,*,#1477,.F.);
#1479=CARTESIAN_POINT('',(80.475002888,43.688523171,7.556688756));
#1480=DIRECTION('',(0.,-0.986626208,0.162999156));
#1481=VECTOR('',#1480,12.800007037);
#1482=LINE('',#1479,#1481);
#1483=EDGE_CURVE('',#1472,#915,#1482,.T.);
#1484=ORIENTED_EDGE('',*,*,#1483,.T.);
#1485=ORIENTED_EDGE('',*,*,#920,.F.);
#1486=EDGE_LOOP('',(#1447,#1455,#1461,#1462,#1470,#1478,#1484,#1485));
#1487=FACE_BOUND('',#1486,.T.);
#1488=ADVANCED_FACE('',(#1487),#1439,.F.);
#1489=CARTESIAN_POINT('',(71.625005594,36.001363253,4.100000219));
#1490=DIRECTION('',(-1.,0.000000001,0.000000006));
#1491=DIRECTION('',(0.000000001,1.,0.));
#1492=AXIS2_PLACEMENT_3D('',#1489,#1490,#1491);
#1493=PLANE('',#1492);
#1494=CARTESIAN_POINT('',(71.625005585,38.451363252,2.200000229));
#1495=VERTEX_POINT('',#1494);
#1496=CARTESIAN_POINT('',(71.625005601,38.451363252,4.885621666));
#1497=DIRECTION('',(-0.000000006,0.,-1.));
#1498=VECTOR('',#1497,2.685621437);
#1499=LINE('',#1496,#1498);
#1500=EDGE_CURVE('',#1317,#1495,#1499,.T.);
#1501=ORIENTED_EDGE('',*,*,#1500,.T.);
#1502=CARTESIAN_POINT('',(71.625005585,38.451363252,2.200000229));
#1503=DIRECTION('',(-0.000000001,-1.,0.));
#1504=VECTOR('',#1503,1.85);
#1505=LINE('',#1502,#1504);
#1506=EDGE_CURVE('',#1495,#1347,#1505,.T.);
#1507=ORIENTED_EDGE('',*,*,#1506,.T.);
#1508=ORIENTED_EDGE('',*,*,#1352,.F.);
#1509=ORIENTED_EDGE('',*,*,#1330,.F.);
#1510=EDGE_LOOP('',(#1501,#1507,#1508,#1509));
#1511=FACE_BOUND('',#1510,.T.);
#1512=ADVANCED_FACE('',(#1511),#1493,.T.);
#1513=CARTESIAN_POINT('',(89.550005695,0.000000019,2.700000114));
#1514=DIRECTION('',(-0.000000006,0.,-1.));
#1515=DIRECTION('',(0.000000001,1.,-0.));
#1516=AXIS2_PLACEMENT_3D('',#1513,#1514,#1515);
#1517=PLANE('',#1516);
#1518=CARTESIAN_POINT('',(23.325005587,37.1013633,2.700000511));
#1519=VERTEX_POINT('',#1518);
#1520=CARTESIAN_POINT('',(21.760005587,37.101363301,2.700000521));
#1521=VERTEX_POINT('',#1520);
#1522=CARTESIAN_POINT('',(23.325005587,37.1013633,2.700000511));
#1523=DIRECTION('',(-1.,0.000000001,0.000000006));
#1524=VECTOR('',#1523,1.565);
#1525=LINE('',#1522,#1524);
#1526=EDGE_CURVE('',#1519,#1521,#1525,.T.);
#1527=ORIENTED_EDGE('',*,*,#1526,.T.);
#1528=CARTESIAN_POINT('',(21.760005594,43.904165999,2.700000521));
#1529=VERTEX_POINT('',#1528);
#1530=CARTESIAN_POINT('',(21.760005587,37.101363301,2.700000521));
#1531=DIRECTION('',(0.000000001,1.,-0.));
#1532=VECTOR('',#1531,6.802802698);
#1533=LINE('',#1530,#1532);
#1534=EDGE_CURVE('',#1521,#1529,#1533,.T.);
#1535=ORIENTED_EDGE('',*,*,#1534,.T.);
#1536=CARTESIAN_POINT('',(23.825005593,43.904165997,2.700000508));
#1537=VERTEX_POINT('',#1536);
#1538=CARTESIAN_POINT('',(21.760005594,43.904165999,2.700000521));
#1539=DIRECTION('',(1.,-0.000000001,-0.000000006));
#1540=VECTOR('',#1539,2.065);
#1541=LINE('',#1538,#1540);
#1542=EDGE_CURVE('',#1529,#1537,#1541,.T.);
#1543=ORIENTED_EDGE('',*,*,#1542,.T.);
#1544=CARTESIAN_POINT('',(23.825005593,43.904165997,2.700000508));
#1545=DIRECTION('',(-0.000000001,-1.,0.));
#1546=VECTOR('',#1545,15.402079479);
#1547=LINE('',#1544,#1546);
#1548=EDGE_CURVE('',#1537,#883,#1547,.T.);
#1549=ORIENTED_EDGE('',*,*,#1548,.T.);
#1550=ORIENTED_EDGE('',*,*,#888,.T.);
#1551=CARTESIAN_POINT('',(21.760005584,34.901363301,2.700000521));
#1552=VERTEX_POINT('',#1551);
#1553=CARTESIAN_POINT('',(21.760005578,28.50208651,2.700000521));
#1554=DIRECTION('',(0.000000001,1.,-0.));
#1555=VECTOR('',#1554,6.399276791);
#1556=LINE('',#1553,#1555);
#1557=EDGE_CURVE('',#874,#1552,#1556,.T.);
#1558=ORIENTED_EDGE('',*,*,#1557,.T.);
#1559=CARTESIAN_POINT('',(23.325005584,34.9013633,2.700000511));
#1560=VERTEX_POINT('',#1559);
#1561=CARTESIAN_POINT('',(21.760005584,34.901363301,2.700000521));
#1562=DIRECTION('',(1.,-0.000000001,-0.000000006));
#1563=VECTOR('',#1562,1.565);
#1564=LINE('',#1561,#1563);
#1565=EDGE_CURVE('',#1552,#1560,#1564,.T.);
#1566=ORIENTED_EDGE('',*,*,#1565,.T.);
#1567=CARTESIAN_POINT('',(23.325005584,34.9013633,2.700000511));
#1568=DIRECTION('',(0.000000001,1.,-0.));
#1569=VECTOR('',#1568,2.2);
#1570=LINE('',#1567,#1569);
#1571=EDGE_CURVE('',#1560,#1519,#1570,.T.);
#1572=ORIENTED_EDGE('',*,*,#1571,.T.);
#1573=EDGE_LOOP('',(#1527,#1535,#1543,#1549,#1550,#1558,#1566,#1572));
#1574=FACE_BOUND('',#1573,.T.);
#1575=ADVANCED_FACE('',(#1574),#1517,.T.);
#1576=CARTESIAN_POINT('',(139.550005734,43.937427966,1.950873943));
#1577=DIRECTION('',(0.000000001,0.999015722,0.044357488));
#1578=DIRECTION('',(1.,-0.000000001,-0.000000006));
#1579=AXIS2_PLACEMENT_3D('',#1576,#1577,#1578);
#1580=PLANE('',#1579);
#1581=CARTESIAN_POINT('',(72.51250559,43.92636653,2.200000214));
#1582=VERTEX_POINT('',#1581);
#1583=CARTESIAN_POINT('',(73.51250559,43.926366536,2.200000215));
#1584=VERTEX_POINT('',#1583);
#1585=CARTESIAN_POINT('',(72.51250559,43.92636653,2.200000213));
#1586=DIRECTION('',(1.,-0.000000001,-0.000000006));
#1587=VECTOR('',#1586,1.);
#1588=LINE('',#1585,#1587);
#1589=EDGE_CURVE('',#1582,#1584,#1588,.T.);
#1590=ORIENTED_EDGE('',*,*,#1589,.T.);
#1591=CARTESIAN_POINT('',(73.512505587,43.948567139,1.700000213));
#1592=VERTEX_POINT('',#1591);
#1593=CARTESIAN_POINT('',(73.512505587,43.948567139,1.700000213));
#1594=DIRECTION('',(0.000000006,-0.044357487,0.999015722));
#1595=VECTOR('',#1594,0.500492626);
#1596=LINE('',#1593,#1595);
#1597=EDGE_CURVE('',#1592,#1584,#1596,.T.);
#1598=ORIENTED_EDGE('',*,*,#1597,.F.);
#1599=CARTESIAN_POINT('',(72.512505587,43.948567133,1.700000223));
#1600=VERTEX_POINT('',#1599);
#1601=CARTESIAN_POINT('',(72.512505587,43.94856714,1.700000223));
#1602=DIRECTION('',(1.,-0.000000001,-0.000000006));
#1603=VECTOR('',#1602,1.);
#1604=LINE('',#1601,#1603);
#1605=EDGE_CURVE('',#1600,#1592,#1604,.T.);
#1606=ORIENTED_EDGE('',*,*,#1605,.F.);
#1607=CARTESIAN_POINT('',(72.512505587,43.948567125,1.700000223));
#1608=DIRECTION('',(0.000000006,-0.044357488,0.999015722));
#1609=VECTOR('',#1608,0.500492615);
#1610=LINE('',#1607,#1609);
#1611=EDGE_CURVE('',#1600,#1582,#1610,.T.);
#1612=ORIENTED_EDGE('',*,*,#1611,.T.);
#1613=EDGE_LOOP('',(#1590,#1598,#1606,#1612));
#1614=FACE_BOUND('',#1613,.T.);
#1615=CARTESIAN_POINT('',(68.537505587,43.948567136,1.700000247));
#1616=VERTEX_POINT('',#1615);
#1617=CARTESIAN_POINT('',(68.53750559,43.926366533,2.200000238));
#1618=VERTEX_POINT('',#1617);
#1619=CARTESIAN_POINT('',(68.537505587,43.948567128,1.700000247));
#1620=DIRECTION('',(0.000000006,-0.044357488,0.999015722));
#1621=VECTOR('',#1620,0.500492615);
#1622=LINE('',#1619,#1621);
#1623=EDGE_CURVE('',#1616,#1618,#1622,.T.);
#1624=ORIENTED_EDGE('',*,*,#1623,.T.);
#1625=CARTESIAN_POINT('',(69.53750559,43.92636654,2.200000239));
#1626=VERTEX_POINT('',#1625);
#1627=CARTESIAN_POINT('',(68.53750559,43.926366533,2.200000237));
#1628=DIRECTION('',(1.,-0.000000001,-0.000000006));
#1629=VECTOR('',#1628,1.);
#1630=LINE('',#1627,#1629);
#1631=EDGE_CURVE('',#1618,#1626,#1630,.T.);
#1632=ORIENTED_EDGE('',*,*,#1631,.T.);
#1633=CARTESIAN_POINT('',(69.537505587,43.948567143,1.700000237));
#1634=VERTEX_POINT('',#1633);
#1635=CARTESIAN_POINT('',(69.537505587,43.948567143,1.700000237));
#1636=DIRECTION('',(0.000000006,-0.044357487,0.999015722));
#1637=VECTOR('',#1636,0.500492626);
#1638=LINE('',#1635,#1637);
#1639=EDGE_CURVE('',#1634,#1626,#1638,.T.);
#1640=ORIENTED_EDGE('',*,*,#1639,.F.);
#1641=CARTESIAN_POINT('',(68.537505587,43.948567144,1.700000247));
#1642=DIRECTION('',(1.,-0.000000001,-0.000000006));
#1643=VECTOR('',#1642,1.);
#1644=LINE('',#1641,#1643);
#1645=EDGE_CURVE('',#1616,#1634,#1644,.T.);
#1646=ORIENTED_EDGE('',*,*,#1645,.F.);
#1647=EDGE_LOOP('',(#1624,#1632,#1640,#1646));
#1648=FACE_BOUND('',#1647,.T.);
#1649=CARTESIAN_POINT('',(126.20307906,44.024049111,-0.000000108));
#1650=VERTEX_POINT('',#1649);
#1651=CARTESIAN_POINT('',(126.203079061,44.024049111,-0.000000108));
#1652=DIRECTION('',(-0.124078962,-0.044014709,0.991295676));
#1653=VECTOR('',#1652,7.623042166);
#1654=LINE('',#1651,#1653);
#1655=EDGE_CURVE('',#1650,#1223,#1654,.T.);
#1656=ORIENTED_EDGE('',*,*,#1655,.T.);
#1657=ORIENTED_EDGE('',*,*,#1228,.T.);
#1658=CARTESIAN_POINT('',(120.790005596,43.881965303,3.19999994));
#1659=VERTEX_POINT('',#1658);
#1660=CARTESIAN_POINT('',(120.790005622,43.688523135,7.556688653));
#1661=DIRECTION('',(-0.000000006,0.044357488,-0.999015722));
#1662=VECTOR('',#1661,4.36098113);
#1663=LINE('',#1660,#1662);
#1664=EDGE_CURVE('',#1215,#1659,#1663,.T.);
#1665=ORIENTED_EDGE('',*,*,#1664,.T.);
#1666=CARTESIAN_POINT('',(120.290005596,43.881965303,3.199999943));
#1667=DIRECTION('',(0.000000001,0.999015722,0.044357488));
#1668=DIRECTION('',(0.,0.044357488,-0.999015722));
#1669=AXIS2_PLACEMENT_3D('',#1666,#1667,#1668);
#1670=ELLIPSE('',#1669,0.500492624,0.5);
#1671=EDGE_CURVE('',#1659,#413,#1670,.T.);
#1672=ORIENTED_EDGE('',*,*,#1671,.T.);
#1673=ORIENTED_EDGE('',*,*,#420,.T.);
#1674=CARTESIAN_POINT('',(118.225005627,43.643187531,8.577733543));
#1675=VERTEX_POINT('',#1674);
#1676=CARTESIAN_POINT('',(118.225005629,43.643187535,8.577733543));
#1677=DIRECTION('',(-0.000000006,0.044357487,-0.999015722));
#1678=VECTOR('',#1677,5.883524615);
#1679=LINE('',#1676,#1678);
#1680=EDGE_CURVE('',#1675,#415,#1679,.T.);
#1681=ORIENTED_EDGE('',*,*,#1680,.F.);
#1682=CARTESIAN_POINT('',(114.590005614,43.64318753,8.577733565));
#1683=VERTEX_POINT('',#1682);
#1684=CARTESIAN_POINT('',(118.225005627,43.643187528,8.577733543));
#1685=DIRECTION('',(-1.,0.000000001,0.000000006));
#1686=VECTOR('',#1685,3.635000014);
#1687=LINE('',#1684,#1686);
#1688=EDGE_CURVE('',#1675,#1683,#1687,.T.);
#1689=ORIENTED_EDGE('',*,*,#1688,.T.);
#1690=CARTESIAN_POINT('',(114.590005599,43.847197776,3.983031479));
#1691=VERTEX_POINT('',#1690);
#1692=CARTESIAN_POINT('',(114.590005615,43.64318753,8.577733565));
#1693=DIRECTION('',(-0.000000006,0.044357488,-0.999015722));
#1694=VECTOR('',#1693,4.599229004);
#1695=LINE('',#1692,#1694);
#1696=EDGE_CURVE('',#1683,#1691,#1695,.T.);
#1697=ORIENTED_EDGE('',*,*,#1696,.T.);
#1698=CARTESIAN_POINT('',(113.475002857,43.84719778,3.983031483));
#1699=VERTEX_POINT('',#1698);
#1700=CARTESIAN_POINT('',(114.590005599,43.847197776,3.983031479));
#1701=DIRECTION('',(-1.,0.000000001,0.000000006));
#1702=VECTOR('',#1701,1.115002742);
#1703=LINE('',#1700,#1702);
#1704=EDGE_CURVE('',#1691,#1699,#1703,.T.);
#1705=ORIENTED_EDGE('',*,*,#1704,.T.);
#1706=CARTESIAN_POINT('',(113.475002856,43.858508879,3.728283865));
#1707=VERTEX_POINT('',#1706);
#1708=CARTESIAN_POINT('',(113.475002856,43.858508881,3.728283865));
#1709=DIRECTION('',(0.000000003,-0.044357489,0.999015722));
#1710=VECTOR('',#1709,0.254998608);
#1711=LINE('',#1708,#1710);
#1712=EDGE_CURVE('',#1707,#1699,#1711,.T.);
#1713=ORIENTED_EDGE('',*,*,#1712,.F.);
#1714=CARTESIAN_POINT('',(80.475002874,43.8585089,3.728284028));
#1715=VERTEX_POINT('',#1714);
#1716=CARTESIAN_POINT('',(113.475002856,43.858508874,3.728283865));
#1717=DIRECTION('',(-1.,0.000000001,0.000000006));
#1718=VECTOR('',#1717,32.999999982);
#1719=LINE('',#1716,#1718);
#1720=EDGE_CURVE('',#1707,#1715,#1719,.T.);
#1721=ORIENTED_EDGE('',*,*,#1720,.T.);
#1722=CARTESIAN_POINT('',(80.475002877,43.8585089,3.728284028));
#1723=DIRECTION('',(0.000000006,-0.044357488,0.999015722));
#1724=VECTOR('',#1723,3.832176651);
#1725=LINE('',#1722,#1724);
#1726=EDGE_CURVE('',#1715,#1472,#1725,.T.);
#1727=ORIENTED_EDGE('',*,*,#1726,.T.);
#1728=ORIENTED_EDGE('',*,*,#1477,.T.);
#1729=CARTESIAN_POINT('',(23.825005594,43.904165996,2.700000508));
#1730=DIRECTION('',(0.000000006,-0.044357488,0.999015722));
#1731=VECTOR('',#1730,4.861473535);
#1732=LINE('',#1729,#1731);
#1733=EDGE_CURVE('',#1537,#1464,#1732,.T.);
#1734=ORIENTED_EDGE('',*,*,#1733,.F.);
#1735=ORIENTED_EDGE('',*,*,#1542,.F.);
#1736=CARTESIAN_POINT('',(21.760005596,43.881965376,3.200000521));
#1737=DIRECTION('',(0.000000001,0.999015722,0.044357488));
#1738=DIRECTION('',(0.,0.044357488,-0.999015722));
#1739=AXIS2_PLACEMENT_3D('',#1736,#1737,#1738);
#1740=ELLIPSE('',#1739,0.500492624,0.5);
#1741=EDGE_CURVE('',#1529,#624,#1740,.T.);
#1742=ORIENTED_EDGE('',*,*,#1741,.T.);
#1743=ORIENTED_EDGE('',*,*,#629,.F.);
#1744=ORIENTED_EDGE('',*,*,#733,.T.);
#1745=CARTESIAN_POINT('',(15.846932094,44.024049192,0.000000546));
#1746=VERTEX_POINT('',#1745);
#1747=CARTESIAN_POINT('',(16.792791303,43.688523226,7.556688943));
#1748=DIRECTION('',(-0.124078974,0.044014709,-0.991295674));
#1749=VECTOR('',#1748,7.623041836);
#1750=LINE('',#1747,#1749);
#1751=EDGE_CURVE('',#722,#1746,#1750,.T.);
#1752=ORIENTED_EDGE('',*,*,#1751,.T.);
#1753=CARTESIAN_POINT('',(15.846932094,44.024049192,0.000000546));
#1754=DIRECTION('',(1.,-0.000000001,-0.000000006));
#1755=VECTOR('',#1754,110.356146966);
#1756=LINE('',#1753,#1755);
#1757=EDGE_CURVE('',#1746,#1650,#1756,.T.);
#1758=ORIENTED_EDGE('',*,*,#1757,.T.);
#1759=EDGE_LOOP('',(#1656,#1657,#1665,#1672,#1673,#1681,#1689,#1697,#1705,#1713,#1721,#1727,#1728,#1734,#1735,#1742,#1743,#1744,#1752,#1758));
#1760=FACE_BOUND('',#1759,.T.);
#1761=ADVANCED_FACE('',(#1614,#1648,#1760),#1580,.F.);
#1762=CARTESIAN_POINT('',(23.825005594,36.001363299,4.1000005));
#1763=DIRECTION('',(-1.,0.000000001,0.000000006));
#1764=DIRECTION('',(0.000000001,1.,0.));
#1765=AXIS2_PLACEMENT_3D('',#1762,#1763,#1764);
#1766=PLANE('',#1765);
#1767=ORIENTED_EDGE('',*,*,#1469,.T.);
#1768=ORIENTED_EDGE('',*,*,#896,.F.);
#1769=ORIENTED_EDGE('',*,*,#1548,.F.);
#1770=ORIENTED_EDGE('',*,*,#1733,.T.);
#1771=EDGE_LOOP('',(#1767,#1768,#1769,#1770));
#1772=FACE_BOUND('',#1771,.T.);
#1773=ADVANCED_FACE('',(#1772),#1766,.F.);
#1774=CARTESIAN_POINT('',(120.790005594,36.001363205,4.099999931));
#1775=DIRECTION('',(1.,-0.000000001,-0.000000006));
#1776=DIRECTION('',(0.000000006,0.,1.));
#1777=AXIS2_PLACEMENT_3D('',#1774,#1775,#1776);
#1778=PLANE('',#1777);
#1779=ORIENTED_EDGE('',*,*,#396,.T.);
#1780=CARTESIAN_POINT('',(120.790005589,36.601363205,3.19999994));
#1781=DIRECTION('',(0.000000001,1.,-0.));
#1782=VECTOR('',#1781,7.280602097);
#1783=LINE('',#1780,#1782);
#1784=EDGE_CURVE('',#383,#1659,#1783,.T.);
#1785=ORIENTED_EDGE('',*,*,#1784,.T.);
#1786=ORIENTED_EDGE('',*,*,#1664,.F.);
#1787=ORIENTED_EDGE('',*,*,#1220,.T.);
#1788=CARTESIAN_POINT('',(120.790005622,41.451363205,7.885621525));
#1789=VERTEX_POINT('',#1788);
#1790=CARTESIAN_POINT('',(120.790005604,41.451363205,4.885621525));
#1791=DIRECTION('',(-1.,0.000000001,0.000000006));
#1792=DIRECTION('',(-0.000000006,0.,-1.));
#1793=AXIS2_PLACEMENT_3D('',#1790,#1791,#1792);
#1794=CIRCLE('',#1793,3.);
#1795=EDGE_CURVE('',#1789,#1205,#1794,.T.);
#1796=ORIENTED_EDGE('',*,*,#1795,.F.);
#1797=CARTESIAN_POINT('',(120.790005604,41.451363205,4.885621525));
#1798=DIRECTION('',(-1.,0.000000001,0.000000006));
#1799=DIRECTION('',(-0.000000006,0.,-1.));
#1800=AXIS2_PLACEMENT_3D('',#1797,#1798,#1799);
#1801=CIRCLE('',#1800,3.);
#1802=EDGE_CURVE('',#1180,#1789,#1801,.T.);
#1803=ORIENTED_EDGE('',*,*,#1802,.F.);
#1804=ORIENTED_EDGE('',*,*,#1185,.T.);
#1805=EDGE_LOOP('',(#1779,#1785,#1786,#1787,#1796,#1803,#1804));
#1806=FACE_BOUND('',#1805,.T.);
#1807=ADVANCED_FACE('',(#1806),#1778,.T.);
#1808=CARTESIAN_POINT('',(121.025005596,30.551363205,6.686395501));
#1809=DIRECTION('',(-1.,0.000000001,0.000000003));
#1810=DIRECTION('',(-0.000000003,0.,-1.));
#1811=AXIS2_PLACEMENT_3D('',#1808,#1809,#1810);
#1812=CYLINDRICAL_SURFACE('',#1811,3.);
#1813=CARTESIAN_POINT('',(125.58371029,31.059678241,9.643017854));
#1814=CARTESIAN_POINT('',(125.521424299,33.5513632,9.214636822));
#1815=CARTESIAN_POINT('',(125.843142425,33.5513632,6.686395488));
#1816=(BOUNDED_CURVE()
B_SPLINE_CURVE(2,(#1813,#1814,#1815),.UNSPECIFIED.,.F.,.F.)
B_SPLINE_CURVE_WITH_KNOTS((3,3),(349.532936547,429.777771562),.UNSPECIFIED.)
CURVE()
GEOMETRIC_REPRESENTATION_ITEM()
RATIONAL_B_SPLINE_CURVE((1.,0.764669323,1.))
REPRESENTATION_ITEM(''));
#1817=EDGE_CURVE('',#827,#1125,#1816,.T.);
#1818=ORIENTED_EDGE('',*,*,#1817,.F.);
#1819=ORIENTED_EDGE('',*,*,#832,.T.);
#1820=ORIENTED_EDGE('',*,*,#1168,.T.);
#1821=ORIENTED_EDGE('',*,*,#1138,.T.);
#1822=EDGE_LOOP('',(#1818,#1819,#1820,#1821));
#1823=FACE_BOUND('',#1822,.T.);
#1824=ADVANCED_FACE('',(#1823),#1812,.F.);
#1825=CARTESIAN_POINT('',(21.025005596,30.551363302,6.686395787));
#1826=DIRECTION('',(-1.,0.000000001,0.000000003));
#1827=DIRECTION('',(-0.000000003,0.,-1.));
#1828=AXIS2_PLACEMENT_3D('',#1825,#1826,#1827);
#1829=CYLINDRICAL_SURFACE('',#1828,3.);
#1830=CARTESIAN_POINT('',(16.206868744,33.551363306,6.686395801));
#1831=CARTESIAN_POINT('',(16.528586913,33.551363305,9.214637233));
#1832=CARTESIAN_POINT('',(16.466300907,31.059678233,9.643018186));
#1833=(BOUNDED_CURVE()
B_SPLINE_CURVE(2,(#1830,#1831,#1832),.UNSPECIFIED.,.F.,.F.)
B_SPLINE_CURVE_WITH_KNOTS((3,3),(110.222227537,190.467064754),.UNSPECIFIED.)
CURVE()
GEOMETRIC_REPRESENTATION_ITEM()
RATIONAL_B_SPLINE_CURVE((1.,0.764669311,1.))
REPRESENTATION_ITEM(''));
#1834=EDGE_CURVE('',#567,#851,#1833,.T.);
#1835=ORIENTED_EDGE('',*,*,#1834,.F.);
#1836=ORIENTED_EDGE('',*,*,#572,.T.);
#1837=ORIENTED_EDGE('',*,*,#611,.T.);
#1838=ORIENTED_EDGE('',*,*,#862,.T.);
#1839=EDGE_LOOP('',(#1835,#1836,#1837,#1838));
#1840=FACE_BOUND('',#1839,.T.);
#1841=ADVANCED_FACE('',(#1840),#1829,.F.);
#1842=CARTESIAN_POINT('',(113.475002845,-0.000000017,-0.000000103));
#1843=DIRECTION('',(-1.,0.,0.000000003));
#1844=DIRECTION('',(0.,-1.,0.));
#1845=AXIS2_PLACEMENT_3D('',#1842,#1843,#1844);
#1846=PLANE('',#1845);
#1847=CARTESIAN_POINT('',(113.475002893,30.837069004,10.186637223));
#1848=VERTEX_POINT('',#1847);
#1849=CARTESIAN_POINT('',(113.475002874,30.511070693,8.213384806));
#1850=VERTEX_POINT('',#1849);
#1851=CARTESIAN_POINT('',(113.47500289,30.837069004,10.186637223));
#1852=DIRECTION('',(-0.000000006,-0.162999156,-0.986626208));
#1853=VECTOR('',#1852,1.999999999);
#1854=LINE('',#1851,#1853);
#1855=EDGE_CURVE('',#1848,#1850,#1854,.T.);
#1856=ORIENTED_EDGE('',*,*,#1855,.F.);
#1857=CARTESIAN_POINT('',(113.475002879,44.551173301,7.920948954));
#1858=VERTEX_POINT('',#1857);
#1859=CARTESIAN_POINT('',(113.47500289,44.551173301,7.920948953));
#1860=DIRECTION('',(0.,-0.986626208,0.162999156));
#1861=VECTOR('',#1860,13.9);
#1862=LINE('',#1859,#1861);
#1863=EDGE_CURVE('',#1858,#1848,#1862,.T.);
#1864=ORIENTED_EDGE('',*,*,#1863,.F.);
#1865=CARTESIAN_POINT('',(113.475002869,44.551173301,7.920948954));
#1866=DIRECTION('',(-0.000000003,-0.162999156,-0.986626208));
#1867=VECTOR('',#1866,4.249496976);
#1868=LINE('',#1865,#1867);
#1869=EDGE_CURVE('',#1858,#1707,#1868,.T.);
#1870=ORIENTED_EDGE('',*,*,#1869,.T.);
#1871=ORIENTED_EDGE('',*,*,#1712,.T.);
#1872=CARTESIAN_POINT('',(113.475002864,43.869744676,3.979306539));
#1873=VERTEX_POINT('',#1872);
#1874=CARTESIAN_POINT('',(113.475002857,43.84719778,3.983031483));
#1875=DIRECTION('',(-0.,0.98662616,-0.162999449));
#1876=VECTOR('',#1875,0.022852522);
#1877=LINE('',#1874,#1876);
#1878=EDGE_CURVE('',#1699,#1873,#1877,.T.);
#1879=ORIENTED_EDGE('',*,*,#1878,.T.);
#1880=CARTESIAN_POINT('',(113.475002873,44.195742987,5.952558948));
#1881=VERTEX_POINT('',#1880);
#1882=CARTESIAN_POINT('',(113.475002884,44.195742987,5.952558948));
#1883=DIRECTION('',(-0.000000006,-0.162999156,-0.986626208));
#1884=VECTOR('',#1883,1.999999992);
#1885=LINE('',#1882,#1884);
#1886=EDGE_CURVE('',#1881,#1873,#1885,.T.);
#1887=ORIENTED_EDGE('',*,*,#1886,.F.);
#1888=CARTESIAN_POINT('',(113.475002863,44.195742989,5.952558957));
#1889=DIRECTION('',(0.,-0.986626208,0.162999156));
#1890=VECTOR('',#1889,13.870169046);
#1891=LINE('',#1888,#1890);
#1892=EDGE_CURVE('',#1881,#1850,#1891,.T.);
#1893=ORIENTED_EDGE('',*,*,#1892,.T.);
#1894=EDGE_LOOP('',(#1856,#1864,#1870,#1871,#1879,#1887,#1893));
#1895=FACE_BOUND('',#1894,.T.);
#1896=ADVANCED_FACE('',(#1895),#1846,.T.);
#1897=CARTESIAN_POINT('',(108.975002878,37.027408531,5.109719478));
#1898=DIRECTION('',(-0.000000003,-0.162999156,-0.986626208));
#1899=DIRECTION('',(0.,0.986626208,-0.162999156));
#1900=AXIS2_PLACEMENT_3D('',#1897,#1898,#1899);
#1901=PLANE('',#1900);
#1902=ORIENTED_EDGE('',*,*,#1704,.F.);
#1903=CARTESIAN_POINT('',(114.590005605,29.8278979,6.299140689));
#1904=DIRECTION('',(-0.,0.986626208,-0.162999156));
#1905=VECTOR('',#1904,14.209332528);
#1906=LINE('',#1903,#1905);
#1907=EDGE_CURVE('',#771,#1691,#1906,.T.);
#1908=ORIENTED_EDGE('',*,*,#1907,.F.);
#1909=ORIENTED_EDGE('',*,*,#776,.F.);
#1910=CARTESIAN_POINT('',(108.975002857,43.869744679,3.979306554));
#1911=VERTEX_POINT('',#1910);
#1912=CARTESIAN_POINT('',(108.975002857,43.869744679,3.979306554));
#1913=DIRECTION('',(0.,-0.986626208,0.162999156));
#1914=VECTOR('',#1913,14.232185049);
#1915=LINE('',#1912,#1914);
#1916=EDGE_CURVE('',#1911,#763,#1915,.T.);
#1917=ORIENTED_EDGE('',*,*,#1916,.F.);
#1918=CARTESIAN_POINT('',(108.975002857,43.869744679,3.979306553));
#1919=DIRECTION('',(1.,-0.,-0.000000003));
#1920=VECTOR('',#1919,4.500000008);
#1921=LINE('',#1918,#1920);
#1922=EDGE_CURVE('',#1911,#1873,#1921,.T.);
#1923=ORIENTED_EDGE('',*,*,#1922,.T.);
#1924=ORIENTED_EDGE('',*,*,#1878,.F.);
#1925=EDGE_LOOP('',(#1902,#1908,#1909,#1917,#1923,#1924));
#1926=FACE_BOUND('',#1925,.T.);
#1927=ADVANCED_FACE('',(#1926),#1901,.T.);
#1928=CARTESIAN_POINT('',(12.525005534,0.000000094,0.000000567));
#1929=DIRECTION('',(-0.000000006,0.,-1.));
#1930=DIRECTION('',(1.,-0.000000001,-0.000000006));
#1931=AXIS2_PLACEMENT_3D('',#1928,#1929,#1930);
#1932=PLANE('',#1931);
#1933=ORIENTED_EDGE('',*,*,#1757,.F.);
#1934=CARTESIAN_POINT('',(15.072720722,27.507490518,0.000000552));
#1935=DIRECTION('',(0.046823446,0.998903181,-0.));
#1936=VECTOR('',#1935,16.534694243);
#1937=LINE('',#1934,#1936);
#1938=EDGE_CURVE('',#843,#1746,#1937,.T.);
#1939=ORIENTED_EDGE('',*,*,#1938,.F.);
#1940=ORIENTED_EDGE('',*,*,#848,.F.);
#1941=CARTESIAN_POINT('',(126.203079056,44.024049111,-0.000000101));
#1942=DIRECTION('',(0.046823444,-0.998903181,-0.));
#1943=VECTOR('',#1942,16.534694275);
#1944=LINE('',#1941,#1943);
#1945=EDGE_CURVE('',#1650,#835,#1944,.T.);
#1946=ORIENTED_EDGE('',*,*,#1945,.F.);
#1947=EDGE_LOOP('',(#1933,#1939,#1940,#1946));
#1948=FACE_BOUND('',#1947,.T.);
#1949=CARTESIAN_POINT('',(14.088544775,28.040335634,0.000000558));
#1950=VERTEX_POINT('',#1949);
#1951=CARTESIAN_POINT('',(14.842658635,44.128146194,0.000000553));
#1952=VERTEX_POINT('',#1951);
#1953=CARTESIAN_POINT('',(14.088544775,28.040335634,0.000000558));
#1954=DIRECTION('',(0.046823446,0.998903181,-0.));
#1955=VECTOR('',#1954,16.105475353);
#1956=LINE('',#1953,#1955);
#1957=EDGE_CURVE('',#1950,#1952,#1956,.T.);
#1958=ORIENTED_EDGE('',*,*,#1957,.T.);
#1959=CARTESIAN_POINT('',(16.844980767,46.026019714,0.000000541));
#1960=VERTEX_POINT('',#1959);
#1961=CARTESIAN_POINT('',(16.856085084,44.024049191,0.000000541));
#1962=DIRECTION('',(0.000000006,0.,1.));
#1963=DIRECTION('',(0.942459608,-0.334320036,-0.000000006));
#1964=AXIS2_PLACEMENT_3D('',#1961,#1962,#1963);
#1965=ELLIPSE('',#1964,2.017561511,2.);
#1966=EDGE_CURVE('',#1960,#1952,#1965,.T.);
#1967=ORIENTED_EDGE('',*,*,#1966,.F.);
#1968=CARTESIAN_POINT('',(125.205030391,46.026019605,-0.000000109));
#1969=VERTEX_POINT('',#1968);
#1970=CARTESIAN_POINT('',(16.844980767,46.026019714,0.000000541));
#1971=DIRECTION('',(1.,-0.000000001,-0.000000006));
#1972=VECTOR('',#1971,108.360049624);
#1973=LINE('',#1970,#1972);
#1974=EDGE_CURVE('',#1960,#1969,#1973,.T.);
#1975=ORIENTED_EDGE('',*,*,#1974,.T.);
#1976=CARTESIAN_POINT('',(127.207352518,44.128146111,-0.000000107));
#1977=VERTEX_POINT('',#1976);
#1978=CARTESIAN_POINT('',(125.193926071,44.024049111,-0.000000109));
#1979=DIRECTION('',(0.000000006,-0.,1.));
#1980=DIRECTION('',(-0.942459609,-0.334320035,0.000000006));
#1981=AXIS2_PLACEMENT_3D('',#1978,#1979,#1980);
#1982=ELLIPSE('',#1981,2.017561511,2.);
#1983=EDGE_CURVE('',#1977,#1969,#1982,.T.);
#1984=ORIENTED_EDGE('',*,*,#1983,.F.);
#1985=CARTESIAN_POINT('',(127.96146635,28.04033551,-0.000000112));
#1986=VERTEX_POINT('',#1985);
#1987=CARTESIAN_POINT('',(127.96146635,28.04033551,-0.000000112));
#1988=DIRECTION('',(-0.046823444,0.998903181,0.));
#1989=VECTOR('',#1988,16.105475392);
#1990=LINE('',#1987,#1989);
#1991=EDGE_CURVE('',#1986,#1977,#1990,.T.);
#1992=ORIENTED_EDGE('',*,*,#1991,.F.);
#1993=CARTESIAN_POINT('',(126.043068526,25.90895507,-0.000000115));
#1994=VERTEX_POINT('',#1993);
#1995=CARTESIAN_POINT('',(125.943160371,28.040335507,-0.000000114));
#1996=DIRECTION('',(0.000000006,0.,1.));
#1997=DIRECTION('',(-0.365215932,0.930922834,0.000000002));
#1998=AXIS2_PLACEMENT_3D('',#1995,#1996,#1997);
#1999=ELLIPSE('',#1998,2.15088894,2.);
#2000=EDGE_CURVE('',#1994,#1986,#1999,.T.);
#2001=ORIENTED_EDGE('',*,*,#2000,.F.);
#2002=CARTESIAN_POINT('',(16.006942593,25.908955194,0.00000054));
#2003=VERTEX_POINT('',#2002);
#2004=CARTESIAN_POINT('',(16.006942593,25.908955194,0.00000054));
#2005=DIRECTION('',(1.,-0.000000001,-0.000000006));
#2006=VECTOR('',#2005,110.036125933);
#2007=LINE('',#2004,#2006);
#2008=EDGE_CURVE('',#2003,#1994,#2007,.T.);
#2009=ORIENTED_EDGE('',*,*,#2008,.F.);
#2010=CARTESIAN_POINT('',(16.106850753,28.040335633,0.000000546));
#2011=DIRECTION('',(0.000000006,-0.,1.));
#2012=DIRECTION('',(-0.365215935,-0.930922833,0.000000002));
#2013=AXIS2_PLACEMENT_3D('',#2010,#2011,#2012);
#2014=ELLIPSE('',#2013,2.15088894,2.);
#2015=EDGE_CURVE('',#1950,#2003,#2014,.T.);
#2016=ORIENTED_EDGE('',*,*,#2015,.F.);
#2017=EDGE_LOOP('',(#1958,#1967,#1975,#1984,#1992,#2001,#2009,#2016));
#2018=FACE_BOUND('',#2017,.T.);
#2019=ADVANCED_FACE('',(#1948,#2018),#1932,.T.);
#2020=CARTESIAN_POINT('',(87.025002834,34.923135513,-7.718852377));
#2021=DIRECTION('',(-1.,0.,0.000000003));
#2022=DIRECTION('',(-0.000000003,0.,-1.));
#2023=AXIS2_PLACEMENT_3D('',#2020,#2021,#2022);
#2024=PLANE('',#2023);
#2025=CARTESIAN_POINT('',(87.025002882,43.152811026,8.352479593));
#2026=VERTEX_POINT('',#2025);
#2027=CARTESIAN_POINT('',(87.025002883,43.215600455,8.572267068));
#2028=VERTEX_POINT('',#2027);
#2029=CARTESIAN_POINT('',(87.025002882,44.139437235,8.189480437));
#2030=DIRECTION('',(-1.,0.,0.000000003));
#2031=DIRECTION('',(0.000000003,0.,1.));
#2032=AXIS2_PLACEMENT_3D('',#2029,#2030,#2031);
#2033=CIRCLE('',#2032,1.);
#2034=EDGE_CURVE('',#2026,#2028,#2033,.T.);
#2035=ORIENTED_EDGE('',*,*,#2034,.T.);
#2036=CARTESIAN_POINT('',(87.025002888,33.543043559,10.402035105));
#2037=VERTEX_POINT('',#2036);
#2038=CARTESIAN_POINT('',(87.025002809,33.543043559,-16.078430868));
#2039=DIRECTION('',(1.,-0.,-0.000000003));
#2040=DIRECTION('',(0.000000003,0.,1.));
#2041=AXIS2_PLACEMENT_3D('',#2038,#2039,#2040);
#2042=CIRCLE('',#2041,26.480465973);
#2043=EDGE_CURVE('',#2028,#2037,#2042,.T.);
#2044=ORIENTED_EDGE('',*,*,#2043,.T.);
#2045=CARTESIAN_POINT('',(87.025002888,32.311076934,10.373365364));
#2046=VERTEX_POINT('',#2045);
#2047=CARTESIAN_POINT('',(87.025002809,33.543043559,-16.078430868));
#2048=DIRECTION('',(1.,-0.,-0.000000003));
#2049=DIRECTION('',(0.000000003,0.,1.));
#2050=AXIS2_PLACEMENT_3D('',#2047,#2048,#2049);
#2051=CIRCLE('',#2050,26.480465973);
#2052=EDGE_CURVE('',#2037,#2046,#2051,.T.);
#2053=ORIENTED_EDGE('',*,*,#2052,.T.);
#2054=CARTESIAN_POINT('',(87.025002888,32.299842718,10.144985977));
#2055=VERTEX_POINT('',#2054);
#2056=CARTESIAN_POINT('',(87.025002887,31.31321651,10.307985133));
#2057=DIRECTION('',(-1.,0.,0.000000003));
#2058=DIRECTION('',(0.000000003,0.,1.));
#2059=AXIS2_PLACEMENT_3D('',#2056,#2057,#2058);
#2060=CIRCLE('',#2059,1.);
#2061=EDGE_CURVE('',#2046,#2055,#2060,.T.);
#2062=ORIENTED_EDGE('',*,*,#2061,.T.);
#2063=CARTESIAN_POINT('',(87.025002886,32.267677019,9.950288524));
#2064=VERTEX_POINT('',#2063);
#2065=CARTESIAN_POINT('',(87.025002885,32.26767702,9.950288524));
#2066=DIRECTION('',(0.000000006,0.162999156,0.986626208));
#2067=VECTOR('',#2066,0.197336591);
#2068=LINE('',#2065,#2067);
#2069=EDGE_CURVE('',#2064,#2055,#2068,.T.);
#2070=ORIENTED_EDGE('',*,*,#2069,.F.);
#2071=CARTESIAN_POINT('',(87.025002882,43.120565312,8.157297808));
#2072=VERTEX_POINT('',#2071);
#2073=CARTESIAN_POINT('',(87.025002887,32.267677019,9.950288524));
#2074=DIRECTION('',(-0.,0.986626208,-0.162999156));
#2075=VECTOR('',#2074,11.);
#2076=LINE('',#2073,#2075);
#2077=EDGE_CURVE('',#2064,#2072,#2076,.T.);
#2078=ORIENTED_EDGE('',*,*,#2077,.T.);
#2079=CARTESIAN_POINT('',(87.025002882,43.120565312,8.157297808));
#2080=DIRECTION('',(0.000000003,0.162999156,0.986626208));
#2081=VECTOR('',#2080,0.197827489);
#2082=LINE('',#2079,#2081);
#2083=EDGE_CURVE('',#2072,#2026,#2082,.T.);
#2084=ORIENTED_EDGE('',*,*,#2083,.T.);
#2085=EDGE_LOOP('',(#2035,#2044,#2053,#2062,#2070,#2078,#2084));
#2086=FACE_BOUND('',#2085,.T.);
#2087=ADVANCED_FACE('',(#2086),#2024,.F.);
#2088=CARTESIAN_POINT('',(96.025002834,29.496691363,-6.822357045));
#2089=DIRECTION('',(0.,0.986626208,-0.162999156));
#2090=DIRECTION('',(0.000000006,0.162999156,0.986626208));
#2091=AXIS2_PLACEMENT_3D('',#2088,#2089,#2090);
#2092=PLANE('',#2091);
#2093=ORIENTED_EDGE('',*,*,#2069,.T.);
#2094=CARTESIAN_POINT('',(109.025002888,32.2998427,10.144985867));
#2095=VERTEX_POINT('',#2094);
#2096=CARTESIAN_POINT('',(87.025002888,32.299842718,10.144985977));
#2097=CARTESIAN_POINT('',(94.358336221,32.299842712,10.14498594));
#2098=CARTESIAN_POINT('',(101.691669554,32.299842706,10.144985904));
#2099=CARTESIAN_POINT('',(109.025002888,32.2998427,10.144985867));
#2100=B_SPLINE_CURVE_WITH_KNOTS('',3,(#2096,#2097,#2098,#2099),.UNSPECIFIED.,.F.,.F.,(4,4),(0.250886151,0.272886151),.UNSPECIFIED.);
#2101=EDGE_CURVE('',#2055,#2095,#2100,.T.);
#2102=ORIENTED_EDGE('',*,*,#2101,.T.);
#2103=CARTESIAN_POINT('',(109.025002886,32.267677014,9.950288459));
#2104=VERTEX_POINT('',#2103);
#2105=CARTESIAN_POINT('',(109.025002887,32.267677009,9.950288459));
#2106=DIRECTION('',(0.000000003,0.162999156,0.986626208));
#2107=VECTOR('',#2106,0.197336546);
#2108=LINE('',#2105,#2107);
#2109=EDGE_CURVE('',#2104,#2095,#2108,.T.);
#2110=ORIENTED_EDGE('',*,*,#2109,.F.);
#2111=CARTESIAN_POINT('',(87.025002886,32.267677019,9.950288525));
#2112=DIRECTION('',(1.,-0.,-0.000000003));
#2113=VECTOR('',#2112,21.999999999);
#2114=LINE('',#2111,#2113);
#2115=EDGE_CURVE('',#2064,#2104,#2114,.T.);
#2116=ORIENTED_EDGE('',*,*,#2115,.F.);
#2117=EDGE_LOOP('',(#2093,#2102,#2110,#2116));
#2118=FACE_BOUND('',#2117,.T.);
#2119=ADVANCED_FACE('',(#2118),#2092,.T.);
#2120=CARTESIAN_POINT('',(109.025002834,34.923135503,-7.718852442));
#2121=DIRECTION('',(-1.,0.,0.000000003));
#2122=DIRECTION('',(-0.000000003,0.,-1.));
#2123=AXIS2_PLACEMENT_3D('',#2120,#2121,#2122);
#2124=PLANE('',#2123);
#2125=CARTESIAN_POINT('',(109.025002888,32.311076916,10.373365251));
#2126=VERTEX_POINT('',#2125);
#2127=CARTESIAN_POINT('',(109.025002888,31.313216492,10.307985023));
#2128=DIRECTION('',(1.,-0.,-0.000000003));
#2129=DIRECTION('',(0.000000003,0.,1.));
#2130=AXIS2_PLACEMENT_3D('',#2127,#2128,#2129);
#2131=CIRCLE('',#2130,1.);
#2132=EDGE_CURVE('',#2095,#2126,#2131,.T.);
#2133=ORIENTED_EDGE('',*,*,#2132,.T.);
#2134=CARTESIAN_POINT('',(109.025002888,33.543043535,10.402034991));
#2135=VERTEX_POINT('',#2134);
#2136=CARTESIAN_POINT('',(109.025002809,33.543043535,-16.078430982));
#2137=DIRECTION('',(-1.,0.,0.000000003));
#2138=DIRECTION('',(0.000000003,0.,1.));
#2139=AXIS2_PLACEMENT_3D('',#2136,#2137,#2138);
#2140=CIRCLE('',#2139,26.480465973);
#2141=EDGE_CURVE('',#2126,#2135,#2140,.T.);
#2142=ORIENTED_EDGE('',*,*,#2141,.T.);
#2143=CARTESIAN_POINT('',(109.025002883,43.215600436,8.572266954));
#2144=VERTEX_POINT('',#2143);
#2145=CARTESIAN_POINT('',(109.025002809,33.543043535,-16.078430982));
#2146=DIRECTION('',(-1.,0.,0.000000003));
#2147=DIRECTION('',(0.000000003,0.,1.));
#2148=AXIS2_PLACEMENT_3D('',#2145,#2146,#2147);
#2149=CIRCLE('',#2148,26.480465973);
#2150=EDGE_CURVE('',#2135,#2144,#2149,.T.);
#2151=ORIENTED_EDGE('',*,*,#2150,.T.);
#2152=CARTESIAN_POINT('',(109.025002882,43.152811008,8.352479481));
#2153=VERTEX_POINT('',#2152);
#2154=CARTESIAN_POINT('',(109.025002882,44.139437216,8.189480325));
#2155=DIRECTION('',(1.,-0.,-0.000000003));
#2156=DIRECTION('',(0.000000003,0.,1.));
#2157=AXIS2_PLACEMENT_3D('',#2154,#2155,#2156);
#2158=CIRCLE('',#2157,1.);
#2159=EDGE_CURVE('',#2144,#2153,#2158,.T.);
#2160=ORIENTED_EDGE('',*,*,#2159,.T.);
#2161=CARTESIAN_POINT('',(109.025002884,43.120565296,8.15729771));
#2162=VERTEX_POINT('',#2161);
#2163=CARTESIAN_POINT('',(109.025002885,43.120565296,8.15729771));
#2164=DIRECTION('',(0.000000006,0.162999156,0.986626208));
#2165=VECTOR('',#2164,0.197827475);
#2166=LINE('',#2163,#2165);
#2167=EDGE_CURVE('',#2162,#2153,#2166,.T.);
#2168=ORIENTED_EDGE('',*,*,#2167,.F.);
#2169=CARTESIAN_POINT('',(109.025002885,32.267677014,9.950288459));
#2170=DIRECTION('',(-0.,0.986626208,-0.162999156));
#2171=VECTOR('',#2170,10.999999995);
#2172=LINE('',#2169,#2171);
#2173=EDGE_CURVE('',#2104,#2162,#2172,.T.);
#2174=ORIENTED_EDGE('',*,*,#2173,.F.);
#2175=ORIENTED_EDGE('',*,*,#2109,.T.);
#2176=EDGE_LOOP('',(#2133,#2142,#2151,#2160,#2168,#2174,#2175));
#2177=FACE_BOUND('',#2176,.T.);
#2178=ADVANCED_FACE('',(#2177),#2124,.T.);
#2179=CARTESIAN_POINT('',(96.025002834,40.349579655,-8.615347762));
#2180=DIRECTION('',(0.,0.986626208,-0.162999156));
#2181=DIRECTION('',(0.000000006,0.162999156,0.986626208));
#2182=AXIS2_PLACEMENT_3D('',#2179,#2180,#2181);
#2183=PLANE('',#2182);
#2184=ORIENTED_EDGE('',*,*,#2167,.T.);
#2185=CARTESIAN_POINT('',(109.025002882,43.152811008,8.352479481));
#2186=CARTESIAN_POINT('',(101.691669549,43.152811014,8.352479519));
#2187=CARTESIAN_POINT('',(94.358336216,43.15281102,8.352479556));
#2188=CARTESIAN_POINT('',(87.025002882,43.152811026,8.352479593));
#2189=B_SPLINE_CURVE_WITH_KNOTS('',3,(#2185,#2186,#2187,#2188),.UNSPECIFIED.,.F.,.F.,(4,4),(0.250896527,0.272896527),.UNSPECIFIED.);
#2190=EDGE_CURVE('',#2153,#2026,#2189,.T.);
#2191=ORIENTED_EDGE('',*,*,#2190,.T.);
#2192=ORIENTED_EDGE('',*,*,#2083,.F.);
#2193=CARTESIAN_POINT('',(87.025002882,43.120565313,8.157297808));
#2194=DIRECTION('',(1.,-0.000000001,-0.000000006));
#2195=VECTOR('',#2194,22.000000002);
#2196=LINE('',#2193,#2195);
#2197=EDGE_CURVE('',#2072,#2162,#2196,.T.);
#2198=ORIENTED_EDGE('',*,*,#2197,.T.);
#2199=EDGE_LOOP('',(#2184,#2191,#2192,#2198));
#2200=FACE_BOUND('',#2199,.T.);
#2201=ADVANCED_FACE('',(#2200),#2183,.F.);
#2202=CARTESIAN_POINT('',(127.232337321,30.837219357,4.699619401));
#2203=DIRECTION('',(0.990930028,0.046449704,0.126095617));
#2204=DIRECTION('',(-0.126231868,0.,0.992000764));
#2205=AXIS2_PLACEMENT_3D('',#2202,#2203,#2204);
#2206=PLANE('',#2205);
#2207=ORIENTED_EDGE('',*,*,#1991,.T.);
#2208=CARTESIAN_POINT('',(126.263309588,43.793264406,7.542178323));
#2209=VERTEX_POINT('',#2208);
#2210=CARTESIAN_POINT('',(126.263309588,43.793264406,7.542178323));
#2211=DIRECTION('',(0.124078962,0.044014709,-0.991295676));
#2212=VECTOR('',#2211,7.608404451);
#2213=LINE('',#2210,#2212);
#2214=EDGE_CURVE('',#2209,#1977,#2213,.T.);
#2215=ORIENTED_EDGE('',*,*,#2214,.F.);
#2216=CARTESIAN_POINT('',(126.257682092,42.443578642,8.083584603));
#2217=VERTEX_POINT('',#2216);
#2218=CARTESIAN_POINT('',(129.713058396,33.635942925,-15.82623984));
#2219=DIRECTION('',(-0.990930028,-0.046449704,-0.126095617));
#2220=DIRECTION('',(-0.134378866,0.342527118,0.929848102));
#2221=AXIS2_PLACEMENT_3D('',#2218,#2219,#2220);
#2222=ELLIPSE('',#2221,25.713688425,25.480465973);
#2223=EDGE_CURVE('',#2217,#2209,#2222,.T.);
#2224=ORIENTED_EDGE('',*,*,#2223,.F.);
#2225=CARTESIAN_POINT('',(126.578441685,31.565617897,9.569978408));
#2226=VERTEX_POINT('',#2225);
#2227=CARTESIAN_POINT('',(129.713058396,33.635942925,-15.82623984));
#2228=DIRECTION('',(-0.990930028,-0.046449704,-0.126095617));
#2229=DIRECTION('',(-0.134378866,0.342527118,0.929848102));
#2230=AXIS2_PLACEMENT_3D('',#2227,#2228,#2229);
#2231=ELLIPSE('',#2230,25.713688425,25.480465973);
#2232=EDGE_CURVE('',#2226,#2217,#2231,.T.);
#2233=ORIENTED_EDGE('',*,*,#2232,.F.);
#2234=CARTESIAN_POINT('',(127.96146635,28.04033551,-0.000000112));
#2235=DIRECTION('',(-0.134378866,0.342527116,0.929848103));
#2236=VECTOR('',#2235,10.29198047);
#2237=LINE('',#2234,#2236);
#2238=EDGE_CURVE('',#1986,#2226,#2237,.T.);
#2239=ORIENTED_EDGE('',*,*,#2238,.F.);
#2240=EDGE_LOOP('',(#2207,#2215,#2224,#2233,#2239));
#2241=FACE_BOUND('',#2240,.T.);
#2242=ADVANCED_FACE('',(#2241),#2206,.T.);
#2243=CARTESIAN_POINT('',(80.47500289,37.694121169,9.053793185));
#2244=DIRECTION('',(-1.,0.,0.000000003));
#2245=DIRECTION('',(-0.000000003,0.,-1.));
#2246=AXIS2_PLACEMENT_3D('',#2243,#2244,#2245);
#2247=PLANE('',#2246);
#2248=ORIENTED_EDGE('',*,*,#928,.F.);
#2249=ORIENTED_EDGE('',*,*,#1483,.F.);
#2250=ORIENTED_EDGE('',*,*,#1726,.F.);
#2251=CARTESIAN_POINT('',(80.475002889,44.551173325,7.9209491));
#2252=VERTEX_POINT('',#2251);
#2253=CARTESIAN_POINT('',(80.47500289,44.551173325,7.9209491));
#2254=DIRECTION('',(-0.000000006,-0.162999156,-0.986626208));
#2255=VECTOR('',#2254,4.24949696);
#2256=LINE('',#2253,#2255);
#2257=EDGE_CURVE('',#2252,#1715,#2256,.T.);
#2258=ORIENTED_EDGE('',*,*,#2257,.F.);
#2259=CARTESIAN_POINT('',(80.475002893,30.837069012,10.186637321));
#2260=VERTEX_POINT('',#2259);
#2261=CARTESIAN_POINT('',(80.475002887,44.551173317,7.920949051));
#2262=DIRECTION('',(0.,-0.986626208,0.162999156));
#2263=VECTOR('',#2262,13.900000008);
#2264=LINE('',#2261,#2263);
#2265=EDGE_CURVE('',#2252,#2260,#2264,.T.);
#2266=ORIENTED_EDGE('',*,*,#2265,.T.);
#2267=CARTESIAN_POINT('',(80.475002887,30.511070708,8.213384906));
#2268=VERTEX_POINT('',#2267);
#2269=CARTESIAN_POINT('',(80.475002893,30.83706902,10.18663732));
#2270=DIRECTION('',(-0.000000003,-0.162999156,-0.986626208));
#2271=VECTOR('',#2270,1.999999997);
#2272=LINE('',#2269,#2271);
#2273=EDGE_CURVE('',#2260,#2268,#2272,.T.);
#2274=ORIENTED_EDGE('',*,*,#2273,.T.);
#2275=CARTESIAN_POINT('',(80.475002887,30.511070708,8.213384903));
#2276=DIRECTION('',(-0.,0.986626212,-0.162999135));
#2277=VECTOR('',#2276,0.020995326);
#2278=LINE('',#2275,#2277);
#2279=EDGE_CURVE('',#2268,#923,#2278,.T.);
#2280=ORIENTED_EDGE('',*,*,#2279,.T.);
#2281=EDGE_LOOP('',(#2248,#2249,#2250,#2258,#2266,#2274,#2280));
#2282=FACE_BOUND('',#2281,.T.);
#2283=ADVANCED_FACE('',(#2282),#2247,.F.);
#2284=CARTESIAN_POINT('',(95.47500289,44.55117331,7.920949007));
#2285=DIRECTION('',(0.,0.986626208,-0.162999156));
#2286=DIRECTION('',(0.000000006,0.162999156,0.986626208));
#2287=AXIS2_PLACEMENT_3D('',#2284,#2285,#2286);
#2288=PLANE('',#2287);
#2289=ORIENTED_EDGE('',*,*,#2257,.T.);
#2290=ORIENTED_EDGE('',*,*,#1720,.F.);
#2291=ORIENTED_EDGE('',*,*,#1869,.F.);
#2292=CARTESIAN_POINT('',(113.475002879,44.551173301,7.920948954));
#2293=DIRECTION('',(-1.,0.000000001,0.000000006));
#2294=VECTOR('',#2293,32.99999999);
#2295=LINE('',#2292,#2294);
#2296=EDGE_CURVE('',#1858,#2252,#2295,.T.);
#2297=ORIENTED_EDGE('',*,*,#2296,.T.);
#2298=EDGE_LOOP('',(#2289,#2290,#2291,#2297));
#2299=FACE_BOUND('',#2298,.T.);
#2300=ADVANCED_FACE('',(#2299),#2288,.F.);
#2301=CARTESIAN_POINT('',(71.625005594,36.001363253,4.100000219));
#2302=DIRECTION('',(-1.,0.000000001,0.000000006));
#2303=DIRECTION('',(0.000000001,1.,0.));
#2304=AXIS2_PLACEMENT_3D('',#2301,#2302,#2303);
#2305=PLANE('',#2304);
#2306=CARTESIAN_POINT('',(71.625005582,35.401363252,2.200000229));
#2307=VERTEX_POINT('',#2306);
#2308=CARTESIAN_POINT('',(71.625005604,35.401363252,5.810472109));
#2309=DIRECTION('',(-0.000000006,0.,-1.));
#2310=VECTOR('',#2309,3.61047188);
#2311=LINE('',#2308,#2310);
#2312=EDGE_CURVE('',#1277,#2307,#2311,.T.);
#2313=ORIENTED_EDGE('',*,*,#2312,.T.);
#2314=CARTESIAN_POINT('',(71.62500558,33.551363252,2.200000229));
#2315=VERTEX_POINT('',#2314);
#2316=CARTESIAN_POINT('',(71.625005582,35.401363252,2.200000229));
#2317=DIRECTION('',(-0.000000001,-1.,0.));
#2318=VECTOR('',#2317,1.85);
#2319=LINE('',#2316,#2318);
#2320=EDGE_CURVE('',#2307,#2315,#2319,.T.);
#2321=ORIENTED_EDGE('',*,*,#2320,.T.);
#2322=CARTESIAN_POINT('',(71.625005596,33.551363252,4.885621666));
#2323=DIRECTION('',(-0.000000006,0.,-1.));
#2324=VECTOR('',#2323,2.685621438);
#2325=LINE('',#2322,#2324);
#2326=EDGE_CURVE('',#1285,#2315,#2325,.T.);
#2327=ORIENTED_EDGE('',*,*,#2326,.F.);
#2328=ORIENTED_EDGE('',*,*,#1290,.T.);
#2329=EDGE_LOOP('',(#2313,#2321,#2327,#2328));
#2330=FACE_BOUND('',#2329,.T.);
#2331=ADVANCED_FACE('',(#2330),#2305,.T.);
#2332=CARTESIAN_POINT('',(139.550005652,22.813290925,-8.403706896));
#2333=DIRECTION('',(0.000000001,-0.938358993,0.345662263));
#2334=DIRECTION('',(-1.,0.000000001,0.000000006));
#2335=AXIS2_PLACEMENT_3D('',#2332,#2333,#2334);
#2336=PLANE('',#2335);
#2337=CARTESIAN_POINT('',(17.453429602,29.596000585,10.009112233));
#2338=VERTEX_POINT('',#2337);
#2339=CARTESIAN_POINT('',(124.596581631,29.596000503,10.0091117));
#2340=VERTEX_POINT('',#2339);
#2341=CARTESIAN_POINT('',(17.453429602,29.596000585,10.009112233));
#2342=CARTESIAN_POINT('',(53.167813612,29.596000558,10.009112056));
#2343=CARTESIAN_POINT('',(88.882197621,29.59600053,10.009111878));
#2344=CARTESIAN_POINT('',(124.596581631,29.596000503,10.0091117));
#2345=B_SPLINE_CURVE_WITH_KNOTS('',3,(#2341,#2342,#2343,#2344),.UNSPECIFIED.,.F.,.F.,(4,4),(0.146737778,0.25388093),.UNSPECIFIED.);
#2346=EDGE_CURVE('',#2338,#2340,#2345,.T.);
#2347=ORIENTED_EDGE('',*,*,#2346,.F.);
#2348=CARTESIAN_POINT('',(16.006942593,25.908955194,0.00000054));
#2349=DIRECTION('',(0.134378878,0.342527116,0.929848102));
#2350=VECTOR('',#2349,10.764243832);
#2351=LINE('',#2348,#2350);
#2352=EDGE_CURVE('',#2003,#2338,#2351,.T.);
#2353=ORIENTED_EDGE('',*,*,#2352,.F.);
#2354=ORIENTED_EDGE('',*,*,#2008,.T.);
#2355=CARTESIAN_POINT('',(124.596581631,29.596000503,10.0091117));
#2356=DIRECTION('',(0.134378866,-0.342527116,-0.929848103));
#2357=VECTOR('',#2356,10.764243943);
#2358=LINE('',#2355,#2357);
#2359=EDGE_CURVE('',#2340,#1994,#2358,.T.);
#2360=ORIENTED_EDGE('',*,*,#2359,.F.);
#2361=EDGE_LOOP('',(#2347,#2353,#2354,#2360));
#2362=FACE_BOUND('',#2361,.T.);
#2363=ADVANCED_FACE('',(#2362),#2336,.T.);
#2364=CARTESIAN_POINT('',(128.47045042,-0.519352604,-1.409871025));
#2365=DIRECTION('',(0.990930028,0.046449704,0.126095617));
#2366=DIRECTION('',(0.046078142,-0.99892063,0.005863433));
#2367=AXIS2_PLACEMENT_3D('',#2364,#2365,#2366);
#2368=PLANE('',#2367);
#2369=ORIENTED_EDGE('',*,*,#1945,.T.);
#2370=ORIENTED_EDGE('',*,*,#840,.F.);
#2371=ORIENTED_EDGE('',*,*,#1817,.T.);
#2372=ORIENTED_EDGE('',*,*,#1130,.F.);
#2373=ORIENTED_EDGE('',*,*,#268,.T.);
#2374=ORIENTED_EDGE('',*,*,#339,.F.);
#2375=CARTESIAN_POINT('',(125.320229815,41.4513632,7.885621512));
#2376=VERTEX_POINT('',#2375);
#2377=CARTESIAN_POINT('',(125.701979121,41.4513632,4.88562151));
#2378=DIRECTION('',(0.990930028,0.046449704,0.126095617));
#2379=DIRECTION('',(-0.134378866,0.342527124,0.929848101));
#2380=AXIS2_PLACEMENT_3D('',#2377,#2378,#2379);
#2381=ELLIPSE('',#2380,3.027458969,3.);
#2382=EDGE_CURVE('',#2376,#328,#2381,.T.);
#2383=ORIENTED_EDGE('',*,*,#2382,.F.);
#2384=CARTESIAN_POINT('',(125.701979121,41.4513632,4.88562151));
#2385=DIRECTION('',(0.990930028,0.046449704,0.126095617));
#2386=DIRECTION('',(-0.134378866,0.342527124,0.929848101));
#2387=AXIS2_PLACEMENT_3D('',#2384,#2385,#2386);
#2388=ELLIPSE('',#2387,3.027458969,3.);
#2389=EDGE_CURVE('',#1207,#2376,#2388,.T.);
#2390=ORIENTED_EDGE('',*,*,#2389,.F.);
#2391=ORIENTED_EDGE('',*,*,#1234,.T.);
#2392=ORIENTED_EDGE('',*,*,#1655,.F.);
#2393=EDGE_LOOP('',(#2369,#2370,#2371,#2372,#2373,#2374,#2383,#2390,#2391,#2392));
#2394=FACE_BOUND('',#2393,.T.);
#2395=ADVANCED_FACE('',(#2394),#2368,.F.);
#2396=CARTESIAN_POINT('',(139.550005736,45.93545941,2.039588918));
#2397=DIRECTION('',(0.000000001,0.999015722,0.044357488));
#2398=DIRECTION('',(1.,-0.000000001,-0.000000006));
#2399=AXIS2_PLACEMENT_3D('',#2396,#2397,#2398);
#2400=PLANE('',#2399);
#2401=ORIENTED_EDGE('',*,*,#1974,.F.);
#2402=CARTESIAN_POINT('',(17.768561701,45.698396525,7.378702608));
#2403=VERTEX_POINT('',#2402);
#2404=CARTESIAN_POINT('',(17.768561701,45.698396525,7.378702608));
#2405=DIRECTION('',(-0.124078974,0.044014709,-0.991295674));
#2406=VECTOR('',#2405,7.443492654);
#2407=LINE('',#2404,#2406);
#2408=EDGE_CURVE('',#2403,#1960,#2407,.T.);
#2409=ORIENTED_EDGE('',*,*,#2408,.F.);
#2410=CARTESIAN_POINT('',(124.281449534,45.698396442,7.378702065));
#2411=VERTEX_POINT('',#2410);
#2412=CARTESIAN_POINT('',(124.281449534,45.698396442,7.378702065));
#2413=CARTESIAN_POINT('',(88.77715359,45.69839647,7.378702246));
#2414=CARTESIAN_POINT('',(53.272857645,45.698396497,7.378702427));
#2415=CARTESIAN_POINT('',(17.768561701,45.698396525,7.378702608));
#2416=B_SPLINE_CURVE_WITH_KNOTS('',3,(#2412,#2413,#2414,#2415),.UNSPECIFIED.,.F.,.F.,(4,4),(0.147412139,0.253925027),.UNSPECIFIED.);
#2417=EDGE_CURVE('',#2411,#2403,#2416,.T.);
#2418=ORIENTED_EDGE('',*,*,#2417,.F.);
#2419=CARTESIAN_POINT('',(125.205030391,46.026019607,-0.000000109));
#2420=DIRECTION('',(-0.124078962,-0.044014709,0.991295676));
#2421=VECTOR('',#2420,7.44349275);
#2422=LINE('',#2419,#2421);
#2423=EDGE_CURVE('',#1969,#2411,#2422,.T.);
#2424=ORIENTED_EDGE('',*,*,#2423,.F.);
#2425=EDGE_LOOP('',(#2401,#2409,#2418,#2424));
#2426=FACE_BOUND('',#2425,.T.);
#2427=ADVANCED_FACE('',(#2426),#2400,.T.);
#2428=CARTESIAN_POINT('',(74.325005594,36.00136325,4.100000204));
#2429=DIRECTION('',(-1.,0.000000001,0.000000006));
#2430=DIRECTION('',(0.000000001,1.,0.));
#2431=AXIS2_PLACEMENT_3D('',#2428,#2429,#2430);
#2432=PLANE('',#2431);
#2433=CARTESIAN_POINT('',(74.325005606,33.551363251,6.686395639));
#2434=VERTEX_POINT('',#2433);
#2435=CARTESIAN_POINT('',(74.325005577,33.55136325,1.700000212));
#2436=VERTEX_POINT('',#2435);
#2437=CARTESIAN_POINT('',(74.325005607,33.55136325,6.686395639));
#2438=DIRECTION('',(-0.000000006,0.,-1.));
#2439=VECTOR('',#2438,4.986395427);
#2440=LINE('',#2437,#2439);
#2441=EDGE_CURVE('',#2434,#2436,#2440,.T.);
#2442=ORIENTED_EDGE('',*,*,#2441,.T.);
#2443=CARTESIAN_POINT('',(74.325005581,38.45136325,1.700000212));
#2444=VERTEX_POINT('',#2443);
#2445=CARTESIAN_POINT('',(74.325005582,38.45136325,1.700000212));
#2446=DIRECTION('',(-0.000000001,-1.,0.));
#2447=VECTOR('',#2446,4.9);
#2448=LINE('',#2445,#2447);
#2449=EDGE_CURVE('',#2444,#2436,#2448,.T.);
#2450=ORIENTED_EDGE('',*,*,#2449,.F.);
#2451=CARTESIAN_POINT('',(74.325005621,38.45136325,8.421912736));
#2452=DIRECTION('',(-0.000000006,0.,-1.));
#2453=VECTOR('',#2452,6.721912524);
#2454=LINE('',#2451,#2453);
#2455=EDGE_CURVE('',#1441,#2444,#2454,.T.);
#2456=ORIENTED_EDGE('',*,*,#2455,.F.);
#2457=ORIENTED_EDGE('',*,*,#1446,.T.);
#2458=CARTESIAN_POINT('',(74.325005603,30.551363252,6.686395644));
#2459=DIRECTION('',(1.,-0.000000001,-0.000000003));
#2460=DIRECTION('',(0.000000003,0.,1.));
#2461=AXIS2_PLACEMENT_3D('',#2458,#2459,#2460);
#2462=CIRCLE('',#2461,3.);
#2463=EDGE_CURVE('',#2434,#907,#2462,.T.);
#2464=ORIENTED_EDGE('',*,*,#2463,.F.);
#2465=EDGE_LOOP('',(#2442,#2450,#2456,#2457,#2464));
#2466=FACE_BOUND('',#2465,.T.);
#2467=ADVANCED_FACE('',(#2466),#2432,.F.);
#2468=CARTESIAN_POINT('',(71.025005596,38.451363253,4.100000223));
#2469=DIRECTION('',(-0.000000001,-1.,0.));
#2470=DIRECTION('',(-0.000000006,0.,-1.));
#2471=AXIS2_PLACEMENT_3D('',#2468,#2469,#2470);
#2472=PLANE('',#2471);
#2473=CARTESIAN_POINT('',(72.125005582,38.451363252,1.700000226));
#2474=VERTEX_POINT('',#2473);
#2475=CARTESIAN_POINT('',(72.512505582,38.451363252,1.700000223));
#2476=VERTEX_POINT('',#2475);
#2477=CARTESIAN_POINT('',(72.125005582,38.451363252,1.700000226));
#2478=DIRECTION('',(1.,-0.000000001,-0.000000006));
#2479=VECTOR('',#2478,0.3875);
#2480=LINE('',#2477,#2479);
#2481=EDGE_CURVE('',#2474,#2476,#2480,.T.);
#2482=ORIENTED_EDGE('',*,*,#2481,.F.);
#2483=CARTESIAN_POINT('',(72.125005585,38.451363252,2.200000226));
#2484=DIRECTION('',(0.000000001,1.,-0.));
#2485=DIRECTION('',(1.,-0.000000001,0.));
#2486=AXIS2_PLACEMENT_3D('',#2483,#2484,#2485);
#2487=CIRCLE('',#2486,0.5);
#2488=EDGE_CURVE('',#2474,#1495,#2487,.T.);
#2489=ORIENTED_EDGE('',*,*,#2488,.T.);
#2490=ORIENTED_EDGE('',*,*,#1500,.F.);
#2491=ORIENTED_EDGE('',*,*,#1322,.F.);
#2492=CARTESIAN_POINT('',(70.425005585,38.451363254,2.200000236));
#2493=VERTEX_POINT('',#2492);
#2494=CARTESIAN_POINT('',(70.425005601,38.451363254,4.885621673));
#2495=DIRECTION('',(-0.000000006,0.,-1.));
#2496=VECTOR('',#2495,2.685621437);
#2497=LINE('',#2494,#2496);
#2498=EDGE_CURVE('',#1307,#2493,#2497,.T.);
#2499=ORIENTED_EDGE('',*,*,#2498,.T.);
#2500=CARTESIAN_POINT('',(69.925005582,38.451363255,1.700000239));
#2501=VERTEX_POINT('',#2500);
#2502=CARTESIAN_POINT('',(69.925005585,38.451363254,2.200000239));
#2503=DIRECTION('',(0.000000001,1.,-0.));
#2504=DIRECTION('',(1.,-0.000000001,0.));
#2505=AXIS2_PLACEMENT_3D('',#2502,#2503,#2504);
#2506=CIRCLE('',#2505,0.5);
#2507=EDGE_CURVE('',#2493,#2501,#2506,.T.);
#2508=ORIENTED_EDGE('',*,*,#2507,.T.);
#2509=CARTESIAN_POINT('',(69.537505581,38.451363255,1.700000237));
#2510=VERTEX_POINT('',#2509);
#2511=CARTESIAN_POINT('',(69.537505581,38.451363255,1.700000241));
#2512=DIRECTION('',(1.,-0.000000001,-0.000000006));
#2513=VECTOR('',#2512,0.387500001);
#2514=LINE('',#2511,#2513);
#2515=EDGE_CURVE('',#2510,#2501,#2514,.T.);
#2516=ORIENTED_EDGE('',*,*,#2515,.F.);
#2517=CARTESIAN_POINT('',(69.537505585,38.451363255,2.200000241));
#2518=VERTEX_POINT('',#2517);
#2519=CARTESIAN_POINT('',(69.537505584,38.451363255,2.200000241));
#2520=DIRECTION('',(-0.000000006,-0.,-1.));
#2521=VECTOR('',#2520,0.500000005);
#2522=LINE('',#2519,#2521);
#2523=EDGE_CURVE('',#2518,#2510,#2522,.T.);
#2524=ORIENTED_EDGE('',*,*,#2523,.F.);
#2525=CARTESIAN_POINT('',(68.537505585,38.451363256,2.200000243));
#2526=VERTEX_POINT('',#2525);
#2527=CARTESIAN_POINT('',(68.537505585,38.451363256,2.200000247));
#2528=DIRECTION('',(1.,-0.000000001,-0.000000006));
#2529=VECTOR('',#2528,1.);
#2530=LINE('',#2527,#2529);
#2531=EDGE_CURVE('',#2526,#2518,#2530,.T.);
#2532=ORIENTED_EDGE('',*,*,#2531,.F.);
#2533=CARTESIAN_POINT('',(68.537505582,38.451363255,1.700000247));
#2534=VERTEX_POINT('',#2533);
#2535=CARTESIAN_POINT('',(68.537505585,38.451363255,2.200000243));
#2536=DIRECTION('',(-0.000000006,0.,-1.));
#2537=VECTOR('',#2536,0.499999995);
#2538=LINE('',#2535,#2537);
#2539=EDGE_CURVE('',#2526,#2534,#2538,.T.);
#2540=ORIENTED_EDGE('',*,*,#2539,.T.);
#2541=CARTESIAN_POINT('',(67.725005582,38.451363256,1.700000252));
#2542=VERTEX_POINT('',#2541);
#2543=CARTESIAN_POINT('',(67.725005582,38.451363256,1.700000252));
#2544=DIRECTION('',(1.,-0.000000001,-0.000000006));
#2545=VECTOR('',#2544,0.8125);
#2546=LINE('',#2543,#2545);
#2547=EDGE_CURVE('',#2542,#2534,#2546,.T.);
#2548=ORIENTED_EDGE('',*,*,#2547,.F.);
#2549=CARTESIAN_POINT('',(67.725005622,38.451363256,8.421912765));
#2550=DIRECTION('',(-0.000000006,-0.,-1.));
#2551=VECTOR('',#2550,6.721912513);
#2552=LINE('',#2549,#2551);
#2553=EDGE_CURVE('',#1449,#2542,#2552,.T.);
#2554=ORIENTED_EDGE('',*,*,#2553,.F.);
#2555=ORIENTED_EDGE('',*,*,#1454,.T.);
#2556=ORIENTED_EDGE('',*,*,#2455,.T.);
#2557=CARTESIAN_POINT('',(73.512505581,38.451363251,1.700000213));
#2558=VERTEX_POINT('',#2557);
#2559=CARTESIAN_POINT('',(73.512505581,38.451363251,1.700000217));
#2560=DIRECTION('',(1.,-0.000000001,-0.000000006));
#2561=VECTOR('',#2560,0.8125);
#2562=LINE('',#2559,#2561);
#2563=EDGE_CURVE('',#2558,#2444,#2562,.T.);
#2564=ORIENTED_EDGE('',*,*,#2563,.F.);
#2565=CARTESIAN_POINT('',(73.512505585,38.451363251,2.200000217));
#2566=VERTEX_POINT('',#2565);
#2567=CARTESIAN_POINT('',(73.512505584,38.451363251,2.200000217));
#2568=DIRECTION('',(-0.000000006,-0.,-1.));
#2569=VECTOR('',#2568,0.500000004);
#2570=LINE('',#2567,#2569);
#2571=EDGE_CURVE('',#2566,#2558,#2570,.T.);
#2572=ORIENTED_EDGE('',*,*,#2571,.F.);
#2573=CARTESIAN_POINT('',(72.512505585,38.451363252,2.200000219));
#2574=VERTEX_POINT('',#2573);
#2575=CARTESIAN_POINT('',(72.512505585,38.451363252,2.200000223));
#2576=DIRECTION('',(1.,-0.000000001,-0.000000006));
#2577=VECTOR('',#2576,1.);
#2578=LINE('',#2575,#2577);
#2579=EDGE_CURVE('',#2574,#2566,#2578,.T.);
#2580=ORIENTED_EDGE('',*,*,#2579,.F.);
#2581=CARTESIAN_POINT('',(72.512505585,38.451363252,2.200000219));
#2582=DIRECTION('',(-0.000000006,0.,-1.));
#2583=VECTOR('',#2582,0.499999995);
#2584=LINE('',#2581,#2583);
#2585=EDGE_CURVE('',#2574,#2476,#2584,.T.);
#2586=ORIENTED_EDGE('',*,*,#2585,.T.);
#2587=EDGE_LOOP('',(#2482,#2489,#2490,#2491,#2499,#2508,#2516,#2524,#2532,#2540,#2548,#2554,#2555,#2556,#2564,#2572,#2580,#2586));
#2588=FACE_BOUND('',#2587,.T.);
#2589=ADVANCED_FACE('',(#2588),#2472,.F.);
#2590=CARTESIAN_POINT('',(73.190005594,36.001363251,4.10000021));
#2591=DIRECTION('',(-1.,0.000000001,0.000000006));
#2592=DIRECTION('',(-0.000000006,0.,-1.));
#2593=AXIS2_PLACEMENT_3D('',#2590,#2591,#2592);
#2594=PLANE('',#2593);
#2595=ORIENTED_EDGE('',*,*,#1368,.T.);
#2596=CARTESIAN_POINT('',(73.190005582,35.401363251,2.200000219));
#2597=VERTEX_POINT('',#2596);
#2598=CARTESIAN_POINT('',(73.190005583,36.601363251,2.200000219));
#2599=DIRECTION('',(-0.000000001,-1.,0.));
#2600=VECTOR('',#2599,1.2);
#2601=LINE('',#2598,#2600);
#2602=EDGE_CURVE('',#1355,#2597,#2601,.T.);
#2603=ORIENTED_EDGE('',*,*,#2602,.T.);
#2604=CARTESIAN_POINT('',(73.190005622,35.401363251,8.925799045));
#2605=DIRECTION('',(-0.000000006,0.,-1.));
#2606=VECTOR('',#2605,6.725798826);
#2607=LINE('',#2604,#2606);
#2608=EDGE_CURVE('',#1419,#2597,#2607,.T.);
#2609=ORIENTED_EDGE('',*,*,#2608,.F.);
#2610=ORIENTED_EDGE('',*,*,#1424,.T.);
#2611=EDGE_LOOP('',(#2595,#2603,#2609,#2610));
#2612=FACE_BOUND('',#2611,.T.);
#2613=ADVANCED_FACE('',(#2612),#2594,.T.);
#2614=CARTESIAN_POINT('',(71.025005593,35.401363253,4.100000223));
#2615=DIRECTION('',(0.000000001,1.,-0.));
#2616=DIRECTION('',(0.000000006,-0.,1.));
#2617=AXIS2_PLACEMENT_3D('',#2614,#2615,#2616);
#2618=PLANE('',#2617);
#2619=ORIENTED_EDGE('',*,*,#2608,.T.);
#2620=CARTESIAN_POINT('',(73.190005582,35.401363251,2.200000219));
#2621=DIRECTION('',(-1.,0.000000001,0.000000006));
#2622=VECTOR('',#2621,1.565);
#2623=LINE('',#2620,#2622);
#2624=EDGE_CURVE('',#2597,#2307,#2623,.T.);
#2625=ORIENTED_EDGE('',*,*,#2624,.T.);
#2626=ORIENTED_EDGE('',*,*,#2312,.F.);
#2627=ORIENTED_EDGE('',*,*,#1282,.F.);
#2628=CARTESIAN_POINT('',(70.425005582,35.401363254,2.200000236));
#2629=VERTEX_POINT('',#2628);
#2630=CARTESIAN_POINT('',(70.425005604,35.401363254,5.810472116));
#2631=DIRECTION('',(-0.000000006,0.,-1.));
#2632=VECTOR('',#2631,3.61047188);
#2633=LINE('',#2630,#2632);
#2634=EDGE_CURVE('',#1267,#2629,#2633,.T.);
#2635=ORIENTED_EDGE('',*,*,#2634,.T.);
#2636=CARTESIAN_POINT('',(68.860005582,35.401363255,2.200000245));
#2637=VERTEX_POINT('',#2636);
#2638=CARTESIAN_POINT('',(70.425005582,35.401363254,2.200000236));
#2639=DIRECTION('',(-1.,0.000000001,0.000000006));
#2640=VECTOR('',#2639,1.565);
#2641=LINE('',#2638,#2640);
#2642=EDGE_CURVE('',#2629,#2637,#2641,.T.);
#2643=ORIENTED_EDGE('',*,*,#2642,.T.);
#2644=CARTESIAN_POINT('',(68.860005622,35.401363255,8.925799058));
#2645=DIRECTION('',(-0.000000006,0.,-1.));
#2646=VECTOR('',#2645,6.725798813);
#2647=LINE('',#2644,#2646);
#2648=EDGE_CURVE('',#1410,#2637,#2647,.T.);
#2649=ORIENTED_EDGE('',*,*,#2648,.F.);
#2650=ORIENTED_EDGE('',*,*,#1430,.T.);
#2651=EDGE_LOOP('',(#2619,#2625,#2626,#2627,#2635,#2643,#2649,#2650));
#2652=FACE_BOUND('',#2651,.T.);
#2653=ADVANCED_FACE('',(#2652),#2618,.T.);
#2654=CARTESIAN_POINT('',(71.025005591,33.551363253,4.100000223));
#2655=DIRECTION('',(0.000000001,1.,-0.));
#2656=DIRECTION('',(0.000000006,-0.,1.));
#2657=AXIS2_PLACEMENT_3D('',#2654,#2655,#2656);
#2658=PLANE('',#2657);
#2659=ORIENTED_EDGE('',*,*,#2326,.T.);
#2660=CARTESIAN_POINT('',(72.125005577,33.551363252,1.700000226));
#2661=VERTEX_POINT('',#2660);
#2662=CARTESIAN_POINT('',(72.12500558,33.551363252,2.200000226));
#2663=DIRECTION('',(-0.000000001,-1.,-0.));
#2664=DIRECTION('',(-1.,0.000000001,0.));
#2665=AXIS2_PLACEMENT_3D('',#2662,#2663,#2664);
#2666=CIRCLE('',#2665,0.5);
#2667=EDGE_CURVE('',#2315,#2661,#2666,.T.);
#2668=ORIENTED_EDGE('',*,*,#2667,.T.);
#2669=CARTESIAN_POINT('',(72.512505577,33.551363252,1.700000219));
#2670=VERTEX_POINT('',#2669);
#2671=CARTESIAN_POINT('',(72.512505577,33.551363252,1.700000223));
#2672=DIRECTION('',(-1.,0.000000001,0.000000006));
#2673=VECTOR('',#2672,0.3875);
#2674=LINE('',#2671,#2673);
#2675=EDGE_CURVE('',#2670,#2661,#2674,.T.);
#2676=ORIENTED_EDGE('',*,*,#2675,.F.);
#2677=CARTESIAN_POINT('',(72.51250558,33.551363252,2.200000223));
#2678=VERTEX_POINT('',#2677);
#2679=CARTESIAN_POINT('',(72.51250558,33.551363252,2.200000223));
#2680=DIRECTION('',(-0.000000006,0.,-1.));
#2681=VECTOR('',#2680,0.500000005);
#2682=LINE('',#2679,#2681);
#2683=EDGE_CURVE('',#2678,#2670,#2682,.T.);
#2684=ORIENTED_EDGE('',*,*,#2683,.F.);
#2685=CARTESIAN_POINT('',(73.531107252,33.551363251,2.200000213));
#2686=VERTEX_POINT('',#2685);
#2687=CARTESIAN_POINT('',(73.531107252,33.551363251,2.200000217));
#2688=DIRECTION('',(-1.,0.000000001,0.000000006));
#2689=VECTOR('',#2688,1.018601672);
#2690=LINE('',#2687,#2689);
#2691=EDGE_CURVE('',#2686,#2678,#2690,.T.);
#2692=ORIENTED_EDGE('',*,*,#2691,.F.);
#2693=CARTESIAN_POINT('',(73.531107249,33.551363251,1.700000217));
#2694=VERTEX_POINT('',#2693);
#2695=CARTESIAN_POINT('',(73.531107252,33.55136325,2.200000213));
#2696=DIRECTION('',(-0.000000006,0.,-1.));
#2697=VECTOR('',#2696,0.499999995);
#2698=LINE('',#2695,#2697);
#2699=EDGE_CURVE('',#2686,#2694,#2698,.T.);
#2700=ORIENTED_EDGE('',*,*,#2699,.T.);
#2701=CARTESIAN_POINT('',(74.325005577,33.55136325,1.700000212));
#2702=DIRECTION('',(-1.,0.000000001,0.000000006));
#2703=VECTOR('',#2702,0.793898328);
#2704=LINE('',#2701,#2703);
#2705=EDGE_CURVE('',#2436,#2694,#2704,.T.);
#2706=ORIENTED_EDGE('',*,*,#2705,.F.);
#2707=ORIENTED_EDGE('',*,*,#2441,.F.);
#2708=CARTESIAN_POINT('',(67.725005608,33.551363257,6.686395659));
#2709=VERTEX_POINT('',#2708);
#2710=CARTESIAN_POINT('',(67.725005608,33.551363259,6.686395654));
#2711=DIRECTION('',(1.,-0.000000001,-0.000000003));
#2712=VECTOR('',#2711,6.599999998);
#2713=LINE('',#2710,#2712);
#2714=EDGE_CURVE('',#2709,#2434,#2713,.T.);
#2715=ORIENTED_EDGE('',*,*,#2714,.F.);
#2716=CARTESIAN_POINT('',(67.725005577,33.551363257,1.700000252));
#2717=VERTEX_POINT('',#2716);
#2718=CARTESIAN_POINT('',(67.725005606,33.551363256,6.686395659));
#2719=DIRECTION('',(-0.000000006,0.,-1.));
#2720=VECTOR('',#2719,4.986395407);
#2721=LINE('',#2718,#2720);
#2722=EDGE_CURVE('',#2709,#2717,#2721,.T.);
#2723=ORIENTED_EDGE('',*,*,#2722,.T.);
#2724=CARTESIAN_POINT('',(68.537505577,33.551363256,1.700000243));
#2725=VERTEX_POINT('',#2724);
#2726=CARTESIAN_POINT('',(68.537505577,33.551363256,1.700000247));
#2727=DIRECTION('',(-1.,0.000000001,0.000000006));
#2728=VECTOR('',#2727,0.8125);
#2729=LINE('',#2726,#2728);
#2730=EDGE_CURVE('',#2725,#2717,#2729,.T.);
#2731=ORIENTED_EDGE('',*,*,#2730,.F.);
#2732=CARTESIAN_POINT('',(68.53750558,33.551363256,2.200000247));
#2733=VERTEX_POINT('',#2732);
#2734=CARTESIAN_POINT('',(68.53750558,33.551363256,2.200000247));
#2735=DIRECTION('',(-0.000000006,0.,-1.));
#2736=VECTOR('',#2735,0.500000005);
#2737=LINE('',#2734,#2736);
#2738=EDGE_CURVE('',#2733,#2725,#2737,.T.);
#2739=ORIENTED_EDGE('',*,*,#2738,.F.);
#2740=CARTESIAN_POINT('',(69.53750558,33.551363255,2.200000237));
#2741=VERTEX_POINT('',#2740);
#2742=CARTESIAN_POINT('',(69.53750558,33.551363255,2.200000241));
#2743=DIRECTION('',(-1.,0.000000001,0.000000006));
#2744=VECTOR('',#2743,1.);
#2745=LINE('',#2742,#2744);
#2746=EDGE_CURVE('',#2741,#2733,#2745,.T.);
#2747=ORIENTED_EDGE('',*,*,#2746,.F.);
#2748=CARTESIAN_POINT('',(69.537505577,33.551363254,1.700000241));
#2749=VERTEX_POINT('',#2748);
#2750=CARTESIAN_POINT('',(69.53750558,33.551363254,2.200000237));
#2751=DIRECTION('',(-0.000000006,0.,-1.));
#2752=VECTOR('',#2751,0.499999995);
#2753=LINE('',#2750,#2752);
#2754=EDGE_CURVE('',#2741,#2749,#2753,.T.);
#2755=ORIENTED_EDGE('',*,*,#2754,.T.);
#2756=CARTESIAN_POINT('',(69.925005577,33.551363254,1.700000239));
#2757=VERTEX_POINT('',#2756);
#2758=CARTESIAN_POINT('',(69.925005577,33.551363254,1.700000239));
#2759=DIRECTION('',(-1.,0.000000001,0.000000006));
#2760=VECTOR('',#2759,0.3875);
#2761=LINE('',#2758,#2760);
#2762=EDGE_CURVE('',#2757,#2749,#2761,.T.);
#2763=ORIENTED_EDGE('',*,*,#2762,.F.);
#2764=CARTESIAN_POINT('',(70.42500558,33.551363254,2.200000236));
#2765=VERTEX_POINT('',#2764);
#2766=CARTESIAN_POINT('',(69.92500558,33.551363254,2.200000239));
#2767=DIRECTION('',(-0.000000001,-1.,-0.));
#2768=DIRECTION('',(-1.,0.000000001,0.));
#2769=AXIS2_PLACEMENT_3D('',#2766,#2767,#2768);
#2770=CIRCLE('',#2769,0.5);
#2771=EDGE_CURVE('',#2757,#2765,#2770,.T.);
#2772=ORIENTED_EDGE('',*,*,#2771,.T.);
#2773=CARTESIAN_POINT('',(70.425005596,33.551363254,4.885621674));
#2774=DIRECTION('',(-0.000000006,0.,-1.));
#2775=VECTOR('',#2774,2.685621438);
#2776=LINE('',#2773,#2775);
#2777=EDGE_CURVE('',#1269,#2765,#2776,.T.);
#2778=ORIENTED_EDGE('',*,*,#2777,.F.);
#2779=ORIENTED_EDGE('',*,*,#1296,.T.);
#2780=EDGE_LOOP('',(#2659,#2668,#2676,#2684,#2692,#2700,#2706,#2707,#2715,#2723,#2731,#2739,#2747,#2755,#2763,#2772,#2778,#2779));
#2781=FACE_BOUND('',#2780,.T.);
#2782=ADVANCED_FACE('',(#2781),#2658,.F.);
#2783=CARTESIAN_POINT('',(73.512505587,40.987459895,2.200000209));
#2784=DIRECTION('',(1.,-0.000000001,-0.000000006));
#2785=DIRECTION('',(0.000000006,0.,1.));
#2786=AXIS2_PLACEMENT_3D('',#2783,#2784,#2785);
#2787=PLANE('',#2786);
#2788=ORIENTED_EDGE('',*,*,#1597,.T.);
#2789=CARTESIAN_POINT('',(73.512505585,38.451363251,2.200000217));
#2790=DIRECTION('',(0.000000001,1.,-0.));
#2791=VECTOR('',#2790,5.475003285);
#2792=LINE('',#2789,#2791);
#2793=EDGE_CURVE('',#2566,#1584,#2792,.T.);
#2794=ORIENTED_EDGE('',*,*,#2793,.F.);
#2795=ORIENTED_EDGE('',*,*,#2571,.T.);
#2796=CARTESIAN_POINT('',(73.512505581,38.451363251,1.700000209));
#2797=DIRECTION('',(0.000000001,1.,-0.));
#2798=VECTOR('',#2797,5.497203888);
#2799=LINE('',#2796,#2798);
#2800=EDGE_CURVE('',#2558,#1592,#2799,.T.);
#2801=ORIENTED_EDGE('',*,*,#2800,.T.);
#2802=EDGE_LOOP('',(#2788,#2794,#2795,#2801));
#2803=FACE_BOUND('',#2802,.T.);
#2804=ADVANCED_FACE('',(#2803),#2787,.T.);
#2805=CARTESIAN_POINT('',(72.512505587,40.987459896,2.200000214));
#2806=DIRECTION('',(1.,-0.000000001,-0.000000006));
#2807=DIRECTION('',(0.000000006,0.,1.));
#2808=AXIS2_PLACEMENT_3D('',#2805,#2806,#2807);
#2809=PLANE('',#2808);
#2810=CARTESIAN_POINT('',(72.512505582,38.451363252,1.700000223));
#2811=DIRECTION('',(0.000000001,1.,-0.));
#2812=VECTOR('',#2811,5.497203881);
#2813=LINE('',#2810,#2812);
#2814=EDGE_CURVE('',#2476,#1600,#2813,.T.);
#2815=ORIENTED_EDGE('',*,*,#2814,.F.);
#2816=ORIENTED_EDGE('',*,*,#2585,.F.);
#2817=CARTESIAN_POINT('',(72.512505584,38.451363252,2.200000214));
#2818=DIRECTION('',(0.000000001,1.,-0.));
#2819=VECTOR('',#2818,5.475003278);
#2820=LINE('',#2817,#2819);
#2821=EDGE_CURVE('',#2574,#1582,#2820,.T.);
#2822=ORIENTED_EDGE('',*,*,#2821,.T.);
#2823=ORIENTED_EDGE('',*,*,#1611,.F.);
#2824=EDGE_LOOP('',(#2815,#2816,#2822,#2823));
#2825=FACE_BOUND('',#2824,.T.);
#2826=ADVANCED_FACE('',(#2825),#2809,.F.);
#2827=CARTESIAN_POINT('',(139.550005693,-0.00000003,2.199999821));
#2828=DIRECTION('',(-0.000000006,0.,-1.));
#2829=DIRECTION('',(0.000000001,1.,-0.));
#2830=AXIS2_PLACEMENT_3D('',#2827,#2828,#2829);
#2831=PLANE('',#2830);
#2832=ORIENTED_EDGE('',*,*,#2821,.F.);
#2833=ORIENTED_EDGE('',*,*,#2579,.T.);
#2834=ORIENTED_EDGE('',*,*,#2793,.T.);
#2835=ORIENTED_EDGE('',*,*,#1589,.F.);
#2836=EDGE_LOOP('',(#2832,#2833,#2834,#2835));
#2837=FACE_BOUND('',#2836,.T.);
#2838=ADVANCED_FACE('',(#2837),#2831,.F.);
#2839=CARTESIAN_POINT('',(139.55000569,-0.00000003,1.699999821));
#2840=DIRECTION('',(-0.000000006,0.,-1.));
#2841=DIRECTION('',(0.000000001,1.,-0.));
#2842=AXIS2_PLACEMENT_3D('',#2839,#2840,#2841);
#2843=PLANE('',#2842);
#2844=CARTESIAN_POINT('',(73.690005581,37.10136325,1.700000216));
#2845=VERTEX_POINT('',#2844);
#2846=CARTESIAN_POINT('',(72.125005581,37.101363252,1.700000226));
#2847=VERTEX_POINT('',#2846);
#2848=CARTESIAN_POINT('',(73.690005581,37.10136325,1.700000216));
#2849=DIRECTION('',(-1.,0.000000001,0.000000006));
#2850=VECTOR('',#2849,1.565);
#2851=LINE('',#2848,#2850);
#2852=EDGE_CURVE('',#2845,#2847,#2851,.T.);
#2853=ORIENTED_EDGE('',*,*,#2852,.T.);
#2854=CARTESIAN_POINT('',(72.125005581,37.101363252,1.700000226));
#2855=DIRECTION('',(0.000000001,1.,-0.));
#2856=VECTOR('',#2855,1.35);
#2857=LINE('',#2854,#2856);
#2858=EDGE_CURVE('',#2847,#2474,#2857,.T.);
#2859=ORIENTED_EDGE('',*,*,#2858,.T.);
#2860=ORIENTED_EDGE('',*,*,#2481,.T.);
#2861=ORIENTED_EDGE('',*,*,#2814,.T.);
#2862=ORIENTED_EDGE('',*,*,#1605,.T.);
#2863=ORIENTED_EDGE('',*,*,#2800,.F.);
#2864=ORIENTED_EDGE('',*,*,#2563,.T.);
#2865=ORIENTED_EDGE('',*,*,#2449,.T.);
#2866=ORIENTED_EDGE('',*,*,#2705,.T.);
#2867=CARTESIAN_POINT('',(73.531107249,33.551363251,1.700000217));
#2868=DIRECTION('',(0.003796231,-0.999992794,-0.));
#2869=VECTOR('',#2868,5.417684715);
#2870=LINE('',#2867,#2869);
#2871=EDGE_CURVE('',#2694,#973,#2870,.T.);
#2872=ORIENTED_EDGE('',*,*,#2871,.T.);
#2873=ORIENTED_EDGE('',*,*,#1002,.T.);
#2874=CARTESIAN_POINT('',(72.512505577,33.551363252,1.700000214));
#2875=DIRECTION('',(-0.000000001,-1.,-0.));
#2876=VECTOR('',#2875,5.417645683);
#2877=LINE('',#2874,#2876);
#2878=EDGE_CURVE('',#2670,#991,#2877,.T.);
#2879=ORIENTED_EDGE('',*,*,#2878,.F.);
#2880=ORIENTED_EDGE('',*,*,#2675,.T.);
#2881=CARTESIAN_POINT('',(72.125005578,34.901363252,1.700000226));
#2882=VERTEX_POINT('',#2881);
#2883=CARTESIAN_POINT('',(72.125005577,33.551363252,1.700000226));
#2884=DIRECTION('',(0.000000001,1.,-0.));
#2885=VECTOR('',#2884,1.35);
#2886=LINE('',#2883,#2885);
#2887=EDGE_CURVE('',#2661,#2882,#2886,.T.);
#2888=ORIENTED_EDGE('',*,*,#2887,.T.);
#2889=CARTESIAN_POINT('',(73.690005578,34.90136325,1.700000216));
#2890=VERTEX_POINT('',#2889);
#2891=CARTESIAN_POINT('',(72.125005578,34.901363252,1.700000226));
#2892=DIRECTION('',(1.,-0.000000001,-0.000000006));
#2893=VECTOR('',#2892,1.565);
#2894=LINE('',#2891,#2893);
#2895=EDGE_CURVE('',#2882,#2890,#2894,.T.);
#2896=ORIENTED_EDGE('',*,*,#2895,.T.);
#2897=CARTESIAN_POINT('',(73.690005578,34.90136325,1.700000216));
#2898=DIRECTION('',(0.000000001,1.,-0.));
#2899=VECTOR('',#2898,2.2);
#2900=LINE('',#2897,#2899);
#2901=EDGE_CURVE('',#2890,#2845,#2900,.T.);
#2902=ORIENTED_EDGE('',*,*,#2901,.T.);
#2903=EDGE_LOOP('',(#2853,#2859,#2860,#2861,#2862,#2863,#2864,#2865,#2866,#2872,#2873,#2879,#2880,#2888,#2896,#2902));
#2904=FACE_BOUND('',#2903,.T.);
#2905=ADVANCED_FACE('',(#2904),#2843,.T.);
#2906=CARTESIAN_POINT('',(73.531255652,33.51227196,2.200000208));
#2907=DIRECTION('',(-0.999992794,-0.003796231,0.000000006));
#2908=DIRECTION('',(-0.003796231,0.999992794,0.));
#2909=AXIS2_PLACEMENT_3D('',#2906,#2907,#2908);
#2910=PLANE('',#2909);
#2911=ORIENTED_EDGE('',*,*,#2871,.F.);
#2912=ORIENTED_EDGE('',*,*,#2699,.F.);
#2913=CARTESIAN_POINT('',(73.531107251,33.551363251,2.200000208));
#2914=DIRECTION('',(0.003796231,-0.999992794,-0.));
#2915=VECTOR('',#2914,5.233498938);
#2916=LINE('',#2913,#2915);
#2917=EDGE_CURVE('',#2686,#975,#2916,.T.);
#2918=ORIENTED_EDGE('',*,*,#2917,.T.);
#2919=ORIENTED_EDGE('',*,*,#980,.F.);
#2920=EDGE_LOOP('',(#2911,#2912,#2918,#2919));
#2921=FACE_BOUND('',#2920,.T.);
#2922=ADVANCED_FACE('',(#2921),#2910,.F.);
#2923=CARTESIAN_POINT('',(72.51250558,33.512271961,2.200000214));
#2924=DIRECTION('',(-1.,0.000000001,0.000000006));
#2925=DIRECTION('',(0.000000001,1.,0.));
#2926=AXIS2_PLACEMENT_3D('',#2923,#2924,#2925);
#2927=PLANE('',#2926);
#2928=ORIENTED_EDGE('',*,*,#996,.T.);
#2929=CARTESIAN_POINT('',(72.51250558,33.551363252,2.200000223));
#2930=DIRECTION('',(-0.000000001,-1.,0.));
#2931=VECTOR('',#2930,5.233461234);
#2932=LINE('',#2929,#2931);
#2933=EDGE_CURVE('',#2678,#983,#2932,.T.);
#2934=ORIENTED_EDGE('',*,*,#2933,.F.);
#2935=ORIENTED_EDGE('',*,*,#2683,.T.);
#2936=ORIENTED_EDGE('',*,*,#2878,.T.);
#2937=EDGE_LOOP('',(#2928,#2934,#2935,#2936));
#2938=FACE_BOUND('',#2937,.T.);
#2939=ADVANCED_FACE('',(#2938),#2927,.T.);
#2940=CARTESIAN_POINT('',(139.550005693,-0.00000003,2.199999821));
#2941=DIRECTION('',(-0.000000006,0.,-1.));
#2942=DIRECTION('',(0.000000001,1.,-0.));
#2943=AXIS2_PLACEMENT_3D('',#2940,#2941,#2942);
#2944=PLANE('',#2943);
#2945=ORIENTED_EDGE('',*,*,#2917,.F.);
#2946=ORIENTED_EDGE('',*,*,#2691,.T.);
#2947=ORIENTED_EDGE('',*,*,#2933,.T.);
#2948=ORIENTED_EDGE('',*,*,#988,.F.);
#2949=EDGE_LOOP('',(#2945,#2946,#2947,#2948));
#2950=FACE_BOUND('',#2949,.T.);
#2951=ADVANCED_FACE('',(#2950),#2944,.F.);
#2952=CARTESIAN_POINT('',(119.225005594,36.001363206,4.09999994));
#2953=DIRECTION('',(1.,-0.000000001,-0.000000006));
#2954=DIRECTION('',(0.000000006,0.,1.));
#2955=AXIS2_PLACEMENT_3D('',#2952,#2953,#2954);
#2956=PLANE('',#2955);
#2957=ORIENTED_EDGE('',*,*,#159,.T.);
#2958=CARTESIAN_POINT('',(119.225005588,35.401363207,3.199999949));
#2959=DIRECTION('',(0.000000001,1.,-0.));
#2960=VECTOR('',#2959,1.2);
#2961=LINE('',#2958,#2960);
#2962=EDGE_CURVE('',#146,#375,#2961,.T.);
#2963=ORIENTED_EDGE('',*,*,#2962,.T.);
#2964=ORIENTED_EDGE('',*,*,#380,.F.);
#2965=ORIENTED_EDGE('',*,*,#1249,.T.);
#2966=EDGE_LOOP('',(#2957,#2963,#2964,#2965));
#2967=FACE_BOUND('',#2966,.T.);
#2968=ADVANCED_FACE('',(#2967),#2956,.T.);
#2969=CARTESIAN_POINT('',(139.550005728,30.551363187,6.686395448));
#2970=DIRECTION('',(-1.,0.000000001,0.000000003));
#2971=DIRECTION('',(0.000000003,0.,1.));
#2972=AXIS2_PLACEMENT_3D('',#2969,#2970,#2971);
#2973=CYLINDRICAL_SURFACE('',#2972,3.);
#2974=ORIENTED_EDGE('',*,*,#912,.F.);
#2975=CARTESIAN_POINT('',(67.725005607,30.551363259,6.686395663));
#2976=DIRECTION('',(1.,-0.000000001,-0.000000003));
#2977=DIRECTION('',(0.000000003,0.,1.));
#2978=AXIS2_PLACEMENT_3D('',#2975,#2976,#2977);
#2979=CIRCLE('',#2978,3.);
#2980=EDGE_CURVE('',#2709,#899,#2979,.T.);
#2981=ORIENTED_EDGE('',*,*,#2980,.F.);
#2982=ORIENTED_EDGE('',*,*,#2714,.T.);
#2983=ORIENTED_EDGE('',*,*,#2463,.T.);
#2984=EDGE_LOOP('',(#2974,#2981,#2982,#2983));
#2985=FACE_BOUND('',#2984,.T.);
#2986=ADVANCED_FACE('',(#2985),#2973,.F.);
#2987=CARTESIAN_POINT('',(121.025005601,41.451363205,4.885621524));
#2988=DIRECTION('',(-1.,0.000000001,0.000000003));
#2989=DIRECTION('',(0.000000003,0.,1.));
#2990=AXIS2_PLACEMENT_3D('',#2987,#2988,#2989);
#2991=CYLINDRICAL_SURFACE('',#2990,3.);
#2992=CARTESIAN_POINT('',(120.790005622,41.451363205,7.885621525));
#2993=DIRECTION('',(1.,-0.000000001,-0.000000003));
#2994=VECTOR('',#2993,4.530224193);
#2995=LINE('',#2992,#2994);
#2996=EDGE_CURVE('',#1789,#2376,#2995,.T.);
#2997=ORIENTED_EDGE('',*,*,#2996,.F.);
#2998=ORIENTED_EDGE('',*,*,#1795,.T.);
#2999=ORIENTED_EDGE('',*,*,#1212,.T.);
#3000=ORIENTED_EDGE('',*,*,#2389,.T.);
#3001=EDGE_LOOP('',(#2997,#2998,#2999,#3000));
#3002=FACE_BOUND('',#3001,.T.);
#3003=ADVANCED_FACE('',(#3002),#2991,.F.);
#3004=CARTESIAN_POINT('',(95.47500289,30.837069013,10.186637276));
#3005=DIRECTION('',(0.,0.986626208,-0.162999156));
#3006=DIRECTION('',(0.000000006,0.162999156,0.986626208));
#3007=AXIS2_PLACEMENT_3D('',#3004,#3005,#3006);
#3008=PLANE('',#3007);
#3009=ORIENTED_EDGE('',*,*,#760,.T.);
#3010=CARTESIAN_POINT('',(82.275003242,30.511070707,8.213384897));
#3011=VERTEX_POINT('',#3010);
#3012=CARTESIAN_POINT('',(82.27500288,30.31547172,7.029433446));
#3013=DIRECTION('',(0.,0.986626208,-0.162999156));
#3014=DIRECTION('',(-0.,-0.162999156,-0.986626208));
#3015=AXIS2_PLACEMENT_3D('',#3012,#3013,#3014);
#3016=CIRCLE('',#3015,1.2);
#3017=EDGE_CURVE('',#3011,#744,#3016,.T.);
#3018=ORIENTED_EDGE('',*,*,#3017,.F.);
#3019=CARTESIAN_POINT('',(82.275003242,30.511070707,8.213384898));
#3020=DIRECTION('',(-1.,0.000000001,0.000000006));
#3021=VECTOR('',#3020,1.800000354);
#3022=LINE('',#3019,#3021);
#3023=EDGE_CURVE('',#3011,#2268,#3022,.T.);
#3024=ORIENTED_EDGE('',*,*,#3023,.T.);
#3025=ORIENTED_EDGE('',*,*,#2273,.F.);
#3026=CARTESIAN_POINT('',(113.475002893,30.837069004,10.186637223));
#3027=DIRECTION('',(-1.,0.,0.000000003));
#3028=VECTOR('',#3027,33.);
#3029=LINE('',#3026,#3028);
#3030=EDGE_CURVE('',#1848,#2260,#3029,.T.);
#3031=ORIENTED_EDGE('',*,*,#3030,.F.);
#3032=ORIENTED_EDGE('',*,*,#1855,.T.);
#3033=CARTESIAN_POINT('',(108.975002884,30.511070695,8.21338482));
#3034=VERTEX_POINT('',#3033);
#3035=CARTESIAN_POINT('',(108.975002884,30.511070695,8.21338482));
#3036=DIRECTION('',(1.,-0.,-0.000000003));
#3037=VECTOR('',#3036,4.49999999);
#3038=LINE('',#3035,#3037);
#3039=EDGE_CURVE('',#3034,#1850,#3038,.T.);
#3040=ORIENTED_EDGE('',*,*,#3039,.F.);
#3041=CARTESIAN_POINT('',(108.975002884,30.511070694,8.21338482));
#3042=DIRECTION('',(-0.000000006,-0.162999156,-0.986626208));
#3043=VECTOR('',#3042,0.109632977);
#3044=LINE('',#3041,#3043);
#3045=EDGE_CURVE('',#3034,#755,#3044,.T.);
#3046=ORIENTED_EDGE('',*,*,#3045,.T.);
#3047=EDGE_LOOP('',(#3009,#3018,#3024,#3025,#3031,#3032,#3040,#3046));
#3048=FACE_BOUND('',#3047,.T.);
#3049=ADVANCED_FACE('',(#3048),#3008,.T.);
#3050=CARTESIAN_POINT('',(139.550005724,2.457508838,14.875185164));
#3051=DIRECTION('',(-0.000000003,-0.162999156,-0.986626208));
#3052=DIRECTION('',(1.,-0.,-0.000000003));
#3053=AXIS2_PLACEMENT_3D('',#3050,#3051,#3052);
#3054=PLANE('',#3053);
#3055=ORIENTED_EDGE('',*,*,#3030,.T.);
#3056=ORIENTED_EDGE('',*,*,#2265,.F.);
#3057=ORIENTED_EDGE('',*,*,#2296,.F.);
#3058=ORIENTED_EDGE('',*,*,#1863,.T.);
#3059=EDGE_LOOP('',(#3055,#3056,#3057,#3058));
#3060=FACE_BOUND('',#3059,.T.);
#3061=ORIENTED_EDGE('',*,*,#2115,.T.);
#3062=ORIENTED_EDGE('',*,*,#2173,.T.);
#3063=ORIENTED_EDGE('',*,*,#2197,.F.);
#3064=ORIENTED_EDGE('',*,*,#2077,.F.);
#3065=EDGE_LOOP('',(#3061,#3062,#3063,#3064));
#3066=FACE_BOUND('',#3065,.T.);
#3067=ADVANCED_FACE('',(#3060,#3066),#3054,.T.);
#3068=CARTESIAN_POINT('',(83.475002884,37.368122855,7.08054076));
#3069=DIRECTION('',(-0.000000003,-0.162999156,-0.986626208));
#3070=DIRECTION('',(0.,0.986626208,-0.162999156));
#3071=AXIS2_PLACEMENT_3D('',#3068,#3069,#3070);
#3072=PLANE('',#3071);
#3073=ORIENTED_EDGE('',*,*,#2279,.F.);
#3074=ORIENTED_EDGE('',*,*,#3023,.F.);
#3075=CARTESIAN_POINT('',(82.275003596,30.531785246,8.209962676));
#3076=DIRECTION('',(-0.,-0.986626208,0.162999156));
#3077=VECTOR('',#3076,0.020995326);
#3078=LINE('',#3075,#3077);
#3079=EDGE_CURVE('',#746,#3011,#3078,.T.);
#3080=ORIENTED_EDGE('',*,*,#3079,.F.);
#3081=ORIENTED_EDGE('',*,*,#934,.T.);
#3082=EDGE_LOOP('',(#3073,#3074,#3080,#3081));
#3083=FACE_BOUND('',#3082,.T.);
#3084=ADVANCED_FACE('',(#3083),#3072,.F.);
#3085=CARTESIAN_POINT('',(82.27500288,1.935911567,11.717981465));
#3086=DIRECTION('',(-0.,-0.986626208,0.162999156));
#3087=DIRECTION('',(-0.000000006,-0.162999156,-0.986626208));
#3088=AXIS2_PLACEMENT_3D('',#3085,#3086,#3087);
#3089=CYLINDRICAL_SURFACE('',#3088,1.2);
#3090=ORIENTED_EDGE('',*,*,#3017,.T.);
#3091=ORIENTED_EDGE('',*,*,#752,.T.);
#3092=ORIENTED_EDGE('',*,*,#3079,.T.);
#3093=EDGE_LOOP('',(#3090,#3091,#3092));
#3094=FACE_BOUND('',#3093,.T.);
#3095=ADVANCED_FACE('',(#3094),#3089,.T.);
#3096=CARTESIAN_POINT('',(130.025005479,33.543043515,-16.078431085));
#3097=DIRECTION('',(-1.,0.000000001,0.000000005));
#3098=DIRECTION('',(-0.000000005,0.,-1.));
#3099=AXIS2_PLACEMENT_3D('',#3096,#3097,#3098);
#3100=CYLINDRICAL_SURFACE('',#3099,27.480465973);
#3101=CARTESIAN_POINT('',(110.025002887,44.497628409,9.124209359));
#3102=VERTEX_POINT('',#3101);
#3103=CARTESIAN_POINT('',(124.281449542,44.497628398,9.124209287));
#3104=VERTEX_POINT('',#3103);
#3105=CARTESIAN_POINT('',(110.025002887,44.497628409,9.124209359));
#3106=CARTESIAN_POINT('',(114.777151772,44.497628406,9.124209335));
#3107=CARTESIAN_POINT('',(119.529300657,44.497628402,9.124209311));
#3108=CARTESIAN_POINT('',(124.281449542,44.497628398,9.124209287));
#3109=B_SPLINE_CURVE_WITH_KNOTS('',3,(#3105,#3106,#3107,#3108),.UNSPECIFIED.,.F.,.F.,(4,4),(0.147412139,0.161668586),.UNSPECIFIED.);
#3110=EDGE_CURVE('',#3102,#3104,#3109,.T.);
#3111=ORIENTED_EDGE('',*,*,#3110,.F.);
#3112=CARTESIAN_POINT('',(110.025002893,33.543043536,11.402073567));
#3113=VERTEX_POINT('',#3112);
#3114=CARTESIAN_POINT('',(110.025002887,44.497628409,9.124209359));
#3115=CARTESIAN_POINT('',(110.025002888,43.466276293,9.57249708));
#3116=CARTESIAN_POINT('',(110.025002889,42.412372291,9.95560072));
#3117=CARTESIAN_POINT('',(110.02500289,41.336046268,10.273895639));
#3118=CARTESIAN_POINT('',(110.025002891,40.259720245,10.592190558));
#3119=CARTESIAN_POINT('',(110.025002892,39.160956404,10.845696591));
#3120=CARTESIAN_POINT('',(110.025002892,38.038909371,11.031773744));
#3121=CARTESIAN_POINT('',(110.025002893,36.916862339,11.217850898));
#3122=CARTESIAN_POINT('',(110.025002893,35.795121137,11.332587478));
#3123=CARTESIAN_POINT('',(110.025002893,34.673673835,11.378766345));
#3124=CARTESIAN_POINT('',(110.025002893,33.552226533,11.424945212));
#3125=CARTESIAN_POINT('',(110.025002893,32.431073211,11.402547943));
#3126=CARTESIAN_POINT('',(110.025002893,31.310215582,11.311174515));
#3127=B_SPLINE_CURVE_WITH_KNOTS('',3,(#3114,#3115,#3116,#3117,#3118,#3119,#3120,#3121,#3122,#3123,#3124,#3125,#3126),.UNSPECIFIED.,.F.,.F.,(4,3,3,3,4),(0.011728408,0.015092125,0.018455842,0.021819559,0.025183276),.UNSPECIFIED.);
#3128=EDGE_CURVE('',#3102,#3113,#3127,.T.);
#3129=ORIENTED_EDGE('',*,*,#3128,.T.);
#3130=CARTESIAN_POINT('',(110.025002893,31.310215582,11.311174515));
#3131=VERTEX_POINT('',#3130);
#3132=CARTESIAN_POINT('',(110.025002887,44.497628409,9.124209359));
#3133=CARTESIAN_POINT('',(110.025002888,43.466276293,9.57249708));
#3134=CARTESIAN_POINT('',(110.025002889,42.412372291,9.95560072));
#3135=CARTESIAN_POINT('',(110.02500289,41.336046268,10.273895639));
#3136=CARTESIAN_POINT('',(110.025002891,40.259720245,10.592190558));
#3137=CARTESIAN_POINT('',(110.025002892,39.160956404,10.845696591));
#3138=CARTESIAN_POINT('',(110.025002892,38.038909371,11.031773744));
#3139=CARTESIAN_POINT('',(110.025002893,36.916862339,11.217850898));
#3140=CARTESIAN_POINT('',(110.025002893,35.795121137,11.332587478));
#3141=CARTESIAN_POINT('',(110.025002893,34.673673835,11.378766345));
#3142=CARTESIAN_POINT('',(110.025002893,33.552226533,11.424945212));
#3143=CARTESIAN_POINT('',(110.025002893,32.431073211,11.402547943));
#3144=CARTESIAN_POINT('',(110.025002893,31.310215582,11.311174515));
#3145=B_SPLINE_CURVE_WITH_KNOTS('',3,(#3132,#3133,#3134,#3135,#3136,#3137,#3138,#3139,#3140,#3141,#3142,#3143,#3144),.UNSPECIFIED.,.F.,.F.,(4,3,3,3,4),(0.011728408,0.015092125,0.018455842,0.021819559,0.025183276),.UNSPECIFIED.);
#3146=EDGE_CURVE('',#3113,#3131,#3145,.T.);
#3147=ORIENTED_EDGE('',*,*,#3146,.T.);
#3148=CARTESIAN_POINT('',(124.596581639,31.310215571,11.311174442));
#3149=VERTEX_POINT('',#3148);
#3150=CARTESIAN_POINT('',(124.596581639,31.310215571,11.311174442));
#3151=CARTESIAN_POINT('',(119.739388724,31.310215575,11.311174466));
#3152=CARTESIAN_POINT('',(114.882195808,31.310215578,11.31117449));
#3153=CARTESIAN_POINT('',(110.025002893,31.310215582,11.311174515));
#3154=B_SPLINE_CURVE_WITH_KNOTS('',3,(#3150,#3151,#3152,#3153),.UNSPECIFIED.,.F.,.F.,(4,4),(0.146737778,0.161309357),.UNSPECIFIED.);
#3155=EDGE_CURVE('',#3149,#3131,#3154,.T.);
#3156=ORIENTED_EDGE('',*,*,#3155,.F.);
#3157=CARTESIAN_POINT('',(124.275822151,43.042003736,9.708111266));
#3158=VERTEX_POINT('',#3157);
#3159=CARTESIAN_POINT('',(127.73119834,33.543043517,-16.078431074));
#3160=DIRECTION('',(0.992187326,0.043123789,0.117066854));
#3161=DIRECTION('',(-0.124757002,0.342961719,0.9310279));
#3162=AXIS2_PLACEMENT_3D('',#3159,#3160,#3161);
#3163=ELLIPSE('',#3162,27.696852462,27.480465973);
#3164=EDGE_CURVE('',#3158,#3149,#3163,.T.);
#3165=ORIENTED_EDGE('',*,*,#3164,.F.);
#3166=CARTESIAN_POINT('',(127.73119834,33.543043517,-16.078431074));
#3167=DIRECTION('',(0.992187326,0.043123789,0.117066854));
#3168=DIRECTION('',(-0.124757002,0.342961719,0.9310279));
#3169=AXIS2_PLACEMENT_3D('',#3166,#3167,#3168);
#3170=ELLIPSE('',#3169,27.696852462,27.480465973);
#3171=EDGE_CURVE('',#3104,#3158,#3170,.T.);
#3172=ORIENTED_EDGE('',*,*,#3171,.F.);
#3173=EDGE_LOOP('',(#3111,#3129,#3147,#3156,#3165,#3172));
#3174=FACE_BOUND('',#3173,.T.);
#3175=ADVANCED_FACE('',(#3174),#3100,.T.);
#3176=CARTESIAN_POINT('',(108.975002881,44.032743835,4.965932762));
#3177=DIRECTION('',(0.,0.986626208,-0.162999156));
#3178=DIRECTION('',(0.000000006,0.162999156,0.986626208));
#3179=AXIS2_PLACEMENT_3D('',#3176,#3177,#3178);
#3180=PLANE('',#3179);
#3181=CARTESIAN_POINT('',(108.975002873,44.195742991,5.952558971));
#3182=VERTEX_POINT('',#3181);
#3183=CARTESIAN_POINT('',(108.975002873,44.195742991,5.952558971));
#3184=DIRECTION('',(1.,-0.000000001,-0.000000006));
#3185=VECTOR('',#3184,4.5);
#3186=LINE('',#3183,#3185);
#3187=EDGE_CURVE('',#3182,#1881,#3186,.T.);
#3188=ORIENTED_EDGE('',*,*,#3187,.T.);
#3189=ORIENTED_EDGE('',*,*,#1886,.T.);
#3190=ORIENTED_EDGE('',*,*,#1922,.F.);
#3191=CARTESIAN_POINT('',(108.975002863,44.195742991,5.952558971));
#3192=DIRECTION('',(-0.000000003,-0.162999156,-0.986626208));
#3193=VECTOR('',#3192,2.);
#3194=LINE('',#3191,#3193);
#3195=EDGE_CURVE('',#3182,#1911,#3194,.T.);
#3196=ORIENTED_EDGE('',*,*,#3195,.F.);
#3197=EDGE_LOOP('',(#3188,#3189,#3190,#3196));
#3198=FACE_BOUND('',#3197,.T.);
#3199=ADVANCED_FACE('',(#3198),#3180,.T.);
#3200=CARTESIAN_POINT('',(108.975002884,37.368122843,7.080540685));
#3201=DIRECTION('',(-0.000000003,-0.162999156,-0.986626208));
#3202=DIRECTION('',(0.,0.986626208,-0.162999156));
#3203=AXIS2_PLACEMENT_3D('',#3200,#3201,#3202);
#3204=PLANE('',#3203);
#3205=ORIENTED_EDGE('',*,*,#3039,.T.);
#3206=ORIENTED_EDGE('',*,*,#1892,.F.);
#3207=ORIENTED_EDGE('',*,*,#3187,.F.);
#3208=CARTESIAN_POINT('',(108.975002884,44.195742991,5.952558971));
#3209=DIRECTION('',(-0.,-0.986626208,0.162999156));
#3210=VECTOR('',#3209,13.870169046);
#3211=LINE('',#3208,#3210);
#3212=EDGE_CURVE('',#3182,#3034,#3211,.T.);
#3213=ORIENTED_EDGE('',*,*,#3212,.T.);
#3214=EDGE_LOOP('',(#3205,#3206,#3207,#3213));
#3215=FACE_BOUND('',#3214,.T.);
#3216=ADVANCED_FACE('',(#3215),#3204,.F.);
#3217=CARTESIAN_POINT('',(108.975002845,-0.000000015,-0.000000089));
#3218=DIRECTION('',(-1.,0.,0.000000003));
#3219=DIRECTION('',(0.,-1.,0.));
#3220=AXIS2_PLACEMENT_3D('',#3217,#3218,#3219);
#3221=PLANE('',#3220);
#3222=ORIENTED_EDGE('',*,*,#3045,.F.);
#3223=ORIENTED_EDGE('',*,*,#3212,.F.);
#3224=ORIENTED_EDGE('',*,*,#3195,.T.);
#3225=ORIENTED_EDGE('',*,*,#1916,.T.);
#3226=ORIENTED_EDGE('',*,*,#768,.F.);
#3227=EDGE_LOOP('',(#3222,#3223,#3224,#3225,#3226));
#3228=FACE_BOUND('',#3227,.T.);
#3229=ADVANCED_FACE('',(#3228),#3221,.T.);
#3230=CARTESIAN_POINT('',(114.590005602,36.431811307,5.208117258));
#3231=DIRECTION('',(-1.,0.,0.000000003));
#3232=DIRECTION('',(-0.000000003,0.,-1.));
#3233=AXIS2_PLACEMENT_3D('',#3230,#3231,#3232);
#3234=PLANE('',#3233);
#3235=ORIENTED_EDGE('',*,*,#784,.T.);
#3236=ORIENTED_EDGE('',*,*,#1907,.T.);
#3237=ORIENTED_EDGE('',*,*,#1696,.F.);
#3238=CARTESIAN_POINT('',(114.590005612,43.643187531,8.577733565));
#3239=DIRECTION('',(0.,-0.986626208,0.162999156));
#3240=VECTOR('',#3239,12.397342584);
#3241=LINE('',#3238,#3240);
#3242=EDGE_CURVE('',#1683,#779,#3241,.T.);
#3243=ORIENTED_EDGE('',*,*,#3242,.T.);
#3244=EDGE_LOOP('',(#3235,#3236,#3237,#3243));
#3245=FACE_BOUND('',#3244,.T.);
#3246=ADVANCED_FACE('',(#3245),#3234,.F.);
#3247=CARTESIAN_POINT('',(14.817673841,30.837219409,4.699619905));
#3248=DIRECTION('',(0.990930026,-0.046449706,-0.126095629));
#3249=DIRECTION('',(0.12623188,0.,0.992000762));
#3250=AXIS2_PLACEMENT_3D('',#3247,#3248,#3249);
#3251=PLANE('',#3250);
#3252=CARTESIAN_POINT('',(15.786701646,43.793264492,7.54217889));
#3253=VERTEX_POINT('',#3252);
#3254=CARTESIAN_POINT('',(14.842658636,44.128146195,0.000000553));
#3255=DIRECTION('',(0.124078974,-0.044014709,0.991295674));
#3256=VECTOR('',#3255,7.608404368);
#3257=LINE('',#3254,#3256);
#3258=EDGE_CURVE('',#1952,#3253,#3257,.T.);
#3259=ORIENTED_EDGE('',*,*,#3258,.F.);
#3260=ORIENTED_EDGE('',*,*,#1957,.F.);
#3261=CARTESIAN_POINT('',(15.471569547,31.565617983,9.569978965));
#3262=VERTEX_POINT('',#3261);
#3263=CARTESIAN_POINT('',(15.471569547,31.565617983,9.569978965));
#3264=DIRECTION('',(-0.134378878,-0.342527116,-0.929848102));
#3265=VECTOR('',#3264,10.291980368);
#3266=LINE('',#3263,#3265);
#3267=EDGE_CURVE('',#3262,#1950,#3266,.T.);
#3268=ORIENTED_EDGE('',*,*,#3267,.F.);
#3269=CARTESIAN_POINT('',(12.336952532,33.635943043,-15.826239248));
#3270=DIRECTION('',(0.990930026,-0.046449706,-0.126095629));
#3271=DIRECTION('',(-0.134378878,-0.342527113,-0.929848103));
#3272=AXIS2_PLACEMENT_3D('',#3269,#3270,#3271);
#3273=ELLIPSE('',#3272,25.713688432,25.480465973);
#3274=EDGE_CURVE('',#3253,#3262,#3273,.T.);
#3275=ORIENTED_EDGE('',*,*,#3274,.F.);
#3276=EDGE_LOOP('',(#3259,#3260,#3268,#3275));
#3277=FACE_BOUND('',#3276,.T.);
#3278=ADVANCED_FACE('',(#3277),#3251,.F.);
#3279=CARTESIAN_POINT('',(70.425005594,36.001363254,4.100000227));
#3280=DIRECTION('',(1.,-0.000000001,-0.000000006));
#3281=DIRECTION('',(0.000000006,0.,1.));
#3282=AXIS2_PLACEMENT_3D('',#3279,#3280,#3281);
#3283=PLANE('',#3282);
#3284=ORIENTED_EDGE('',*,*,#2777,.T.);
#3285=CARTESIAN_POINT('',(70.42500558,33.551363254,2.200000236));
#3286=DIRECTION('',(0.000000001,1.,-0.));
#3287=VECTOR('',#3286,1.85);
#3288=LINE('',#3285,#3287);
#3289=EDGE_CURVE('',#2765,#2629,#3288,.T.);
#3290=ORIENTED_EDGE('',*,*,#3289,.T.);
#3291=ORIENTED_EDGE('',*,*,#2634,.F.);
#3292=ORIENTED_EDGE('',*,*,#1274,.T.);
#3293=EDGE_LOOP('',(#3284,#3290,#3291,#3292));
#3294=FACE_BOUND('',#3293,.T.);
#3295=ADVANCED_FACE('',(#3294),#3283,.T.);
#3296=CARTESIAN_POINT('',(16.054365948,5.788840742,15.714792902));
#3297=DIRECTION('',(-0.990930026,0.046449706,0.126095629));
#3298=DIRECTION('',(0.046078144,0.99892063,-0.005863434));
#3299=AXIS2_PLACEMENT_3D('',#3296,#3297,#3298);
#3300=PLANE('',#3299);
#3301=ORIENTED_EDGE('',*,*,#856,.T.);
#3302=ORIENTED_EDGE('',*,*,#1938,.T.);
#3303=ORIENTED_EDGE('',*,*,#1751,.F.);
#3304=ORIENTED_EDGE('',*,*,#727,.T.);
#3305=ORIENTED_EDGE('',*,*,#709,.F.);
#3306=CARTESIAN_POINT('',(15.929287634,38.451363307,2.700000551));
#3307=VERTEX_POINT('',#3306);
#3308=CARTESIAN_POINT('',(15.929287634,38.451363307,2.700000551));
#3309=DIRECTION('',(0.126231879,-0.,0.992000762));
#3310=VECTOR('',#3309,2.203245559);
#3311=LINE('',#3308,#3310);
#3312=EDGE_CURVE('',#3307,#697,#3311,.T.);
#3313=ORIENTED_EDGE('',*,*,#3312,.F.);
#3314=CARTESIAN_POINT('',(15.929287633,38.451363307,2.700000547));
#3315=DIRECTION('',(-0.046823446,-0.998903181,0.));
#3316=VECTOR('',#3315,4.905380315);
#3317=LINE('',#3314,#3316);
#3318=EDGE_CURVE('',#3307,#527,#3317,.T.);
#3319=ORIENTED_EDGE('',*,*,#3318,.T.);
#3320=ORIENTED_EDGE('',*,*,#578,.F.);
#3321=ORIENTED_EDGE('',*,*,#1834,.T.);
#3322=EDGE_LOOP('',(#3301,#3302,#3303,#3304,#3305,#3313,#3319,#3320,#3321));
#3323=FACE_BOUND('',#3322,.T.);
#3324=ADVANCED_FACE('',(#3323),#3300,.F.);
#3325=CARTESIAN_POINT('',(21.025005594,36.601363302,4.100000517));
#3326=DIRECTION('',(-0.000000001,-1.,0.));
#3327=DIRECTION('',(-0.000000006,0.,-1.));
#3328=AXIS2_PLACEMENT_3D('',#3325,#3326,#3327);
#3329=PLANE('',#3328);
#3330=ORIENTED_EDGE('',*,*,#645,.T.);
#3331=CARTESIAN_POINT('',(22.825005589,36.6013633,3.200000514));
#3332=VERTEX_POINT('',#3331);
#3333=CARTESIAN_POINT('',(21.260005589,36.601363302,3.200000524));
#3334=DIRECTION('',(1.,-0.000000001,-0.000000006));
#3335=VECTOR('',#3334,1.565);
#3336=LINE('',#3333,#3335);
#3337=EDGE_CURVE('',#632,#3332,#3336,.T.);
#3338=ORIENTED_EDGE('',*,*,#3337,.T.);
#3339=CARTESIAN_POINT('',(22.825005622,36.6013633,8.727548844));
#3340=DIRECTION('',(-0.000000006,0.,-1.));
#3341=VECTOR('',#3340,5.527548329);
#3342=LINE('',#3339,#3341);
#3343=EDGE_CURVE('',#1013,#3332,#3342,.T.);
#3344=ORIENTED_EDGE('',*,*,#3343,.F.);
#3345=ORIENTED_EDGE('',*,*,#1020,.T.);
#3346=CARTESIAN_POINT('',(18.495005589,36.601363305,3.20000054));
#3347=VERTEX_POINT('',#3346);
#3348=CARTESIAN_POINT('',(18.495005622,36.601363305,8.727548856));
#3349=DIRECTION('',(-0.000000006,0.,-1.));
#3350=VECTOR('',#3349,5.527548315);
#3351=LINE('',#3348,#3350);
#3352=EDGE_CURVE('',#1015,#3347,#3351,.T.);
#3353=ORIENTED_EDGE('',*,*,#3352,.T.);
#3354=CARTESIAN_POINT('',(20.060005589,36.601363303,3.200000531));
#3355=VERTEX_POINT('',#3354);
#3356=CARTESIAN_POINT('',(18.495005589,36.601363305,3.20000054));
#3357=DIRECTION('',(1.,-0.000000001,-0.000000006));
#3358=VECTOR('',#3357,1.565);
#3359=LINE('',#3356,#3358);
#3360=EDGE_CURVE('',#3347,#3355,#3359,.T.);
#3361=ORIENTED_EDGE('',*,*,#3360,.T.);
#3362=CARTESIAN_POINT('',(20.060005603,36.601363303,5.508212559));
#3363=VERTEX_POINT('',#3362);
#3364=CARTESIAN_POINT('',(20.060005603,36.601363303,5.508212559));
#3365=DIRECTION('',(-0.000000006,0.,-1.));
#3366=VECTOR('',#3365,2.308212028);
#3367=LINE('',#3364,#3366);
#3368=EDGE_CURVE('',#3363,#3355,#3367,.T.);
#3369=ORIENTED_EDGE('',*,*,#3368,.F.);
#3370=CARTESIAN_POINT('',(21.260005603,36.601363302,5.508212552));
#3371=DIRECTION('',(-1.,0.000000001,0.000000006));
#3372=VECTOR('',#3371,1.2);
#3373=LINE('',#3370,#3372);
#3374=EDGE_CURVE('',#640,#3363,#3373,.T.);
#3375=ORIENTED_EDGE('',*,*,#3374,.F.);
#3376=EDGE_LOOP('',(#3330,#3338,#3344,#3345,#3353,#3361,#3369,#3375));
#3377=FACE_BOUND('',#3376,.T.);
#3378=ADVANCED_FACE('',(#3377),#3329,.T.);
#3379=CARTESIAN_POINT('',(22.825005594,36.0013633,4.100000506));
#3380=DIRECTION('',(-1.,0.000000001,0.000000006));
#3381=DIRECTION('',(-0.000000006,0.,-1.));
#3382=AXIS2_PLACEMENT_3D('',#3379,#3380,#3381);
#3383=PLANE('',#3382);
#3384=ORIENTED_EDGE('',*,*,#3343,.T.);
#3385=CARTESIAN_POINT('',(22.825005588,35.4013633,3.200000514));
#3386=VERTEX_POINT('',#3385);
#3387=CARTESIAN_POINT('',(22.825005589,36.6013633,3.200000514));
#3388=DIRECTION('',(-0.000000001,-1.,0.));
#3389=VECTOR('',#3388,1.2);
#3390=LINE('',#3387,#3389);
#3391=EDGE_CURVE('',#3332,#3386,#3390,.T.);
#3392=ORIENTED_EDGE('',*,*,#3391,.T.);
#3393=CARTESIAN_POINT('',(22.825005622,35.4013633,8.925799189));
#3394=DIRECTION('',(-0.000000006,0.,-1.));
#3395=VECTOR('',#3394,5.725798675);
#3396=LINE('',#3393,#3395);
#3397=EDGE_CURVE('',#1023,#3386,#3396,.T.);
#3398=ORIENTED_EDGE('',*,*,#3397,.F.);
#3399=ORIENTED_EDGE('',*,*,#1028,.T.);
#3400=EDGE_LOOP('',(#3384,#3392,#3398,#3399));
#3401=FACE_BOUND('',#3400,.T.);
#3402=ADVANCED_FACE('',(#3401),#3383,.T.);
#3403=CARTESIAN_POINT('',(21.025005593,35.401363302,4.100000517));
#3404=DIRECTION('',(0.000000001,1.,-0.));
#3405=DIRECTION('',(0.000000006,-0.,1.));
#3406=AXIS2_PLACEMENT_3D('',#3403,#3404,#3405);
#3407=PLANE('',#3406);
#3408=ORIENTED_EDGE('',*,*,#3397,.T.);
#3409=CARTESIAN_POINT('',(21.260005588,35.401363302,3.200000524));
#3410=VERTEX_POINT('',#3409);
#3411=CARTESIAN_POINT('',(22.825005588,35.4013633,3.200000514));
#3412=DIRECTION('',(-1.,0.000000001,0.000000006));
#3413=VECTOR('',#3412,1.565);
#3414=LINE('',#3411,#3413);
#3415=EDGE_CURVE('',#3386,#3410,#3414,.T.);
#3416=ORIENTED_EDGE('',*,*,#3415,.T.);
#3417=CARTESIAN_POINT('',(21.260005603,35.401363302,5.649626201));
#3418=DIRECTION('',(-0.000000006,0.,-1.));
#3419=VECTOR('',#3418,2.449625677);
#3420=LINE('',#3417,#3419);
#3421=EDGE_CURVE('',#487,#3410,#3420,.T.);
#3422=ORIENTED_EDGE('',*,*,#3421,.F.);
#3423=ORIENTED_EDGE('',*,*,#514,.T.);
#3424=ORIENTED_EDGE('',*,*,#1065,.T.);
#3425=CARTESIAN_POINT('',(18.495005588,35.401363305,3.20000054));
#3426=VERTEX_POINT('',#3425);
#3427=CARTESIAN_POINT('',(20.060005588,35.401363303,3.200000531));
#3428=DIRECTION('',(-1.,0.000000001,0.000000006));
#3429=VECTOR('',#3428,1.565);
#3430=LINE('',#3427,#3429);
#3431=EDGE_CURVE('',#1054,#3426,#3430,.T.);
#3432=ORIENTED_EDGE('',*,*,#3431,.T.);
#3433=CARTESIAN_POINT('',(18.495005622,35.401363305,8.925799202));
#3434=DIRECTION('',(-0.000000006,0.,-1.));
#3435=VECTOR('',#3434,5.725798662);
#3436=LINE('',#3433,#3435);
#3437=EDGE_CURVE('',#1031,#3426,#3436,.T.);
#3438=ORIENTED_EDGE('',*,*,#3437,.F.);
#3439=ORIENTED_EDGE('',*,*,#1036,.T.);
#3440=EDGE_LOOP('',(#3408,#3416,#3422,#3423,#3424,#3432,#3438,#3439));
#3441=FACE_BOUND('',#3440,.T.);
#3442=ADVANCED_FACE('',(#3441),#3407,.T.);
#3443=CARTESIAN_POINT('',(21.260005594,36.001363301,4.100000515));
#3444=DIRECTION('',(-1.,0.000000001,0.000000006));
#3445=DIRECTION('',(0.000000001,1.,0.));
#3446=AXIS2_PLACEMENT_3D('',#3443,#3444,#3445);
#3447=PLANE('',#3446);
#3448=ORIENTED_EDGE('',*,*,#3421,.T.);
#3449=CARTESIAN_POINT('',(21.260005588,35.401363302,3.200000524));
#3450=DIRECTION('',(-0.000000001,-1.,0.));
#3451=VECTOR('',#3450,6.715092324);
#3452=LINE('',#3449,#3451);
#3453=EDGE_CURVE('',#3410,#866,#3452,.T.);
#3454=ORIENTED_EDGE('',*,*,#3453,.T.);
#3455=ORIENTED_EDGE('',*,*,#871,.T.);
#3456=ORIENTED_EDGE('',*,*,#596,.F.);
#3457=ORIENTED_EDGE('',*,*,#556,.T.);
#3458=ORIENTED_EDGE('',*,*,#492,.T.);
#3459=EDGE_LOOP('',(#3448,#3454,#3455,#3456,#3457,#3458));
#3460=FACE_BOUND('',#3459,.T.);
#3461=ADVANCED_FACE('',(#3460),#3447,.T.);
#3462=CARTESIAN_POINT('',(67.725005594,36.001363256,4.100000243));
#3463=DIRECTION('',(1.,-0.000000001,-0.000000006));
#3464=DIRECTION('',(0.000000006,0.,1.));
#3465=AXIS2_PLACEMENT_3D('',#3462,#3463,#3464);
#3466=PLANE('',#3465);
#3467=ORIENTED_EDGE('',*,*,#2553,.T.);
#3468=CARTESIAN_POINT('',(67.725005577,33.551363257,1.700000252));
#3469=DIRECTION('',(0.000000001,1.,-0.));
#3470=VECTOR('',#3469,4.899999999);
#3471=LINE('',#3468,#3470);
#3472=EDGE_CURVE('',#2717,#2542,#3471,.T.);
#3473=ORIENTED_EDGE('',*,*,#3472,.F.);
#3474=ORIENTED_EDGE('',*,*,#2722,.F.);
#3475=ORIENTED_EDGE('',*,*,#2980,.T.);
#3476=ORIENTED_EDGE('',*,*,#1460,.F.);
#3477=EDGE_LOOP('',(#3467,#3473,#3474,#3475,#3476));
#3478=FACE_BOUND('',#3477,.T.);
#3479=ADVANCED_FACE('',(#3478),#3466,.F.);
#3480=CARTESIAN_POINT('',(68.860005594,36.001363255,4.100000236));
#3481=DIRECTION('',(1.,-0.000000001,-0.000000006));
#3482=DIRECTION('',(0.000000006,0.,1.));
#3483=AXIS2_PLACEMENT_3D('',#3480,#3481,#3482);
#3484=PLANE('',#3483);
#3485=ORIENTED_EDGE('',*,*,#2648,.T.);
#3486=CARTESIAN_POINT('',(68.860005582,35.401363255,2.200000245));
#3487=DIRECTION('',(0.000000001,1.,-0.));
#3488=VECTOR('',#3487,1.2);
#3489=LINE('',#3486,#3488);
#3490=EDGE_CURVE('',#2637,#1379,#3489,.T.);
#3491=ORIENTED_EDGE('',*,*,#3490,.T.);
#3492=ORIENTED_EDGE('',*,*,#1384,.F.);
#3493=ORIENTED_EDGE('',*,*,#1415,.T.);
#3494=EDGE_LOOP('',(#3485,#3491,#3492,#3493));
#3495=FACE_BOUND('',#3494,.T.);
#3496=ADVANCED_FACE('',(#3495),#3484,.T.);
#3497=CARTESIAN_POINT('',(70.425005594,36.001363254,4.100000227));
#3498=DIRECTION('',(1.,-0.000000001,-0.000000006));
#3499=DIRECTION('',(0.000000006,0.,1.));
#3500=AXIS2_PLACEMENT_3D('',#3497,#3498,#3499);
#3501=PLANE('',#3500);
#3502=ORIENTED_EDGE('',*,*,#1398,.T.);
#3503=CARTESIAN_POINT('',(70.425005583,36.601363254,2.200000236));
#3504=DIRECTION('',(0.000000001,1.,-0.));
#3505=VECTOR('',#3504,1.85);
#3506=LINE('',#3503,#3505);
#3507=EDGE_CURVE('',#1387,#2493,#3506,.T.);
#3508=ORIENTED_EDGE('',*,*,#3507,.T.);
#3509=ORIENTED_EDGE('',*,*,#2498,.F.);
#3510=ORIENTED_EDGE('',*,*,#1314,.T.);
#3511=EDGE_LOOP('',(#3502,#3508,#3509,#3510));
#3512=FACE_BOUND('',#3511,.T.);
#3513=ADVANCED_FACE('',(#3512),#3501,.T.);
#3514=CARTESIAN_POINT('',(69.537505587,40.987459899,2.200000232));
#3515=DIRECTION('',(1.,-0.000000001,-0.000000006));
#3516=DIRECTION('',(0.000000006,0.,1.));
#3517=AXIS2_PLACEMENT_3D('',#3514,#3515,#3516);
#3518=PLANE('',#3517);
#3519=ORIENTED_EDGE('',*,*,#1639,.T.);
#3520=CARTESIAN_POINT('',(69.537505585,38.451363255,2.200000241));
#3521=DIRECTION('',(0.000000001,1.,-0.));
#3522=VECTOR('',#3521,5.475003285);
#3523=LINE('',#3520,#3522);
#3524=EDGE_CURVE('',#2518,#1626,#3523,.T.);
#3525=ORIENTED_EDGE('',*,*,#3524,.F.);
#3526=ORIENTED_EDGE('',*,*,#2523,.T.);
#3527=CARTESIAN_POINT('',(69.537505581,38.451363255,1.700000232));
#3528=DIRECTION('',(0.000000001,1.,-0.));
#3529=VECTOR('',#3528,5.497203888);
#3530=LINE('',#3527,#3529);
#3531=EDGE_CURVE('',#2510,#1634,#3530,.T.);
#3532=ORIENTED_EDGE('',*,*,#3531,.T.);
#3533=EDGE_LOOP('',(#3519,#3525,#3526,#3532));
#3534=FACE_BOUND('',#3533,.T.);
#3535=ADVANCED_FACE('',(#3534),#3518,.T.);
#3536=CARTESIAN_POINT('',(68.537505587,40.9874599,2.200000238));
#3537=DIRECTION('',(1.,-0.000000001,-0.000000006));
#3538=DIRECTION('',(0.000000006,0.,1.));
#3539=AXIS2_PLACEMENT_3D('',#3536,#3537,#3538);
#3540=PLANE('',#3539);
#3541=CARTESIAN_POINT('',(68.537505582,38.451363255,1.700000247));
#3542=DIRECTION('',(0.000000001,1.,-0.));
#3543=VECTOR('',#3542,5.497203881);
#3544=LINE('',#3541,#3543);
#3545=EDGE_CURVE('',#2534,#1616,#3544,.T.);
#3546=ORIENTED_EDGE('',*,*,#3545,.F.);
#3547=ORIENTED_EDGE('',*,*,#2539,.F.);
#3548=CARTESIAN_POINT('',(68.537505584,38.451363256,2.200000238));
#3549=DIRECTION('',(0.000000001,1.,-0.));
#3550=VECTOR('',#3549,5.475003277);
#3551=LINE('',#3548,#3550);
#3552=EDGE_CURVE('',#2526,#1618,#3551,.T.);
#3553=ORIENTED_EDGE('',*,*,#3552,.T.);
#3554=ORIENTED_EDGE('',*,*,#1623,.F.);
#3555=EDGE_LOOP('',(#3546,#3547,#3553,#3554));
#3556=FACE_BOUND('',#3555,.T.);
#3557=ADVANCED_FACE('',(#3556),#3540,.F.);
#3558=CARTESIAN_POINT('',(139.550005693,-0.00000003,2.199999821));
#3559=DIRECTION('',(-0.000000006,0.,-1.));
#3560=DIRECTION('',(0.000000001,1.,-0.));
#3561=AXIS2_PLACEMENT_3D('',#3558,#3559,#3560);
#3562=PLANE('',#3561);
#3563=ORIENTED_EDGE('',*,*,#3552,.F.);
#3564=ORIENTED_EDGE('',*,*,#2531,.T.);
#3565=ORIENTED_EDGE('',*,*,#3524,.T.);
#3566=ORIENTED_EDGE('',*,*,#1631,.F.);
#3567=EDGE_LOOP('',(#3563,#3564,#3565,#3566));
#3568=FACE_BOUND('',#3567,.T.);
#3569=ADVANCED_FACE('',(#3568),#3562,.F.);
#3570=CARTESIAN_POINT('',(139.55000569,-0.00000003,1.699999821));
#3571=DIRECTION('',(-0.000000006,0.,-1.));
#3572=DIRECTION('',(-1.,0.000000001,0.000000006));
#3573=AXIS2_PLACEMENT_3D('',#3570,#3571,#3572);
#3574=PLANE('',#3573);
#3575=CARTESIAN_POINT('',(68.360005578,34.901363256,1.700000248));
#3576=VERTEX_POINT('',#3575);
#3577=CARTESIAN_POINT('',(69.925005578,34.901363254,1.700000239));
#3578=VERTEX_POINT('',#3577);
#3579=CARTESIAN_POINT('',(68.360005578,34.901363256,1.700000248));
#3580=DIRECTION('',(1.,-0.000000001,-0.000000006));
#3581=VECTOR('',#3580,1.565);
#3582=LINE('',#3579,#3581);
#3583=EDGE_CURVE('',#3576,#3578,#3582,.T.);
#3584=ORIENTED_EDGE('',*,*,#3583,.T.);
#3585=CARTESIAN_POINT('',(69.925005578,34.901363254,1.700000239));
#3586=DIRECTION('',(-0.000000001,-1.,0.));
#3587=VECTOR('',#3586,1.35);
#3588=LINE('',#3585,#3587);
#3589=EDGE_CURVE('',#3578,#2757,#3588,.T.);
#3590=ORIENTED_EDGE('',*,*,#3589,.T.);
#3591=ORIENTED_EDGE('',*,*,#2762,.T.);
#3592=CARTESIAN_POINT('',(69.537505577,33.551363254,1.700000241));
#3593=DIRECTION('',(-0.000000001,-1.,0.));
#3594=VECTOR('',#3593,5.417645676);
#3595=LINE('',#3592,#3594);
#3596=EDGE_CURVE('',#2749,#939,#3595,.T.);
#3597=ORIENTED_EDGE('',*,*,#3596,.T.);
#3598=ORIENTED_EDGE('',*,*,#968,.T.);
#3599=CARTESIAN_POINT('',(68.537505577,33.551363256,1.700000238));
#3600=DIRECTION('',(-0.000000001,-1.,-0.));
#3601=VECTOR('',#3600,5.417645683);
#3602=LINE('',#3599,#3601);
#3603=EDGE_CURVE('',#2725,#957,#3602,.T.);
#3604=ORIENTED_EDGE('',*,*,#3603,.F.);
#3605=ORIENTED_EDGE('',*,*,#2730,.T.);
#3606=ORIENTED_EDGE('',*,*,#3472,.T.);
#3607=ORIENTED_EDGE('',*,*,#2547,.T.);
#3608=ORIENTED_EDGE('',*,*,#3545,.T.);
#3609=ORIENTED_EDGE('',*,*,#1645,.T.);
#3610=ORIENTED_EDGE('',*,*,#3531,.F.);
#3611=ORIENTED_EDGE('',*,*,#2515,.T.);
#3612=CARTESIAN_POINT('',(69.925005581,37.101363254,1.700000239));
#3613=VERTEX_POINT('',#3612);
#3614=CARTESIAN_POINT('',(69.925005582,38.451363255,1.700000239));
#3615=DIRECTION('',(-0.000000001,-1.,0.));
#3616=VECTOR('',#3615,1.350000001);
#3617=LINE('',#3614,#3616);
#3618=EDGE_CURVE('',#2501,#3613,#3617,.T.);
#3619=ORIENTED_EDGE('',*,*,#3618,.T.);
#3620=CARTESIAN_POINT('',(68.360005581,37.101363256,1.700000248));
#3621=VERTEX_POINT('',#3620);
#3622=CARTESIAN_POINT('',(69.925005581,37.101363254,1.700000239));
#3623=DIRECTION('',(-1.,0.000000001,0.000000006));
#3624=VECTOR('',#3623,1.565);
#3625=LINE('',#3622,#3624);
#3626=EDGE_CURVE('',#3613,#3621,#3625,.T.);
#3627=ORIENTED_EDGE('',*,*,#3626,.T.);
#3628=CARTESIAN_POINT('',(68.360005581,37.101363256,1.700000248));
#3629=DIRECTION('',(-0.000000001,-1.,0.));
#3630=VECTOR('',#3629,2.2);
#3631=LINE('',#3628,#3630);
#3632=EDGE_CURVE('',#3621,#3576,#3631,.T.);
#3633=ORIENTED_EDGE('',*,*,#3632,.T.);
#3634=EDGE_LOOP('',(#3584,#3590,#3591,#3597,#3598,#3604,#3605,#3606,#3607,#3608,#3609,#3610,#3611,#3619,#3627,#3633));
#3635=FACE_BOUND('',#3634,.T.);
#3636=ADVANCED_FACE('',(#3635),#3574,.T.);
#3637=CARTESIAN_POINT('',(69.53750558,33.512271963,2.200000232));
#3638=DIRECTION('',(-1.,0.000000001,0.000000006));
#3639=DIRECTION('',(0.000000001,1.,0.));
#3640=AXIS2_PLACEMENT_3D('',#3637,#3638,#3639);
#3641=PLANE('',#3640);
#3642=ORIENTED_EDGE('',*,*,#3596,.F.);
#3643=ORIENTED_EDGE('',*,*,#2754,.F.);
#3644=CARTESIAN_POINT('',(69.53750558,33.551363255,2.200000232));
#3645=DIRECTION('',(-0.000000001,-1.,-0.));
#3646=VECTOR('',#3645,5.233461226);
#3647=LINE('',#3644,#3646);
#3648=EDGE_CURVE('',#2741,#941,#3647,.T.);
#3649=ORIENTED_EDGE('',*,*,#3648,.T.);
#3650=ORIENTED_EDGE('',*,*,#946,.F.);
#3651=EDGE_LOOP('',(#3642,#3643,#3649,#3650));
#3652=FACE_BOUND('',#3651,.T.);
#3653=ADVANCED_FACE('',(#3652),#3641,.F.);
#3654=CARTESIAN_POINT('',(68.53750558,33.512271964,2.200000238));
#3655=DIRECTION('',(-1.,0.000000001,0.000000006));
#3656=DIRECTION('',(0.000000001,1.,0.));
#3657=AXIS2_PLACEMENT_3D('',#3654,#3655,#3656);
#3658=PLANE('',#3657);
#3659=ORIENTED_EDGE('',*,*,#962,.T.);
#3660=CARTESIAN_POINT('',(68.53750558,33.551363256,2.200000247));
#3661=DIRECTION('',(-0.000000001,-1.,0.));
#3662=VECTOR('',#3661,5.233461234);
#3663=LINE('',#3660,#3662);
#3664=EDGE_CURVE('',#2733,#949,#3663,.T.);
#3665=ORIENTED_EDGE('',*,*,#3664,.F.);
#3666=ORIENTED_EDGE('',*,*,#2738,.T.);
#3667=ORIENTED_EDGE('',*,*,#3603,.T.);
#3668=EDGE_LOOP('',(#3659,#3665,#3666,#3667));
#3669=FACE_BOUND('',#3668,.T.);
#3670=ADVANCED_FACE('',(#3669),#3658,.T.);
#3671=CARTESIAN_POINT('',(139.550005693,-0.00000003,2.199999821));
#3672=DIRECTION('',(-0.000000006,0.,-1.));
#3673=DIRECTION('',(0.000000001,1.,-0.));
#3674=AXIS2_PLACEMENT_3D('',#3671,#3672,#3673);
#3675=PLANE('',#3674);
#3676=ORIENTED_EDGE('',*,*,#3648,.F.);
#3677=ORIENTED_EDGE('',*,*,#2746,.T.);
#3678=ORIENTED_EDGE('',*,*,#3664,.T.);
#3679=ORIENTED_EDGE('',*,*,#954,.F.);
#3680=EDGE_LOOP('',(#3676,#3677,#3678,#3679));
#3681=FACE_BOUND('',#3680,.T.);
#3682=ADVANCED_FACE('',(#3681),#3675,.F.);
#3683=CARTESIAN_POINT('',(21.025005596,38.451363302,4.100000517));
#3684=DIRECTION('',(-0.000000001,-1.,0.));
#3685=DIRECTION('',(-0.000000006,0.,-1.));
#3686=AXIS2_PLACEMENT_3D('',#3683,#3684,#3685);
#3687=PLANE('',#3686);
#3688=CARTESIAN_POINT('',(20.060005591,38.451363303,3.200000531));
#3689=VERTEX_POINT('',#3688);
#3690=CARTESIAN_POINT('',(20.060005601,38.451363303,4.885622795));
#3691=DIRECTION('',(-0.000000006,0.,-1.));
#3692=VECTOR('',#3691,1.685622264);
#3693=LINE('',#3690,#3692);
#3694=EDGE_CURVE('',#688,#3689,#3693,.T.);
#3695=ORIENTED_EDGE('',*,*,#3694,.T.);
#3696=CARTESIAN_POINT('',(19.560005588,38.451363303,2.700000534));
#3697=VERTEX_POINT('',#3696);
#3698=CARTESIAN_POINT('',(19.560005591,38.451363303,3.200000534));
#3699=DIRECTION('',(0.000000001,1.,-0.));
#3700=DIRECTION('',(1.,-0.000000001,0.));
#3701=AXIS2_PLACEMENT_3D('',#3698,#3699,#3700);
#3702=CIRCLE('',#3701,0.5);
#3703=EDGE_CURVE('',#3689,#3697,#3702,.T.);
#3704=ORIENTED_EDGE('',*,*,#3703,.T.);
#3705=CARTESIAN_POINT('',(15.929287634,38.451363307,2.700000556));
#3706=DIRECTION('',(1.,-0.000000001,-0.000000006));
#3707=VECTOR('',#3706,3.630717954);
#3708=LINE('',#3705,#3707);
#3709=EDGE_CURVE('',#3307,#3697,#3708,.T.);
#3710=ORIENTED_EDGE('',*,*,#3709,.F.);
#3711=ORIENTED_EDGE('',*,*,#3312,.T.);
#3712=ORIENTED_EDGE('',*,*,#702,.F.);
#3713=EDGE_LOOP('',(#3695,#3704,#3710,#3711,#3712));
#3714=FACE_BOUND('',#3713,.T.);
#3715=ADVANCED_FACE('',(#3714),#3687,.F.);
#3716=CARTESIAN_POINT('',(18.495005594,36.001363304,4.100000532));
#3717=DIRECTION('',(1.,-0.000000001,-0.000000006));
#3718=DIRECTION('',(0.000000006,0.,1.));
#3719=AXIS2_PLACEMENT_3D('',#3716,#3717,#3718);
#3720=PLANE('',#3719);
#3721=ORIENTED_EDGE('',*,*,#3437,.T.);
#3722=CARTESIAN_POINT('',(18.495005588,35.401363305,3.20000054));
#3723=DIRECTION('',(0.000000001,1.,-0.));
#3724=VECTOR('',#3723,1.2);
#3725=LINE('',#3722,#3724);
#3726=EDGE_CURVE('',#3426,#3347,#3725,.T.);
#3727=ORIENTED_EDGE('',*,*,#3726,.T.);
#3728=ORIENTED_EDGE('',*,*,#3352,.F.);
#3729=ORIENTED_EDGE('',*,*,#1042,.T.);
#3730=EDGE_LOOP('',(#3721,#3727,#3728,#3729));
#3731=FACE_BOUND('',#3730,.T.);
#3732=ADVANCED_FACE('',(#3731),#3720,.T.);
#3733=CARTESIAN_POINT('',(20.060005594,36.001363303,4.100000523));
#3734=DIRECTION('',(1.,-0.000000001,-0.000000006));
#3735=DIRECTION('',(0.000000006,0.,1.));
#3736=AXIS2_PLACEMENT_3D('',#3733,#3734,#3735);
#3737=PLANE('',#3736);
#3738=ORIENTED_EDGE('',*,*,#3368,.T.);
#3739=CARTESIAN_POINT('',(20.060005589,36.601363303,3.200000531));
#3740=DIRECTION('',(0.000000001,1.,-0.));
#3741=VECTOR('',#3740,1.85);
#3742=LINE('',#3739,#3741);
#3743=EDGE_CURVE('',#3355,#3689,#3742,.T.);
#3744=ORIENTED_EDGE('',*,*,#3743,.T.);
#3745=ORIENTED_EDGE('',*,*,#3694,.F.);
#3746=CARTESIAN_POINT('',(20.060005601,38.451363303,4.885622795));
#3747=DIRECTION('',(0.000000001,-0.947769033,0.318957459));
#3748=VECTOR('',#3747,1.95195236);
#3749=LINE('',#3746,#3748);
#3750=EDGE_CURVE('',#688,#3363,#3749,.T.);
#3751=ORIENTED_EDGE('',*,*,#3750,.T.);
#3752=EDGE_LOOP('',(#3738,#3744,#3745,#3751));
#3753=FACE_BOUND('',#3752,.T.);
#3754=ADVANCED_FACE('',(#3753),#3737,.T.);
#3755=CARTESIAN_POINT('',(89.550005695,0.000000019,2.700000114));
#3756=DIRECTION('',(-0.000000006,0.,-1.));
#3757=DIRECTION('',(-1.,0.000000001,0.000000006));
#3758=AXIS2_PLACEMENT_3D('',#3755,#3756,#3757);
#3759=PLANE('',#3758);
#3760=ORIENTED_EDGE('',*,*,#3709,.T.);
#3761=CARTESIAN_POINT('',(19.560005587,37.101363303,2.700000534));
#3762=VERTEX_POINT('',#3761);
#3763=CARTESIAN_POINT('',(19.560005588,38.451363303,2.700000534));
#3764=DIRECTION('',(-0.000000001,-1.,0.));
#3765=VECTOR('',#3764,1.35);
#3766=LINE('',#3763,#3765);
#3767=EDGE_CURVE('',#3697,#3762,#3766,.T.);
#3768=ORIENTED_EDGE('',*,*,#3767,.T.);
#3769=CARTESIAN_POINT('',(17.995005587,37.101363305,2.700000543));
#3770=VERTEX_POINT('',#3769);
#3771=CARTESIAN_POINT('',(19.560005587,37.101363303,2.700000534));
#3772=DIRECTION('',(-1.,0.000000001,0.000000006));
#3773=VECTOR('',#3772,1.565);
#3774=LINE('',#3771,#3773);
#3775=EDGE_CURVE('',#3762,#3770,#3774,.T.);
#3776=ORIENTED_EDGE('',*,*,#3775,.T.);
#3777=CARTESIAN_POINT('',(17.995005584,34.901363305,2.700000543));
#3778=VERTEX_POINT('',#3777);
#3779=CARTESIAN_POINT('',(17.995005587,37.101363305,2.700000543));
#3780=DIRECTION('',(-0.000000001,-1.,0.));
#3781=VECTOR('',#3780,2.2);
#3782=LINE('',#3779,#3781);
#3783=EDGE_CURVE('',#3770,#3778,#3782,.T.);
#3784=ORIENTED_EDGE('',*,*,#3783,.T.);
#3785=CARTESIAN_POINT('',(19.560005584,34.901363303,2.700000534));
#3786=VERTEX_POINT('',#3785);
#3787=CARTESIAN_POINT('',(17.995005584,34.901363305,2.700000543));
#3788=DIRECTION('',(1.,-0.000000001,-0.000000006));
#3789=VECTOR('',#3788,1.565);
#3790=LINE('',#3787,#3789);
#3791=EDGE_CURVE('',#3778,#3786,#3790,.T.);
#3792=ORIENTED_EDGE('',*,*,#3791,.T.);
#3793=CARTESIAN_POINT('',(19.560005584,34.901363303,2.700000534));
#3794=DIRECTION('',(-0.000000001,-1.,0.));
#3795=VECTOR('',#3794,1.350000001);
#3796=LINE('',#3793,#3795);
#3797=EDGE_CURVE('',#3786,#525,#3796,.T.);
#3798=ORIENTED_EDGE('',*,*,#3797,.T.);
#3799=ORIENTED_EDGE('',*,*,#532,.T.);
#3800=ORIENTED_EDGE('',*,*,#3318,.F.);
#3801=EDGE_LOOP('',(#3760,#3768,#3776,#3784,#3792,#3798,#3799,#3800));
#3802=FACE_BOUND('',#3801,.T.);
#3803=ADVANCED_FACE('',(#3802),#3759,.T.);
#3804=CARTESIAN_POINT('',(124.575243175,43.804582839,4.942801376));
#3805=DIRECTION('',(-0.124078962,-0.044014709,0.991295676));
#3806=DIRECTION('',(0.992257289,0.,0.124199326));
#3807=AXIS2_PLACEMENT_3D('',#3804,#3805,#3806);
#3808=CYLINDRICAL_SURFACE('',#3807,2.);
#3809=CARTESIAN_POINT('',(124.281449532,43.700364998,7.289987089));
#3810=DIRECTION('',(0.124078962,0.044014709,-0.991295676));
#3811=DIRECTION('',(0.992257289,0.,0.124199326));
#3812=AXIS2_PLACEMENT_3D('',#3809,#3810,#3811);
#3813=CIRCLE('',#3812,2.);
#3814=EDGE_CURVE('',#2411,#2209,#3813,.T.);
#3815=ORIENTED_EDGE('',*,*,#3814,.T.);
#3816=ORIENTED_EDGE('',*,*,#2214,.T.);
#3817=ORIENTED_EDGE('',*,*,#1983,.T.);
#3818=ORIENTED_EDGE('',*,*,#2423,.T.);
#3819=EDGE_LOOP('',(#3815,#3816,#3817,#3818));
#3820=FACE_BOUND('',#3819,.T.);
#3821=ADVANCED_FACE('',(#3820),#3808,.T.);
#3822=CARTESIAN_POINT('',(124.281449532,43.700364998,7.289987089));
#3823=DIRECTION('',(0.,0.,1.));
#3824=DIRECTION('',(1.,0.,-0.));
#3825=AXIS2_PLACEMENT_3D('',#3822,#3823,#3824);
#3826=SPHERICAL_SURFACE('',#3825,2.);
#3827=CARTESIAN_POINT('',(124.281449532,43.700364998,7.289987089));
#3828=DIRECTION('',(1.,-0.000000001,-0.000000005));
#3829=DIRECTION('',(0.000000005,0.,1.));
#3830=AXIS2_PLACEMENT_3D('',#3827,#3828,#3829);
#3831=CIRCLE('',#3830,2.);
#3832=EDGE_CURVE('',#2411,#3104,#3831,.T.);
#3833=ORIENTED_EDGE('',*,*,#3832,.T.);
#3834=CARTESIAN_POINT('',(124.281449532,43.700364998,7.289987089));
#3835=DIRECTION('',(0.007736108,0.917083655,-0.398619772));
#3836=DIRECTION('',(-0.,0.3986317,0.917111099));
#3837=AXIS2_PLACEMENT_3D('',#3834,#3835,#3836);
#3838=CIRCLE('',#3837,2.);
#3839=EDGE_CURVE('',#3104,#2209,#3838,.T.);
#3840=ORIENTED_EDGE('',*,*,#3839,.T.);
#3841=ORIENTED_EDGE('',*,*,#3814,.F.);
#3842=EDGE_LOOP('',(#3833,#3840,#3841));
#3843=FACE_BOUND('',#3842,.T.);
#3844=ADVANCED_FACE('',(#3843),#3826,.T.);
#3845=CARTESIAN_POINT('',(127.479520364,24.124206633,-10.630997885));
#3846=DIRECTION('',(-0.134378866,0.342527116,0.929848103));
#3847=DIRECTION('',(0.,-0.938358993,0.345662263));
#3848=AXIS2_PLACEMENT_3D('',#3845,#3846,#3847);
#3849=CYLINDRICAL_SURFACE('',#3848,2.);
#3850=ORIENTED_EDGE('',*,*,#2359,.T.);
#3851=ORIENTED_EDGE('',*,*,#2000,.T.);
#3852=ORIENTED_EDGE('',*,*,#2238,.T.);
#3853=CARTESIAN_POINT('',(126.576018015,31.472718489,9.603849398));
#3854=VERTEX_POINT('',#3853);
#3855=CARTESIAN_POINT('',(124.596581629,31.472718489,9.317787174));
#3856=DIRECTION('',(0.134378866,-0.342527116,-0.929848103));
#3857=DIRECTION('',(0.,-0.938358993,0.345662263));
#3858=AXIS2_PLACEMENT_3D('',#3855,#3856,#3857);
#3859=CIRCLE('',#3858,2.);
#3860=EDGE_CURVE('',#2226,#3854,#3859,.T.);
#3861=ORIENTED_EDGE('',*,*,#3860,.T.);
#3862=CARTESIAN_POINT('',(124.596581629,31.472718489,9.317787174));
#3863=DIRECTION('',(0.134378866,-0.342527116,-0.929848103));
#3864=DIRECTION('',(0.,-0.938358993,0.345662263));
#3865=AXIS2_PLACEMENT_3D('',#3862,#3863,#3864);
#3866=CIRCLE('',#3865,2.);
#3867=EDGE_CURVE('',#3854,#2340,#3866,.T.);
#3868=ORIENTED_EDGE('',*,*,#3867,.T.);
#3869=EDGE_LOOP('',(#3850,#3851,#3852,#3861,#3868));
#3870=FACE_BOUND('',#3869,.T.);
#3871=ADVANCED_FACE('',(#3870),#3849,.T.);
#3872=CARTESIAN_POINT('',(124.275822059,43.042003648,9.708111298));
#3873=CARTESIAN_POINT('',(124.515157009,43.042003647,9.708111297));
#3874=CARTESIAN_POINT('',(124.754426107,43.026996236,9.667371127));
#3875=CARTESIAN_POINT('',(125.202579738,42.968864107,9.509561578));
#3876=CARTESIAN_POINT('',(125.411340961,42.925755385,9.392535621));
#3877=CARTESIAN_POINT('',(125.771836741,42.816903233,9.097037945));
#3878=CARTESIAN_POINT('',(125.923472106,42.751189753,8.918647533));
#3879=CARTESIAN_POINT('',(126.150338293,42.60550116,8.523151074));
#3880=CARTESIAN_POINT('',(126.225511363,42.525566999,8.306156204));
#3881=CARTESIAN_POINT('',(126.257676212,42.443593544,8.083625321));
#3882=CARTESIAN_POINT('',(124.27582206,41.354278397,10.329816785));
#3883=CARTESIAN_POINT('',(124.515157011,41.356271693,10.329082515));
#3884=CARTESIAN_POINT('',(124.754426108,41.345923467,10.286626046));
#3885=CARTESIAN_POINT('',(125.202579739,41.301852386,10.123636844));
#3886=CARTESIAN_POINT('',(125.411340962,41.268141658,10.003148959));
#3887=CARTESIAN_POINT('',(125.771836742,41.181632165,9.699420942));
#3888=CARTESIAN_POINT('',(125.923472108,41.128857203,9.516264382));
#3889=CARTESIAN_POINT('',(126.150338294,41.010943242,9.110536613));
#3890=CARTESIAN_POINT('',(126.225511364,40.94583744,8.888079437));
#3891=CARTESIAN_POINT('',(126.257676213,40.878696481,8.660084724));
#3892=CARTESIAN_POINT('',(124.298095721,39.605363747,10.78528458));
#3893=CARTESIAN_POINT('',(124.537547784,39.609495505,10.78421206));
#3894=CARTESIAN_POINT('',(124.776933802,39.604029643,10.740646754));
#3895=CARTESIAN_POINT('',(125.22527005,39.574596072,10.574045342));
#3896=CARTESIAN_POINT('',(125.434096622,39.550636503,10.451055186));
#3897=CARTESIAN_POINT('',(125.794631438,39.487267794,10.141264795));
#3898=CARTESIAN_POINT('',(125.946240241,39.447876164,9.95455));
#3899=CARTESIAN_POINT('',(126.172941608,39.358671719,9.541129291));
#3900=CARTESIAN_POINT('',(126.247976322,39.308884183,9.314539833));
#3901=CARTESIAN_POINT('',(126.279949908,39.25706323,9.082404801));
#3902=CARTESIAN_POINT('',(124.386336578,36.052194134,11.346286034));
#3903=CARTESIAN_POINT('',(124.626255095,36.060589411,11.345380688));
#3904=CARTESIAN_POINT('',(124.866106801,36.064987075,11.300883628));
#3905=CARTESIAN_POINT('',(125.315170252,36.06522932,11.130365456));
#3906=CARTESIAN_POINT('',(125.524256944,36.061073855,11.004391827));
#3907=CARTESIAN_POINT('',(125.884946854,36.04474124,10.68703745));
#3908=CARTESIAN_POINT('',(126.036449628,36.03256867,10.495745073));
#3909=CARTESIAN_POINT('',(126.262494468,36.001764236,10.072272398));
#3910=CARTESIAN_POINT('',(126.33697829,35.983141382,9.840212508));
#3911=CARTESIAN_POINT('',(126.368190905,35.96248393,9.602578155));
#3912=CARTESIAN_POINT('',(124.452301592,34.24802703,11.451805821));
#3913=CARTESIAN_POINT('',(124.692569463,34.258546017,11.451405923));
#3914=CARTESIAN_POINT('',(124.932769946,34.26792373,11.407085997));
#3915=CARTESIAN_POINT('',(125.382377998,34.283202527,11.236263413));
#3916=CARTESIAN_POINT('',(125.591659467,34.289099366,11.10980867));
#3917=CARTESIAN_POINT('',(125.952465435,34.296661165,10.790952871));
#3918=CARTESIAN_POINT('',(126.103888738,34.298324068,10.598641248));
#3919=CARTESIAN_POINT('',(126.329441854,34.297209827,10.172809752));
#3920=CARTESIAN_POINT('',(126.403513129,34.294433346,9.93941182));
#3921=CARTESIAN_POINT('',(126.434156024,34.289619346,9.70041857));
#3922=CARTESIAN_POINT('',(124.557177113,32.070217319,11.365182188));
#3923=CARTESIAN_POINT('',(124.798005323,32.083116159,11.365868559));
#3924=CARTESIAN_POINT('',(125.038765216,32.098373919,11.322520645));
#3925=CARTESIAN_POINT('',(125.489246466,32.131649052,11.153320041));
#3926=CARTESIAN_POINT('',(125.698840031,32.149656987,11.027515349));
#3927=CARTESIAN_POINT('',(126.059831385,32.186102511,10.709644431));
#3928=CARTESIAN_POINT('',(126.211126768,32.204529764,10.517668378));
#3929=CARTESIAN_POINT('',(126.435891079,32.239427386,10.092288511));
#3930=CARTESIAN_POINT('',(126.509301004,32.255887979,9.859007887));
#3931=CARTESIAN_POINT('',(126.539031712,32.270304859,9.6200993));
#3932=CARTESIAN_POINT('',(124.576430315,31.689896626,11.342102095));
#3933=CARTESIAN_POINT('',(124.817361534,31.703204191,11.342995844));
#3934=CARTESIAN_POINT('',(125.058224264,31.719483891,11.299845842));
#3935=CARTESIAN_POINT('',(125.508866027,31.755896026,11.131002411));
#3936=CARTESIAN_POINT('',(125.718516957,31.776018113,11.005356979));
#3937=CARTESIAN_POINT('',(126.079542369,31.817509259,10.687762012));
#3938=CARTESIAN_POINT('',(126.230814223,31.838866526,10.495902759));
#3939=CARTESIAN_POINT('',(126.455433523,31.880059534,10.070724373));
#3940=CARTESIAN_POINT('',(126.528721881,31.899883664,9.837528627));
#3941=CARTESIAN_POINT('',(126.558284945,31.917662898,9.598698938));
#3942=CARTESIAN_POINT('',(124.596587025,31.310219712,11.311127274));
#3943=CARTESIAN_POINT('',(124.837626274,31.323927523,11.312245115));
#3944=CARTESIAN_POINT('',(125.078596854,31.341221848,11.269320386));
#3945=CARTESIAN_POINT('',(125.529406942,31.380759102,11.100906794));
#3946=CARTESIAN_POINT('',(125.739118021,31.402990768,10.975465911));
#3947=CARTESIAN_POINT('',(126.100179123,31.449520702,10.65825026));
#3948=CARTESIAN_POINT('',(126.251426284,31.473805715,10.466565863));
#3949=CARTESIAN_POINT('',(126.4758935,31.521290804,10.041711469));
#3950=CARTESIAN_POINT('',(126.549054378,31.544477419,9.808665032));
#3951=CARTESIAN_POINT('',(126.578441687,31.565617862,9.569978406));
#3952=B_SPLINE_SURFACE_WITH_KNOTS('',3,3,((#3872,#3873,#3874,#3875,#3876,#3877,#3878,#3879,#3880,#3881),(#3882,#3883,#3884,#3885,#3886,#3887,#3888,#3889,#3890,#3891),(#3892,#3893,#3894,#3895,#3896,#3897,#3898,#3899,#3900,#3901),(#3902,#3903,#3904,#3905,#3906,#3907,#3908,#3909,#3910,#3911),(#3912,#3913,#3914,#3915,#3916,#3917,#3918,#3919,#3920,#3921),(#3922,#3923,#3924,#3925,#3926,#3927,#3928,#3929,#3930,#3931),(#3932,#3933,#3934,#3935,#3936,#3937,#3938,#3939,#3940,#3941),(#3942,#3943,#3944,#3945,#3946,#3947,#3948,#3949,#3950,#3951)),.UNSPECIFIED.,.F.,.F.,.U.,(4,2,2,4),(4,2,2,2,4),(0.,0.196349541,0.392699082,0.434285657),(0.,0.25,0.5,0.75,0.999984732),.UNSPECIFIED.);
#3953=CARTESIAN_POINT('',(124.275822049,42.350679198,7.831393284));
#3954=DIRECTION('',(0.,-0.938358991,0.345662269));
#3955=DIRECTION('',(-0.,0.345662269,0.938358991));
#3956=AXIS2_PLACEMENT_3D('',#3953,#3954,#3955);
#3957=CIRCLE('',#3956,2.);
#3958=EDGE_CURVE('',#2217,#3158,#3957,.T.);
#3959=ORIENTED_EDGE('',*,*,#3958,.T.);
#3960=ORIENTED_EDGE('',*,*,#3164,.T.);
#3961=CARTESIAN_POINT('',(126.233310998,31.472718489,10.4671857));
#3962=VERTEX_POINT('',#3961);
#3963=CARTESIAN_POINT('',(124.596581629,31.472718489,9.317787174));
#3964=DIRECTION('',(-0.056966443,0.995075097,0.081119514));
#3965=DIRECTION('',(0.,-0.081251459,0.996693634));
#3966=AXIS2_PLACEMENT_3D('',#3963,#3964,#3965);
#3967=CIRCLE('',#3966,2.);
#3968=EDGE_CURVE('',#3149,#3962,#3967,.T.);
#3969=ORIENTED_EDGE('',*,*,#3968,.T.);
#3970=CARTESIAN_POINT('',(124.596581629,31.472718489,9.317787174));
#3971=DIRECTION('',(-0.056966443,0.995075097,0.081119514));
#3972=DIRECTION('',(0.,-0.081251459,0.996693634));
#3973=AXIS2_PLACEMENT_3D('',#3970,#3971,#3972);
#3974=CIRCLE('',#3973,2.);
#3975=EDGE_CURVE('',#3962,#2226,#3974,.T.);
#3976=ORIENTED_EDGE('',*,*,#3975,.T.);
#3977=ORIENTED_EDGE('',*,*,#2232,.T.);
#3978=EDGE_LOOP('',(#3959,#3960,#3969,#3976,#3977));
#3979=FACE_BOUND('',#3978,.T.);
#3980=ADVANCED_FACE('',(#3979),#3952,.T.);
#3981=CARTESIAN_POINT('',(124.281449534,45.698396442,7.378702065));
#3982=CARTESIAN_POINT('',(124.281449535,45.690142993,7.564585571));
#3983=CARTESIAN_POINT('',(124.281449536,45.655783256,7.749291161));
#3984=CARTESIAN_POINT('',(124.281449538,45.53749681,8.1021247));
#3985=CARTESIAN_POINT('',(124.281449538,45.45358202,8.270217098));
#3986=CARTESIAN_POINT('',(124.28144954,45.242670504,8.576810513));
#3987=CARTESIAN_POINT('',(124.28144954,45.115695029,8.715280637));
#3988=CARTESIAN_POINT('',(124.281449541,44.828481401,8.951905913));
#3989=CARTESIAN_POINT('',(124.281449542,44.668272186,9.050037223));
#3990=CARTESIAN_POINT('',(124.281449542,44.497628398,9.124209287));
#3991=CARTESIAN_POINT('',(88.77715359,45.69839647,7.378702246));
#3992=CARTESIAN_POINT('',(88.777153591,45.69014302,7.564585752));
#3993=CARTESIAN_POINT('',(88.777153591,45.655783284,7.749291343));
#3994=CARTESIAN_POINT('',(88.777153593,45.537496838,8.102124881));
#3995=CARTESIAN_POINT('',(88.777153594,45.453582047,8.27021728));
#3996=CARTESIAN_POINT('',(88.777153595,45.242670531,8.576810694));
#3997=CARTESIAN_POINT('',(88.777153596,45.115695056,8.715280819));
#3998=CARTESIAN_POINT('',(88.777153597,44.828481428,8.951906094));
#3999=CARTESIAN_POINT('',(88.777153597,44.668272213,9.050037404));
#4000=CARTESIAN_POINT('',(88.777153598,44.497628425,9.124209468));
#4001=CARTESIAN_POINT('',(53.272857645,45.698396497,7.378702427));
#4002=CARTESIAN_POINT('',(53.272857646,45.690143048,7.564585934));
#4003=CARTESIAN_POINT('',(53.272857647,45.655783311,7.749291524));
#4004=CARTESIAN_POINT('',(53.272857649,45.537496865,8.102125063));
#4005=CARTESIAN_POINT('',(53.27285765,45.453582074,8.270217461));
#4006=CARTESIAN_POINT('',(53.272857651,45.242670558,8.576810875));
#4007=CARTESIAN_POINT('',(53.272857652,45.115695084,8.715281));
#4008=CARTESIAN_POINT('',(53.272857653,44.828481455,8.951906276));
#4009=CARTESIAN_POINT('',(53.272857653,44.66827224,9.050037585));
#4010=CARTESIAN_POINT('',(53.272857653,44.497628452,9.124209649));
#4011=CARTESIAN_POINT('',(17.768561701,45.698396525,7.378702608));
#4012=CARTESIAN_POINT('',(17.768561702,45.690143075,7.564586115));
#4013=CARTESIAN_POINT('',(17.768561703,45.655783339,7.749291705));
#4014=CARTESIAN_POINT('',(17.768561705,45.537496893,8.102125244));
#4015=CARTESIAN_POINT('',(17.768561705,45.453582102,8.270217642));
#4016=CARTESIAN_POINT('',(17.768561707,45.242670585,8.576811057));
#4017=CARTESIAN_POINT('',(17.768561707,45.115695111,8.715281181));
#4018=CARTESIAN_POINT('',(17.768561708,44.828481482,8.951906457));
#4019=CARTESIAN_POINT('',(17.768561709,44.668272267,9.050037766));
#4020=CARTESIAN_POINT('',(17.768561709,44.497628479,9.12420983));
#4021=B_SPLINE_SURFACE_WITH_KNOTS('',3,3,((#3981,#3982,#3983,#3984,#3985,#3986,#3987,#3988,#3989,#3990),(#3991,#3992,#3993,#3994,#3995,#3996,#3997,#3998,#3999,#4000),(#4001,#4002,#4003,#4004,#4005,#4006,#4007,#4008,#4009,#4010),(#4011,#4012,#4013,#4014,#4015,#4016,#4017,#4018,#4019,#4020)),.UNSPECIFIED.,.F.,.F.,.U.,(4,4),(4,2,2,2,4),(0.147412139,0.253925027),(0.,0.25,0.5,0.75,1.),.UNSPECIFIED.);
#4022=CARTESIAN_POINT('',(86.043406484,44.522344435,9.113267255));
#4023=VERTEX_POINT('',#4022);
#4024=CARTESIAN_POINT('',(86.025002887,44.497628427,9.124209482));
#4025=CARTESIAN_POINT('',(86.031137768,44.505891584,9.120617817));
#4026=CARTESIAN_POINT('',(86.037272493,44.514130394,9.11697035));
#4027=CARTESIAN_POINT('',(86.043406484,44.522344435,9.113267255));
#4028=B_SPLINE_CURVE_WITH_KNOTS('',3,(#4024,#4025,#4026,#4027),.UNSPECIFIED.,.F.,.F.,(4,4),(0.000022682,0.000055382),.UNSPECIFIED.);
#4029=EDGE_CURVE('',#53,#4023,#4028,.T.);
#4030=ORIENTED_EDGE('',*,*,#4029,.T.);
#4031=CARTESIAN_POINT('',(110.00659929,44.522344416,9.113267133));
#4032=VERTEX_POINT('',#4031);
#4033=CARTESIAN_POINT('',(86.043406484,44.522344435,9.113267255));
#4034=CARTESIAN_POINT('',(94.031137419,44.522344428,9.113267215));
#4035=CARTESIAN_POINT('',(102.018868355,44.522344422,9.113267174));
#4036=CARTESIAN_POINT('',(110.00659929,44.522344416,9.113267133));
#4037=B_SPLINE_CURVE_WITH_KNOTS('',3,(#4033,#4034,#4035,#4036),.UNSPECIFIED.,.F.,.F.,(4,4),(0.000019863,0.023983056),.UNSPECIFIED.);
#4038=EDGE_CURVE('',#4023,#4032,#4037,.T.);
#4039=ORIENTED_EDGE('',*,*,#4038,.T.);
#4040=CARTESIAN_POINT('',(110.025002887,44.497628409,9.124209359));
#4041=CARTESIAN_POINT('',(110.018868096,44.505891622,9.12061767));
#4042=CARTESIAN_POINT('',(110.012733281,44.514130375,9.116970228));
#4043=CARTESIAN_POINT('',(110.00659929,44.522344416,9.113267133));
#4044=B_SPLINE_CURVE_WITH_KNOTS('',3,(#4040,#4041,#4042,#4043),.UNSPECIFIED.,.F.,.F.,(4,4),(0.000022682,0.000055382),.UNSPECIFIED.);
#4045=EDGE_CURVE('',#3102,#4032,#4044,.T.);
#4046=ORIENTED_EDGE('',*,*,#4045,.F.);
#4047=ORIENTED_EDGE('',*,*,#3110,.T.);
#4048=ORIENTED_EDGE('',*,*,#3832,.F.);
#4049=ORIENTED_EDGE('',*,*,#2417,.T.);
#4050=CARTESIAN_POINT('',(17.768561699,43.70036508,7.289987632));
#4051=DIRECTION('',(1.,-0.000000001,-0.000000005));
#4052=DIRECTION('',(0.000000005,0.,1.));
#4053=AXIS2_PLACEMENT_3D('',#4050,#4051,#4052);
#4054=CIRCLE('',#4053,2.);
#4055=EDGE_CURVE('',#2403,#71,#4054,.T.);
#4056=ORIENTED_EDGE('',*,*,#4055,.T.);
#4057=ORIENTED_EDGE('',*,*,#77,.T.);
#4058=EDGE_LOOP('',(#4030,#4039,#4046,#4047,#4048,#4049,#4056,#4057));
#4059=FACE_BOUND('',#4058,.T.);
#4060=ADVANCED_FACE('',(#4059),#4021,.T.);
#4061=CARTESIAN_POINT('',(17.474768018,43.804582925,4.942801849));
#4062=DIRECTION('',(0.124078974,-0.044014709,0.991295674));
#4063=DIRECTION('',(0.992257287,-0.,-0.124199338));
#4064=AXIS2_PLACEMENT_3D('',#4061,#4062,#4063);
#4065=CYLINDRICAL_SURFACE('',#4064,2.);
#4066=ORIENTED_EDGE('',*,*,#1966,.T.);
#4067=ORIENTED_EDGE('',*,*,#3258,.T.);
#4068=CARTESIAN_POINT('',(17.768561699,43.70036508,7.289987632));
#4069=DIRECTION('',(-0.124078974,0.044014709,-0.991295674));
#4070=DIRECTION('',(0.992257287,-0.,-0.124199338));
#4071=AXIS2_PLACEMENT_3D('',#4068,#4069,#4070);
#4072=CIRCLE('',#4071,2.);
#4073=EDGE_CURVE('',#3253,#2403,#4072,.T.);
#4074=ORIENTED_EDGE('',*,*,#4073,.T.);
#4075=ORIENTED_EDGE('',*,*,#2408,.T.);
#4076=EDGE_LOOP('',(#4066,#4067,#4074,#4075));
#4077=FACE_BOUND('',#4076,.T.);
#4078=ADVANCED_FACE('',(#4077),#4065,.T.);
#4079=CARTESIAN_POINT('',(124.596581629,31.472718489,9.317787174));
#4080=DIRECTION('',(0.,0.,1.));
#4081=DIRECTION('',(1.,0.,-0.));
#4082=AXIS2_PLACEMENT_3D('',#4079,#4080,#4081);
#4083=SPHERICAL_SURFACE('',#4082,2.);
#4084=CARTESIAN_POINT('',(124.596581629,31.472718489,9.317787174));
#4085=DIRECTION('',(-0.,1.,-0.));
#4086=DIRECTION('',(1.,0.,0.));
#4087=AXIS2_PLACEMENT_3D('',#4084,#4085,#4086);
#4088=CIRCLE('',#4087,2.);
#4089=EDGE_CURVE('',#3962,#3854,#4088,.T.);
#4090=ORIENTED_EDGE('',*,*,#4089,.T.);
#4091=ORIENTED_EDGE('',*,*,#3860,.F.);
#4092=ORIENTED_EDGE('',*,*,#3975,.F.);
#4093=EDGE_LOOP('',(#4090,#4091,#4092));
#4094=FACE_BOUND('',#4093,.T.);
#4095=ADVANCED_FACE('',(#4094),#4083,.T.);
#4096=CARTESIAN_POINT('',(17.768561699,43.70036508,7.289987632));
#4097=DIRECTION('',(0.,0.,1.));
#4098=DIRECTION('',(1.,0.,-0.));
#4099=AXIS2_PLACEMENT_3D('',#4096,#4097,#4098);
#4100=SPHERICAL_SURFACE('',#4099,2.);
#4101=ORIENTED_EDGE('',*,*,#4073,.F.);
#4102=CARTESIAN_POINT('',(17.768561699,43.70036508,7.289987632));
#4103=DIRECTION('',(-0.007736111,0.917083655,-0.398619771));
#4104=DIRECTION('',(0.,-0.398631699,-0.917111099));
#4105=AXIS2_PLACEMENT_3D('',#4102,#4103,#4104);
#4106=CIRCLE('',#4105,2.);
#4107=EDGE_CURVE('',#3253,#71,#4106,.T.);
#4108=ORIENTED_EDGE('',*,*,#4107,.T.);
#4109=ORIENTED_EDGE('',*,*,#4055,.F.);
#4110=EDGE_LOOP('',(#4101,#4108,#4109));
#4111=FACE_BOUND('',#4110,.T.);
#4112=ADVANCED_FACE('',(#4111),#4100,.T.);
#4113=CARTESIAN_POINT('',(124.596581639,31.310215571,11.311174442));
#4114=CARTESIAN_POINT('',(124.596581639,31.121423401,11.295783916));
#4115=CARTESIAN_POINT('',(124.596581639,30.934852687,11.253395536));
#4116=CARTESIAN_POINT('',(124.596581638,30.581035559,11.118004078));
#4117=CARTESIAN_POINT('',(124.596581637,30.413827429,11.025015651));
#4118=CARTESIAN_POINT('',(124.596581636,30.112149014,10.795870411));
#4119=CARTESIAN_POINT('',(124.596581635,29.977711372,10.659738392));
#4120=CARTESIAN_POINT('',(124.596581633,29.752362331,10.355213817));
#4121=CARTESIAN_POINT('',(124.596581632,29.661475315,10.186854212));
#4122=CARTESIAN_POINT('',(124.596581631,29.596000503,10.0091117));
#4123=CARTESIAN_POINT('',(88.882197629,31.310215598,11.31117462));
#4124=CARTESIAN_POINT('',(88.882197629,31.121423428,11.295784094));
#4125=CARTESIAN_POINT('',(88.882197629,30.934852714,11.253395713));
#4126=CARTESIAN_POINT('',(88.882197628,30.581035586,11.118004256));
#4127=CARTESIAN_POINT('',(88.882197627,30.413827456,11.025015829));
#4128=CARTESIAN_POINT('',(88.882197626,30.112149041,10.795870589));
#4129=CARTESIAN_POINT('',(88.882197625,29.977711399,10.65973857));
#4130=CARTESIAN_POINT('',(88.882197623,29.752362358,10.355213995));
#4131=CARTESIAN_POINT('',(88.882197622,29.661475342,10.18685439));
#4132=CARTESIAN_POINT('',(88.882197621,29.59600053,10.009111878));
#4133=CARTESIAN_POINT('',(53.167813619,31.310215625,11.311174798));
#4134=CARTESIAN_POINT('',(53.167813619,31.121423455,11.295784272));
#4135=CARTESIAN_POINT('',(53.167813619,30.934852741,11.253395891));
#4136=CARTESIAN_POINT('',(53.167813618,30.581035613,11.118004434));
#4137=CARTESIAN_POINT('',(53.167813617,30.413827483,11.025016007));
#4138=CARTESIAN_POINT('',(53.167813616,30.112149069,10.795870766));
#4139=CARTESIAN_POINT('',(53.167813615,29.977711426,10.659738747));
#4140=CARTESIAN_POINT('',(53.167813613,29.752362386,10.355214173));
#4141=CARTESIAN_POINT('',(53.167813612,29.66147537,10.186854568));
#4142=CARTESIAN_POINT('',(53.167813612,29.596000558,10.009112056));
#4143=CARTESIAN_POINT('',(17.453429609,31.310215652,11.311174976));
#4144=CARTESIAN_POINT('',(17.453429609,31.121423482,11.29578445));
#4145=CARTESIAN_POINT('',(17.453429609,30.934852768,11.253396069));
#4146=CARTESIAN_POINT('',(17.453429608,30.58103564,11.118004611));
#4147=CARTESIAN_POINT('',(17.453429607,30.41382751,11.025016184));
#4148=CARTESIAN_POINT('',(17.453429606,30.112149096,10.795870944));
#4149=CARTESIAN_POINT('',(17.453429605,29.977711454,10.659738925));
#4150=CARTESIAN_POINT('',(17.453429603,29.752362413,10.355214351));
#4151=CARTESIAN_POINT('',(17.453429603,29.661475397,10.186854746));
#4152=CARTESIAN_POINT('',(17.453429602,29.596000585,10.009112233));
#4153=B_SPLINE_SURFACE_WITH_KNOTS('',3,3,((#4113,#4114,#4115,#4116,#4117,#4118,#4119,#4120,#4121,#4122),(#4123,#4124,#4125,#4126,#4127,#4128,#4129,#4130,#4131,#4132),(#4133,#4134,#4135,#4136,#4137,#4138,#4139,#4140,#4141,#4142),(#4143,#4144,#4145,#4146,#4147,#4148,#4149,#4150,#4151,#4152)),.UNSPECIFIED.,.F.,.F.,.U.,(4,4),(4,2,2,2,4),(0.146737778,0.25388093),(0.,0.25,0.5,0.75,1.),.UNSPECIFIED.);
#4154=CARTESIAN_POINT('',(109.992245092,31.262308646,11.306688373));
#4155=VERTEX_POINT('',#4154);
#4156=CARTESIAN_POINT('',(110.025002893,31.310215582,11.311174515));
#4157=CARTESIAN_POINT('',(110.014081642,31.294229137,11.309871284));
#4158=CARTESIAN_POINT('',(110.003161311,31.278259824,11.308375913));
#4159=CARTESIAN_POINT('',(109.992245092,31.262308646,11.306688374));
#4160=B_SPLINE_CURVE_WITH_KNOTS('',3,(#4156,#4157,#4158,#4159),.UNSPECIFIED.,.F.,.F.,(4,4),(0.000040377,0.000098584),.UNSPECIFIED.);
#4161=EDGE_CURVE('',#3131,#4155,#4160,.T.);
#4162=ORIENTED_EDGE('',*,*,#4161,.T.);
#4163=CARTESIAN_POINT('',(86.057760693,31.262308665,11.306688493));
#4164=VERTEX_POINT('',#4163);
#4165=CARTESIAN_POINT('',(109.992245092,31.262308646,11.306688373));
#4166=CARTESIAN_POINT('',(102.014083626,31.262308652,11.306688413));
#4167=CARTESIAN_POINT('',(94.03592216,31.262308658,11.306688453));
#4168=CARTESIAN_POINT('',(86.057760693,31.262308665,11.306688493));
#4169=B_SPLINE_CURVE_WITH_KNOTS('',3,(#4165,#4166,#4167,#4168),.UNSPECIFIED.,.F.,.F.,(4,4),(0.000034218,0.023968702),.UNSPECIFIED.);
#4170=EDGE_CURVE('',#4155,#4164,#4169,.T.);
#4171=ORIENTED_EDGE('',*,*,#4170,.T.);
#4172=CARTESIAN_POINT('',(86.025002893,31.3102156,11.311174634));
#4173=CARTESIAN_POINT('',(86.035923983,31.294229046,11.309871394));
#4174=CARTESIAN_POINT('',(86.046844474,31.278259843,11.308376033));
#4175=CARTESIAN_POINT('',(86.057760694,31.262308665,11.306688493));
#4176=B_SPLINE_CURVE_WITH_KNOTS('',3,(#4172,#4173,#4174,#4175),.UNSPECIFIED.,.F.,.F.,(4,4),(0.000040377,0.000098584),.UNSPECIFIED.);
#4177=EDGE_CURVE('',#33,#4164,#4176,.T.);
#4178=ORIENTED_EDGE('',*,*,#4177,.F.);
#4179=ORIENTED_EDGE('',*,*,#93,.T.);
#4180=CARTESIAN_POINT('',(17.4534296,31.472718571,9.317787707));
#4181=DIRECTION('',(1.,-0.000000001,-0.000000005));
#4182=DIRECTION('',(0.000000005,0.,1.));
#4183=AXIS2_PLACEMENT_3D('',#4180,#4181,#4182);
#4184=CIRCLE('',#4183,2.);
#4185=EDGE_CURVE('',#80,#2338,#4184,.T.);
#4186=ORIENTED_EDGE('',*,*,#4185,.T.);
#4187=ORIENTED_EDGE('',*,*,#2346,.T.);
#4188=CARTESIAN_POINT('',(124.596581629,31.472718489,9.317787174));
#4189=DIRECTION('',(1.,-0.000000001,-0.000000005));
#4190=DIRECTION('',(0.000000005,0.,1.));
#4191=AXIS2_PLACEMENT_3D('',#4188,#4189,#4190);
#4192=CIRCLE('',#4191,2.);
#4193=EDGE_CURVE('',#3149,#2340,#4192,.T.);
#4194=ORIENTED_EDGE('',*,*,#4193,.F.);
#4195=ORIENTED_EDGE('',*,*,#3155,.T.);
#4196=EDGE_LOOP('',(#4162,#4171,#4178,#4179,#4186,#4187,#4194,#4195));
#4197=FACE_BOUND('',#4196,.T.);
#4198=ADVANCED_FACE('',(#4197),#4153,.T.);
#4199=CARTESIAN_POINT('',(15.786698458,43.793255081,7.542157299));
#4200=CARTESIAN_POINT('',(15.818814869,43.888035325,7.759589872));
#4201=CARTESIAN_POINT('',(15.893952895,43.980772058,7.971486113));
#4202=CARTESIAN_POINT('',(16.120777334,44.150435961,8.357420808));
#4203=CARTESIAN_POINT('',(16.272405969,44.227315453,8.53135069));
#4204=CARTESIAN_POINT('',(16.632911636,44.355440821,8.819125571));
#4205=CARTESIAN_POINT('',(16.841689413,44.406651422,8.93289134));
#4206=CARTESIAN_POINT('',(17.289889304,44.476891473,9.085790751));
#4207=CARTESIAN_POINT('',(17.529188019,44.495901584,9.124882297));
#4208=CARTESIAN_POINT('',(17.768552637,44.4975996,9.124143579));
#4209=CARTESIAN_POINT('',(15.790452674,43.348642609,7.735441427));
#4210=CARTESIAN_POINT('',(15.822601362,43.439198655,7.954683723));
#4211=CARTESIAN_POINT('',(15.897762742,43.527712797,8.168390342));
#4212=CARTESIAN_POINT('',(16.124615004,43.689470868,8.55772368));
#4213=CARTESIAN_POINT('',(16.276248127,43.762669346,8.733240922));
#4214=CARTESIAN_POINT('',(16.636747209,43.884444271,9.023770185));
#4215=CARTESIAN_POINT('',(16.845513956,43.932987204,9.138702249));
#4216=CARTESIAN_POINT('',(17.293683021,43.999245741,9.293367866));
#4217=CARTESIAN_POINT('',(17.532961999,44.016943111,9.333058853));
#4218=CARTESIAN_POINT('',(17.772306847,44.018089663,9.332598511));
#4219=CARTESIAN_POINT('',(15.792335026,42.898518728,7.916045633));
#4220=CARTESIAN_POINT('',(15.824499877,42.98480408,8.136988146));
#4221=CARTESIAN_POINT('',(15.89967295,43.069048934,8.35239509));
#4222=CARTESIAN_POINT('',(16.126539141,43.222811782,8.744917241));
#4223=CARTESIAN_POINT('',(16.278174509,43.292286566,8.921922104));
#4224=CARTESIAN_POINT('',(16.638670291,43.407633864,9.215027166));
#4225=CARTESIAN_POINT('',(16.847431516,43.45347464,9.331046716));
#4226=CARTESIAN_POINT('',(17.295585148,43.5156944,9.487350503));
#4227=CARTESIAN_POINT('',(17.534854245,43.532056264,9.527591733));
#4228=CARTESIAN_POINT('',(17.774189196,43.532635728,9.527378276));
#4229=CARTESIAN_POINT('',(15.792335027,40.878696462,8.660085318));
#4230=CARTESIAN_POINT('',(15.824499879,40.94583742,8.888080031));
#4231=CARTESIAN_POINT('',(15.899672952,41.010943221,9.110537206));
#4232=CARTESIAN_POINT('',(16.126539143,41.128857179,9.516264973));
#4233=CARTESIAN_POINT('',(16.27817451,41.18163214,9.699421532));
#4234=CARTESIAN_POINT('',(16.638670293,41.26814163,10.003149544));
#4235=CARTESIAN_POINT('',(16.847431518,41.301852357,10.123637427));
#4236=CARTESIAN_POINT('',(17.29558515,41.345923436,10.286626624));
#4237=CARTESIAN_POINT('',(17.534854247,41.356271661,10.329083091));
#4238=CARTESIAN_POINT('',(17.774189198,41.354278365,10.329817358));
#4239=CARTESIAN_POINT('',(15.770061332,39.25706321,9.082405387));
#4240=CARTESIAN_POINT('',(15.802034922,39.308884161,9.314540418));
#4241=CARTESIAN_POINT('',(15.877069638,39.358671696,9.541129876));
#4242=CARTESIAN_POINT('',(16.10377101,39.447876138,9.954550582));
#4243=CARTESIAN_POINT('',(16.255379815,39.487267767,10.141265375));
#4244=CARTESIAN_POINT('',(16.615914634,39.550636473,10.451055763));
#4245=CARTESIAN_POINT('',(16.824741207,39.574596041,10.574045917));
#4246=CARTESIAN_POINT('',(17.273077457,39.604029609,10.740647323));
#4247=CARTESIAN_POINT('',(17.512463475,39.609495471,10.784212627));
#4248=CARTESIAN_POINT('',(17.751915538,39.605363713,10.785285145));
#4249=CARTESIAN_POINT('',(15.681820333,35.962483908,9.602578724));
#4250=CARTESIAN_POINT('',(15.713032951,35.983141358,9.840213077));
#4251=CARTESIAN_POINT('',(15.787516776,36.00176421,10.072272966));
#4252=CARTESIAN_POINT('',(16.01356162,36.032568642,10.495745638));
#4253=CARTESIAN_POINT('',(16.165064396,36.04474121,10.687038014));
#4254=CARTESIAN_POINT('',(16.525754309,36.061073822,11.004392386));
#4255=CARTESIAN_POINT('',(16.734841003,36.065229287,11.130366012));
#4256=CARTESIAN_POINT('',(17.183904455,36.064987039,11.300884179));
#4257=CARTESIAN_POINT('',(17.423756161,36.060589374,11.345381238));
#4258=CARTESIAN_POINT('',(17.663674678,36.052194097,11.346286581));
#4259=CARTESIAN_POINT('',(15.615855211,34.289619323,9.700419131));
#4260=CARTESIAN_POINT('',(15.646498108,34.294433322,9.93941238));
#4261=CARTESIAN_POINT('',(15.720569386,34.297209801,10.172810311));
#4262=CARTESIAN_POINT('',(15.946122507,34.298324039,10.598641804));
#4263=CARTESIAN_POINT('',(16.097545812,34.296661135,10.790953426));
#4264=CARTESIAN_POINT('',(16.458351783,34.289099333,11.10980922));
#4265=CARTESIAN_POINT('',(16.667633253,34.283202493,11.236263961));
#4266=CARTESIAN_POINT('',(17.117241307,34.267923694,11.40708654));
#4267=CARTESIAN_POINT('',(17.35744179,34.25854598,11.451406463));
#4268=CARTESIAN_POINT('',(17.597709659,34.248026992,11.451806359));
#4269=CARTESIAN_POINT('',(15.510979519,32.270304884,9.620099853));
#4270=CARTESIAN_POINT('',(15.54071023,32.255888004,9.85900844));
#4271=CARTESIAN_POINT('',(15.614120158,32.23942741,10.092289063));
#4272=CARTESIAN_POINT('',(15.838884473,32.204529786,10.517668927));
#4273=CARTESIAN_POINT('',(15.990179858,32.186102532,10.709644978));
#4274=CARTESIAN_POINT('',(16.351171215,32.149657006,11.027515891));
#4275=CARTESIAN_POINT('',(16.560764781,32.13164907,11.153320581));
#4276=CARTESIAN_POINT('',(17.011246032,32.098373935,11.32252118));
#4277=CARTESIAN_POINT('',(17.252005924,32.083116174,11.365869091));
#4278=CARTESIAN_POINT('',(17.492834135,32.070217333,11.365182717));
#4279=CARTESIAN_POINT('',(15.491726288,31.917662971,9.598699494));
#4280=CARTESIAN_POINT('',(15.521289354,31.899883736,9.837529182));
#4281=CARTESIAN_POINT('',(15.594577715,31.880059606,10.070724927));
#4282=CARTESIAN_POINT('',(15.819197019,31.838866597,10.49590331));
#4283=CARTESIAN_POINT('',(15.970468875,31.817509329,10.687762561));
#4284=CARTESIAN_POINT('',(16.33149429,31.776018182,11.005357523));
#4285=CARTESIAN_POINT('',(16.541145221,31.755896095,11.131002953));
#4286=CARTESIAN_POINT('',(16.991786985,31.719483958,11.299846379));
#4287=CARTESIAN_POINT('',(17.232649715,31.703204258,11.342996379));
#4288=CARTESIAN_POINT('',(17.473580934,31.689896692,11.342102628));
#4289=CARTESIAN_POINT('',(15.471569547,31.565617983,9.569978965));
#4290=CARTESIAN_POINT('',(15.500956859,31.54447754,9.808665591));
#4291=CARTESIAN_POINT('',(15.574117739,31.521290925,10.041712028));
#4292=CARTESIAN_POINT('',(15.79858496,31.473805836,10.466566419));
#4293=CARTESIAN_POINT('',(15.949832123,31.449520823,10.658250813));
#4294=CARTESIAN_POINT('',(16.310893228,31.402990887,10.97546646));
#4295=CARTESIAN_POINT('',(16.520604307,31.380759222,11.10090734));
#4296=CARTESIAN_POINT('',(16.971414397,31.341221966,11.269320927));
#4297=CARTESIAN_POINT('',(17.212384977,31.323927641,11.312245654));
#4298=CARTESIAN_POINT('',(17.453424226,31.310219829,11.31112781));
#4299=B_SPLINE_SURFACE_WITH_KNOTS('',3,3,((#4199,#4200,#4201,#4202,#4203,#4204,#4205,#4206,#4207,#4208),(#4209,#4210,#4211,#4212,#4213,#4214,#4215,#4216,#4217,#4218),(#4219,#4220,#4221,#4222,#4223,#4224,#4225,#4226,#4227,#4228),(#4229,#4230,#4231,#4232,#4233,#4234,#4235,#4236,#4237,#4238),(#4239,#4240,#4241,#4242,#4243,#4244,#4245,#4246,#4247,#4248),(#4249,#4250,#4251,#4252,#4253,#4254,#4255,#4256,#4257,#4258),(#4259,#4260,#4261,#4262,#4263,#4264,#4265,#4266,#4267,#4268),(#4269,#4270,#4271,#4272,#4273,#4274,#4275,#4276,#4277,#4278),(#4279,#4280,#4281,#4282,#4283,#4284,#4285,#4286,#4287,#4288),(#4289,#4290,#4291,#4292,#4293,#4294,#4295,#4296,#4297,#4298)),.UNSPECIFIED.,.F.,.F.,.U.,(4,2,2,2,4),(4,2,2,2,4),(3.084512635,3.141592654,3.337942194,3.534291735,3.575878305),(0.000015268,0.25,0.5,0.75,1.),.UNSPECIFIED.);
#4300=ORIENTED_EDGE('',*,*,#3274,.T.);
#4301=CARTESIAN_POINT('',(17.4534296,31.472718571,9.317787707));
#4302=DIRECTION('',(0.056966446,0.995075097,0.081119515));
#4303=DIRECTION('',(-0.,0.08125146,-0.996693634));
#4304=AXIS2_PLACEMENT_3D('',#4301,#4302,#4303);
#4305=CIRCLE('',#4304,2.);
#4306=EDGE_CURVE('',#3262,#80,#4305,.T.);
#4307=ORIENTED_EDGE('',*,*,#4306,.T.);
#4308=ORIENTED_EDGE('',*,*,#86,.T.);
#4309=ORIENTED_EDGE('',*,*,#4107,.F.);
#4310=EDGE_LOOP('',(#4300,#4307,#4308,#4309));
#4311=FACE_BOUND('',#4310,.T.);
#4312=ADVANCED_FACE('',(#4311),#4299,.T.);
#4313=CARTESIAN_POINT('',(17.4534296,31.472718571,9.317787707));
#4314=DIRECTION('',(0.,0.,1.));
#4315=DIRECTION('',(1.,0.,-0.));
#4316=AXIS2_PLACEMENT_3D('',#4313,#4314,#4315);
#4317=SPHERICAL_SURFACE('',#4316,2.);
#4318=ORIENTED_EDGE('',*,*,#4306,.F.);
#4319=CARTESIAN_POINT('',(17.4534296,31.472718571,9.317787707));
#4320=DIRECTION('',(0.134378878,0.342527116,0.929848102));
#4321=DIRECTION('',(0.,0.938358993,-0.345662263));
#4322=AXIS2_PLACEMENT_3D('',#4319,#4320,#4321);
#4323=CIRCLE('',#4322,2.);
#4324=EDGE_CURVE('',#3262,#2338,#4323,.T.);
#4325=ORIENTED_EDGE('',*,*,#4324,.T.);
#4326=ORIENTED_EDGE('',*,*,#4185,.F.);
#4327=EDGE_LOOP('',(#4318,#4325,#4326));
#4328=FACE_BOUND('',#4327,.T.);
#4329=ADVANCED_FACE('',(#4328),#4317,.T.);
#4330=CARTESIAN_POINT('',(16.799533895,29.80596102,4.793090904));
#4331=DIRECTION('',(-0.134378878,-0.342527116,-0.929848102));
#4332=DIRECTION('',(0.,0.938358993,-0.345662263));
#4333=AXIS2_PLACEMENT_3D('',#4330,#4331,#4332);
#4334=CYLINDRICAL_SURFACE('',#4333,2.);
#4335=ORIENTED_EDGE('',*,*,#3267,.T.);
#4336=ORIENTED_EDGE('',*,*,#2015,.T.);
#4337=ORIENTED_EDGE('',*,*,#2352,.T.);
#4338=ORIENTED_EDGE('',*,*,#4324,.F.);
#4339=EDGE_LOOP('',(#4335,#4336,#4337,#4338));
#4340=FACE_BOUND('',#4339,.T.);
#4341=ADVANCED_FACE('',(#4340),#4334,.T.);
#4342=CARTESIAN_POINT('',(120.365005599,34.388863205,5.231487864));
#4343=DIRECTION('',(-0.000000005,0.381706793,-0.924283465));
#4344=DIRECTION('',(-0.,0.924283465,0.381706793));
#4345=AXIS2_PLACEMENT_3D('',#4342,#4343,#4344);
#4346=PLANE('',#4345);
#4347=ORIENTED_EDGE('',*,*,#1151,.F.);
#4348=ORIENTED_EDGE('',*,*,#1090,.T.);
#4349=ORIENTED_EDGE('',*,*,#135,.T.);
#4350=ORIENTED_EDGE('',*,*,#196,.F.);
#4351=EDGE_LOOP('',(#4347,#4348,#4349,#4350));
#4352=FACE_BOUND('',#4351,.T.);
#4353=ADVANCED_FACE('',(#4352),#4346,.T.);
#4354=CARTESIAN_POINT('',(21.385005601,37.613863301,5.167470856));
#4355=DIRECTION('',(-0.000000006,-0.318957459,-0.947769033));
#4356=DIRECTION('',(0.,0.947769033,-0.318957459));
#4357=AXIS2_PLACEMENT_3D('',#4354,#4355,#4356);
#4358=PLANE('',#4357);
#4359=ORIENTED_EDGE('',*,*,#694,.F.);
#4360=ORIENTED_EDGE('',*,*,#653,.T.);
#4361=ORIENTED_EDGE('',*,*,#3374,.T.);
#4362=ORIENTED_EDGE('',*,*,#3750,.F.);
#4363=EDGE_LOOP('',(#4359,#4360,#4361,#4362));
#4364=FACE_BOUND('',#4363,.T.);
#4365=ADVANCED_FACE('',(#4364),#4358,.T.);
#4366=CARTESIAN_POINT('',(118.090005627,33.714362362,10.218061066));
#4367=DIRECTION('',(-0.000000006,-0.162999156,-0.986626208));
#4368=DIRECTION('',(0.,0.986626208,-0.162999156));
#4369=AXIS2_PLACEMENT_3D('',#4366,#4367,#4368);
#4370=PLANE('',#4369);
#4371=ORIENTED_EDGE('',*,*,#792,.T.);
#4372=ORIENTED_EDGE('',*,*,#3242,.F.);
#4373=ORIENTED_EDGE('',*,*,#1688,.F.);
#4374=CARTESIAN_POINT('',(118.225005627,43.643187531,8.577733543));
#4375=DIRECTION('',(-0.,-0.986626208,0.162999156));
#4376=VECTOR('',#4375,12.397342585);
#4377=LINE('',#4374,#4376);
#4378=EDGE_CURVE('',#1675,#787,#4377,.T.);
#4379=ORIENTED_EDGE('',*,*,#4378,.T.);
#4380=EDGE_LOOP('',(#4371,#4372,#4373,#4379));
#4381=FACE_BOUND('',#4380,.T.);
#4382=ADVANCED_FACE('',(#4381),#4370,.T.);
#4383=CARTESIAN_POINT('',(118.225005594,36.001363207,4.099999946));
#4384=DIRECTION('',(1.,-0.000000001,-0.000000006));
#4385=DIRECTION('',(0.000000006,0.,1.));
#4386=AXIS2_PLACEMENT_3D('',#4383,#4384,#4385);
#4387=PLANE('',#4386);
#4388=ORIENTED_EDGE('',*,*,#1680,.T.);
#4389=ORIENTED_EDGE('',*,*,#474,.F.);
#4390=ORIENTED_EDGE('',*,*,#798,.F.);
#4391=ORIENTED_EDGE('',*,*,#4378,.F.);
#4392=EDGE_LOOP('',(#4388,#4389,#4390,#4391));
#4393=FACE_BOUND('',#4392,.T.);
#4394=ADVANCED_FACE('',(#4393),#4387,.F.);
#4395=CARTESIAN_POINT('',(123.555005594,36.001363202,4.099999915));
#4396=DIRECTION('',(-1.,0.000000001,0.000000006));
#4397=DIRECTION('',(-0.000000006,0.,-1.));
#4398=AXIS2_PLACEMENT_3D('',#4395,#4396,#4397);
#4399=PLANE('',#4398);
#4400=ORIENTED_EDGE('',*,*,#364,.T.);
#4401=CARTESIAN_POINT('',(123.555005589,36.601363202,3.199999923));
#4402=DIRECTION('',(-0.000000001,-1.,0.));
#4403=VECTOR('',#4402,1.2);
#4404=LINE('',#4401,#4403);
#4405=EDGE_CURVE('',#351,#106,#4404,.T.);
#4406=ORIENTED_EDGE('',*,*,#4405,.T.);
#4407=ORIENTED_EDGE('',*,*,#111,.F.);
#4408=ORIENTED_EDGE('',*,*,#1256,.T.);
#4409=EDGE_LOOP('',(#4400,#4406,#4407,#4408));
#4410=FACE_BOUND('',#4409,.T.);
#4411=ADVANCED_FACE('',(#4410),#4399,.T.);
#4412=CARTESIAN_POINT('',(124.281458614,44.49759952,9.124143035));
#4413=CARTESIAN_POINT('',(124.520823232,44.495901504,9.12488175));
#4414=CARTESIAN_POINT('',(124.760121948,44.476891393,9.085790202));
#4415=CARTESIAN_POINT('',(125.208321837,44.406651341,8.932890786));
#4416=CARTESIAN_POINT('',(125.417099613,44.35544074,8.819125014));
#4417=CARTESIAN_POINT('',(125.777605277,44.22731537,8.531350129));
#4418=CARTESIAN_POINT('',(125.929233911,44.150435878,8.357420245));
#4419=CARTESIAN_POINT('',(126.156065256,43.980766803,7.971473787));
#4420=CARTESIAN_POINT('',(126.231205526,43.888023937,7.759563477));
#4421=CARTESIAN_POINT('',(126.263318648,43.793237666,7.542116977));
#4422=CARTESIAN_POINT('',(124.277704406,44.018089648,9.332597939));
#4423=CARTESIAN_POINT('',(124.517049254,44.016943095,9.333058279));
#4424=CARTESIAN_POINT('',(124.756328232,43.999245725,9.29336729));
#4425=CARTESIAN_POINT('',(125.204497296,43.932987186,9.138701668));
#4426=CARTESIAN_POINT('',(125.413264042,43.884444252,9.023769601));
#4427=CARTESIAN_POINT('',(125.773763121,43.762669326,8.733240335));
#4428=CARTESIAN_POINT('',(125.925396242,43.689470846,8.557723091));
#4429=CARTESIAN_POINT('',(126.152255412,43.527707844,8.168377887));
#4430=CARTESIAN_POINT('',(126.227419038,43.439187841,7.954657082));
#4431=CARTESIAN_POINT('',(126.25956444,43.348626026,7.735400749));
#4432=CARTESIAN_POINT('',(124.275822058,43.532635778,9.52737768));
#4433=CARTESIAN_POINT('',(124.515157009,43.532056314,9.527591136));
#4434=CARTESIAN_POINT('',(124.754426107,43.515694449,9.487349904));
#4435=CARTESIAN_POINT('',(125.202579737,43.453474687,9.331046112));
#4436=CARTESIAN_POINT('',(125.411340961,43.40763391,9.21502656));
#4437=CARTESIAN_POINT('',(125.771836741,43.292286609,8.921921494));
#4438=CARTESIAN_POINT('',(125.923472106,43.222811823,8.74491663));
#4439=CARTESIAN_POINT('',(126.150345206,43.069044287,8.352382515));
#4440=CARTESIAN_POINT('',(126.225520526,42.984793848,8.136961276));
#4441=CARTESIAN_POINT('',(126.257682092,42.898502987,7.916004622));
#4442=CARTESIAN_POINT('',(124.275822059,43.042003736,9.708111266));
#4443=CARTESIAN_POINT('',(124.515157009,43.042003735,9.708111265));
#4444=CARTESIAN_POINT('',(124.754426107,43.026996323,9.667371094));
#4445=CARTESIAN_POINT('',(125.202579738,42.968864194,9.509561546));
#4446=CARTESIAN_POINT('',(125.411340961,42.925755471,9.392535589));
#4447=CARTESIAN_POINT('',(125.771836741,42.816903318,9.097037914));
#4448=CARTESIAN_POINT('',(125.923472106,42.751189838,8.918647501));
#4449=CARTESIAN_POINT('',(126.150345206,42.605496804,8.523138991));
#4450=CARTESIAN_POINT('',(126.225520526,42.525557338,8.306129724));
#4451=CARTESIAN_POINT('',(126.257682092,42.443578638,8.083584604));
#4452=B_SPLINE_SURFACE_WITH_KNOTS('',3,3,((#4412,#4413,#4414,#4415,#4416,#4417,#4418,#4419,#4420,#4421),(#4422,#4423,#4424,#4425,#4426,#4427,#4428,#4429,#4430,#4431),(#4432,#4433,#4434,#4435,#4436,#4437,#4438,#4439,#4440,#4441),(#4442,#4443,#4444,#4445,#4446,#4447,#4448,#4449,#4450,#4451)),.UNSPECIFIED.,.F.,.F.,.U.,(4,4),(4,2,2,2,4),(6.226105292,6.283185304),(0.,0.25,0.5,0.75,0.999999968),.UNSPECIFIED.);
#4453=ORIENTED_EDGE('',*,*,#3958,.F.);
#4454=ORIENTED_EDGE('',*,*,#2223,.T.);
#4455=ORIENTED_EDGE('',*,*,#3839,.F.);
#4456=ORIENTED_EDGE('',*,*,#3171,.T.);
#4457=EDGE_LOOP('',(#4453,#4454,#4455,#4456));
#4458=FACE_BOUND('',#4457,.T.);
#4459=ADVANCED_FACE('',(#4458),#4452,.T.);
#4460=CARTESIAN_POINT('',(21.760005553,0.000000087,3.200000521));
#4461=DIRECTION('',(0.000000001,1.,-0.));
#4462=DIRECTION('',(-1.,0.000000001,0.));
#4463=AXIS2_PLACEMENT_3D('',#4460,#4461,#4462);
#4464=CYLINDRICAL_SURFACE('',#4463,0.5);
#4465=ORIENTED_EDGE('',*,*,#880,.F.);
#4466=ORIENTED_EDGE('',*,*,#3453,.F.);
#4467=CARTESIAN_POINT('',(21.760005587,34.901363301,3.200000521));
#4468=DIRECTION('',(0.707106782,0.70710678,-0.000000004));
#4469=DIRECTION('',(-0.70710678,0.707106782,0.000000004));
#4470=AXIS2_PLACEMENT_3D('',#4467,#4468,#4469);
#4471=ELLIPSE('',#4470,0.707106781,0.5);
#4472=EDGE_CURVE('',#1552,#3410,#4471,.T.);
#4473=ORIENTED_EDGE('',*,*,#4472,.F.);
#4474=ORIENTED_EDGE('',*,*,#1557,.F.);
#4475=EDGE_LOOP('',(#4465,#4466,#4473,#4474));
#4476=FACE_BOUND('',#4475,.T.);
#4477=ADVANCED_FACE('',(#4476),#4464,.T.);
#4478=CARTESIAN_POINT('',(89.550005733,34.901363233,3.200000114));
#4479=DIRECTION('',(1.,-0.000000001,-0.000000006));
#4480=DIRECTION('',(-0.000000006,0.,-1.));
#4481=AXIS2_PLACEMENT_3D('',#4478,#4479,#4480);
#4482=CYLINDRICAL_SURFACE('',#4481,0.5);
#4483=ORIENTED_EDGE('',*,*,#4472,.T.);
#4484=ORIENTED_EDGE('',*,*,#3415,.F.);
#4485=CARTESIAN_POINT('',(23.325005587,34.9013633,3.200000511));
#4486=DIRECTION('',(0.707106782,0.70710678,-0.000000004));
#4487=DIRECTION('',(-0.70710678,0.707106782,0.000000004));
#4488=AXIS2_PLACEMENT_3D('',#4485,#4486,#4487);
#4489=ELLIPSE('',#4488,0.707106781,0.5);
#4490=EDGE_CURVE('',#1560,#3386,#4489,.T.);
#4491=ORIENTED_EDGE('',*,*,#4490,.F.);
#4492=ORIENTED_EDGE('',*,*,#1565,.F.);
#4493=EDGE_LOOP('',(#4483,#4484,#4491,#4492));
#4494=FACE_BOUND('',#4493,.T.);
#4495=ADVANCED_FACE('',(#4494),#4482,.T.);
#4496=CARTESIAN_POINT('',(23.325005553,0.000000085,3.200000511));
#4497=DIRECTION('',(0.000000001,1.,-0.));
#4498=DIRECTION('',(-1.,0.000000001,0.));
#4499=AXIS2_PLACEMENT_3D('',#4496,#4497,#4498);
#4500=CYLINDRICAL_SURFACE('',#4499,0.5);
#4501=ORIENTED_EDGE('',*,*,#4490,.T.);
#4502=ORIENTED_EDGE('',*,*,#3391,.F.);
#4503=CARTESIAN_POINT('',(23.32500559,37.1013633,3.200000511));
#4504=DIRECTION('',(-0.70710678,0.707106782,0.000000004));
#4505=DIRECTION('',(-0.707106782,-0.70710678,0.000000004));
#4506=AXIS2_PLACEMENT_3D('',#4503,#4504,#4505);
#4507=ELLIPSE('',#4506,0.707106781,0.5);
#4508=EDGE_CURVE('',#1519,#3332,#4507,.T.);
#4509=ORIENTED_EDGE('',*,*,#4508,.F.);
#4510=ORIENTED_EDGE('',*,*,#1571,.F.);
#4511=EDGE_LOOP('',(#4501,#4502,#4509,#4510));
#4512=FACE_BOUND('',#4511,.T.);
#4513=ADVANCED_FACE('',(#4512),#4500,.T.);
#4514=CARTESIAN_POINT('',(89.550005735,37.101363233,3.200000114));
#4515=DIRECTION('',(-1.,0.000000001,0.000000006));
#4516=DIRECTION('',(0.000000006,0.,1.));
#4517=AXIS2_PLACEMENT_3D('',#4514,#4515,#4516);
#4518=CYLINDRICAL_SURFACE('',#4517,0.5);
#4519=ORIENTED_EDGE('',*,*,#4508,.T.);
#4520=ORIENTED_EDGE('',*,*,#3337,.F.);
#4521=CARTESIAN_POINT('',(21.76000559,37.101363301,3.200000521));
#4522=DIRECTION('',(-0.70710678,0.707106782,0.000000004));
#4523=DIRECTION('',(-0.707106782,-0.70710678,0.000000004));
#4524=AXIS2_PLACEMENT_3D('',#4521,#4522,#4523);
#4525=ELLIPSE('',#4524,0.707106781,0.5);
#4526=EDGE_CURVE('',#1521,#632,#4525,.T.);
#4527=ORIENTED_EDGE('',*,*,#4526,.F.);
#4528=ORIENTED_EDGE('',*,*,#1526,.F.);
#4529=EDGE_LOOP('',(#4519,#4520,#4527,#4528));
#4530=FACE_BOUND('',#4529,.T.);
#4531=ADVANCED_FACE('',(#4530),#4518,.T.);
#4532=CARTESIAN_POINT('',(21.760005553,0.000000087,3.200000521));
#4533=DIRECTION('',(0.000000001,1.,-0.));
#4534=DIRECTION('',(-1.,0.000000001,0.));
#4535=AXIS2_PLACEMENT_3D('',#4532,#4533,#4534);
#4536=CYLINDRICAL_SURFACE('',#4535,0.5);
#4537=ORIENTED_EDGE('',*,*,#4526,.T.);
#4538=ORIENTED_EDGE('',*,*,#637,.F.);
#4539=ORIENTED_EDGE('',*,*,#1741,.F.);
#4540=ORIENTED_EDGE('',*,*,#1534,.F.);
#4541=EDGE_LOOP('',(#4537,#4538,#4539,#4540));
#4542=FACE_BOUND('',#4541,.T.);
#4543=ADVANCED_FACE('',(#4542),#4536,.T.);
#4544=CARTESIAN_POINT('',(19.560005553,0.000000089,3.200000534));
#4545=DIRECTION('',(-0.000000001,-1.,0.));
#4546=DIRECTION('',(1.,-0.000000001,0.));
#4547=AXIS2_PLACEMENT_3D('',#4544,#4545,#4546);
#4548=CYLINDRICAL_SURFACE('',#4547,0.5);
#4549=ORIENTED_EDGE('',*,*,#541,.F.);
#4550=ORIENTED_EDGE('',*,*,#3797,.F.);
#4551=CARTESIAN_POINT('',(19.560005587,34.901363303,3.200000534));
#4552=DIRECTION('',(-0.70710678,0.707106782,0.000000004));
#4553=DIRECTION('',(-0.707106782,-0.70710678,0.000000004));
#4554=AXIS2_PLACEMENT_3D('',#4551,#4552,#4553);
#4555=ELLIPSE('',#4554,0.707106781,0.5);
#4556=EDGE_CURVE('',#1054,#3786,#4555,.T.);
#4557=ORIENTED_EDGE('',*,*,#4556,.F.);
#4558=ORIENTED_EDGE('',*,*,#1059,.F.);
#4559=EDGE_LOOP('',(#4549,#4550,#4557,#4558));
#4560=FACE_BOUND('',#4559,.T.);
#4561=ADVANCED_FACE('',(#4560),#4548,.T.);
#4562=CARTESIAN_POINT('',(89.550005733,34.901363233,3.200000114));
#4563=DIRECTION('',(1.,-0.000000001,-0.000000006));
#4564=DIRECTION('',(-0.000000006,0.,-1.));
#4565=AXIS2_PLACEMENT_3D('',#4562,#4563,#4564);
#4566=CYLINDRICAL_SURFACE('',#4565,0.5);
#4567=ORIENTED_EDGE('',*,*,#4556,.T.);
#4568=ORIENTED_EDGE('',*,*,#3791,.F.);
#4569=CARTESIAN_POINT('',(17.995005587,34.901363305,3.200000543));
#4570=DIRECTION('',(-0.70710678,0.707106782,0.000000004));
#4571=DIRECTION('',(-0.707106782,-0.70710678,0.000000004));
#4572=AXIS2_PLACEMENT_3D('',#4569,#4570,#4571);
#4573=ELLIPSE('',#4572,0.707106781,0.5);
#4574=EDGE_CURVE('',#3426,#3778,#4573,.T.);
#4575=ORIENTED_EDGE('',*,*,#4574,.F.);
#4576=ORIENTED_EDGE('',*,*,#3431,.F.);
#4577=EDGE_LOOP('',(#4567,#4568,#4575,#4576));
#4578=FACE_BOUND('',#4577,.T.);
#4579=ADVANCED_FACE('',(#4578),#4566,.T.);
#4580=CARTESIAN_POINT('',(17.995005553,0.000000091,3.200000543));
#4581=DIRECTION('',(-0.000000001,-1.,0.));
#4582=DIRECTION('',(1.,-0.000000001,0.));
#4583=AXIS2_PLACEMENT_3D('',#4580,#4581,#4582);
#4584=CYLINDRICAL_SURFACE('',#4583,0.5);
#4585=ORIENTED_EDGE('',*,*,#4574,.T.);
#4586=ORIENTED_EDGE('',*,*,#3783,.F.);
#4587=CARTESIAN_POINT('',(17.99500559,37.101363305,3.200000543));
#4588=DIRECTION('',(0.707106782,0.70710678,-0.000000004));
#4589=DIRECTION('',(-0.70710678,0.707106782,0.000000004));
#4590=AXIS2_PLACEMENT_3D('',#4587,#4588,#4589);
#4591=ELLIPSE('',#4590,0.707106781,0.5);
#4592=EDGE_CURVE('',#3347,#3770,#4591,.T.);
#4593=ORIENTED_EDGE('',*,*,#4592,.F.);
#4594=ORIENTED_EDGE('',*,*,#3726,.F.);
#4595=EDGE_LOOP('',(#4585,#4586,#4593,#4594));
#4596=FACE_BOUND('',#4595,.T.);
#4597=ADVANCED_FACE('',(#4596),#4584,.T.);
#4598=CARTESIAN_POINT('',(89.550005735,37.101363233,3.200000114));
#4599=DIRECTION('',(-1.,0.000000001,0.000000006));
#4600=DIRECTION('',(0.000000006,0.,1.));
#4601=AXIS2_PLACEMENT_3D('',#4598,#4599,#4600);
#4602=CYLINDRICAL_SURFACE('',#4601,0.5);
#4603=ORIENTED_EDGE('',*,*,#4592,.T.);
#4604=ORIENTED_EDGE('',*,*,#3775,.F.);
#4605=CARTESIAN_POINT('',(19.56000559,37.101363303,3.200000534));
#4606=DIRECTION('',(0.707106782,0.70710678,-0.000000004));
#4607=DIRECTION('',(-0.70710678,0.707106782,0.000000004));
#4608=AXIS2_PLACEMENT_3D('',#4605,#4606,#4607);
#4609=ELLIPSE('',#4608,0.707106781,0.5);
#4610=EDGE_CURVE('',#3355,#3762,#4609,.T.);
#4611=ORIENTED_EDGE('',*,*,#4610,.F.);
#4612=ORIENTED_EDGE('',*,*,#3360,.F.);
#4613=EDGE_LOOP('',(#4603,#4604,#4611,#4612));
#4614=FACE_BOUND('',#4613,.T.);
#4615=ADVANCED_FACE('',(#4614),#4602,.T.);
#4616=CARTESIAN_POINT('',(19.560005589,36.001363303,3.200000534));
#4617=DIRECTION('',(0.000000001,1.,-0.));
#4618=DIRECTION('',(-1.,0.000000001,0.));
#4619=AXIS2_PLACEMENT_3D('',#4616,#4617,#4618);
#4620=CYLINDRICAL_SURFACE('',#4619,0.5);
#4621=ORIENTED_EDGE('',*,*,#4610,.T.);
#4622=ORIENTED_EDGE('',*,*,#3767,.F.);
#4623=ORIENTED_EDGE('',*,*,#3703,.F.);
#4624=ORIENTED_EDGE('',*,*,#3743,.F.);
#4625=EDGE_LOOP('',(#4621,#4622,#4623,#4624));
#4626=FACE_BOUND('',#4625,.T.);
#4627=ADVANCED_FACE('',(#4626),#4620,.T.);
#4628=CARTESIAN_POINT('',(122.490005589,36.001363204,3.199999929));
#4629=DIRECTION('',(-0.000000001,-1.,0.));
#4630=DIRECTION('',(1.,-0.000000001,0.));
#4631=AXIS2_PLACEMENT_3D('',#4628,#4629,#4630);
#4632=CYLINDRICAL_SURFACE('',#4631,0.5);
#4633=ORIENTED_EDGE('',*,*,#324,.F.);
#4634=ORIENTED_EDGE('',*,*,#254,.F.);
#4635=CARTESIAN_POINT('',(122.49000559,37.101363204,3.199999929));
#4636=DIRECTION('',(0.70710678,-0.707106782,-0.000000004));
#4637=DIRECTION('',(-0.707106782,-0.70710678,0.000000004));
#4638=AXIS2_PLACEMENT_3D('',#4635,#4636,#4637);
#4639=ELLIPSE('',#4638,0.707106781,0.5);
#4640=EDGE_CURVE('',#289,#241,#4639,.T.);
#4641=ORIENTED_EDGE('',*,*,#4640,.F.);
#4642=ORIENTED_EDGE('',*,*,#294,.F.);
#4643=EDGE_LOOP('',(#4633,#4634,#4641,#4642));
#4644=FACE_BOUND('',#4643,.T.);
#4645=ADVANCED_FACE('',(#4644),#4632,.T.);
#4646=CARTESIAN_POINT('',(121.025005589,37.101363205,3.199999938));
#4647=DIRECTION('',(1.,-0.000000001,-0.000000006));
#4648=DIRECTION('',(-0.000000006,0.,-1.));
#4649=AXIS2_PLACEMENT_3D('',#4646,#4647,#4648);
#4650=CYLINDRICAL_SURFACE('',#4649,0.5);
#4651=ORIENTED_EDGE('',*,*,#4640,.T.);
#4652=ORIENTED_EDGE('',*,*,#246,.F.);
#4653=CARTESIAN_POINT('',(124.05500559,37.101363202,3.19999992));
#4654=DIRECTION('',(0.70710678,-0.707106782,-0.000000004));
#4655=DIRECTION('',(-0.707106782,-0.70710678,0.000000004));
#4656=AXIS2_PLACEMENT_3D('',#4653,#4654,#4655);
#4657=ELLIPSE('',#4656,0.707106781,0.5);
#4658=EDGE_CURVE('',#351,#233,#4657,.T.);
#4659=ORIENTED_EDGE('',*,*,#4658,.F.);
#4660=ORIENTED_EDGE('',*,*,#356,.F.);
#4661=EDGE_LOOP('',(#4651,#4652,#4659,#4660));
#4662=FACE_BOUND('',#4661,.T.);
#4663=ADVANCED_FACE('',(#4662),#4650,.T.);
#4664=CARTESIAN_POINT('',(124.055005589,36.001363201,3.19999992));
#4665=DIRECTION('',(-0.000000001,-1.,0.));
#4666=DIRECTION('',(1.,-0.000000001,0.));
#4667=AXIS2_PLACEMENT_3D('',#4664,#4665,#4666);
#4668=CYLINDRICAL_SURFACE('',#4667,0.5);
#4669=ORIENTED_EDGE('',*,*,#4658,.T.);
#4670=ORIENTED_EDGE('',*,*,#238,.F.);
#4671=CARTESIAN_POINT('',(124.055005588,34.901363202,3.19999992));
#4672=DIRECTION('',(-0.707106782,-0.70710678,0.000000004));
#4673=DIRECTION('',(-0.70710678,0.707106782,0.000000004));
#4674=AXIS2_PLACEMENT_3D('',#4671,#4672,#4673);
#4675=ELLIPSE('',#4674,0.707106781,0.5);
#4676=EDGE_CURVE('',#106,#225,#4675,.T.);
#4677=ORIENTED_EDGE('',*,*,#4676,.F.);
#4678=ORIENTED_EDGE('',*,*,#4405,.F.);
#4679=EDGE_LOOP('',(#4669,#4670,#4677,#4678));
#4680=FACE_BOUND('',#4679,.T.);
#4681=ADVANCED_FACE('',(#4680),#4668,.T.);
#4682=CARTESIAN_POINT('',(121.025005587,34.901363205,3.199999938));
#4683=DIRECTION('',(-1.,0.000000001,0.000000006));
#4684=DIRECTION('',(0.000000006,0.,1.));
#4685=AXIS2_PLACEMENT_3D('',#4682,#4683,#4684);
#4686=CYLINDRICAL_SURFACE('',#4685,0.5);
#4687=ORIENTED_EDGE('',*,*,#4676,.T.);
#4688=ORIENTED_EDGE('',*,*,#230,.F.);
#4689=CARTESIAN_POINT('',(122.490005588,34.901363204,3.199999929));
#4690=DIRECTION('',(-0.707106782,-0.70710678,0.000000004));
#4691=DIRECTION('',(-0.70710678,0.707106782,0.000000004));
#4692=AXIS2_PLACEMENT_3D('',#4689,#4690,#4691);
#4693=ELLIPSE('',#4692,0.707106781,0.5);
#4694=EDGE_CURVE('',#114,#217,#4693,.T.);
#4695=ORIENTED_EDGE('',*,*,#4694,.F.);
#4696=ORIENTED_EDGE('',*,*,#119,.F.);
#4697=EDGE_LOOP('',(#4687,#4688,#4695,#4696));
#4698=FACE_BOUND('',#4697,.T.);
#4699=ADVANCED_FACE('',(#4698),#4686,.T.);
#4700=CARTESIAN_POINT('',(122.490005589,36.001363204,3.199999929));
#4701=DIRECTION('',(-0.000000001,-1.,0.));
#4702=DIRECTION('',(1.,-0.000000001,0.));
#4703=AXIS2_PLACEMENT_3D('',#4700,#4701,#4702);
#4704=CYLINDRICAL_SURFACE('',#4703,0.5);
#4705=ORIENTED_EDGE('',*,*,#4694,.T.);
#4706=ORIENTED_EDGE('',*,*,#222,.F.);
#4707=ORIENTED_EDGE('',*,*,#1121,.F.);
#4708=ORIENTED_EDGE('',*,*,#182,.F.);
#4709=EDGE_LOOP('',(#4705,#4706,#4707,#4708));
#4710=FACE_BOUND('',#4709,.T.);
#4711=ADVANCED_FACE('',(#4710),#4704,.T.);
#4712=CARTESIAN_POINT('',(120.290005589,36.001363205,3.199999943));
#4713=DIRECTION('',(0.000000001,1.,-0.));
#4714=DIRECTION('',(-1.,0.000000001,0.));
#4715=AXIS2_PLACEMENT_3D('',#4712,#4713,#4714);
#4716=CYLINDRICAL_SURFACE('',#4715,0.5);
#4717=ORIENTED_EDGE('',*,*,#808,.F.);
#4718=ORIENTED_EDGE('',*,*,#460,.F.);
#4719=CARTESIAN_POINT('',(120.290005588,34.901363206,3.199999943));
#4720=DIRECTION('',(-0.70710678,0.707106782,0.000000004));
#4721=DIRECTION('',(0.707106782,0.70710678,-0.000000004));
#4722=AXIS2_PLACEMENT_3D('',#4719,#4720,#4721);
#4723=ELLIPSE('',#4722,0.707106781,0.5);
#4724=EDGE_CURVE('',#138,#447,#4723,.T.);
#4725=ORIENTED_EDGE('',*,*,#4724,.F.);
#4726=ORIENTED_EDGE('',*,*,#1081,.F.);
#4727=EDGE_LOOP('',(#4717,#4718,#4725,#4726));
#4728=FACE_BOUND('',#4727,.T.);
#4729=ADVANCED_FACE('',(#4728),#4716,.T.);
#4730=CARTESIAN_POINT('',(121.025005587,34.901363205,3.199999938));
#4731=DIRECTION('',(-1.,0.000000001,0.000000006));
#4732=DIRECTION('',(0.000000006,0.,1.));
#4733=AXIS2_PLACEMENT_3D('',#4730,#4731,#4732);
#4734=CYLINDRICAL_SURFACE('',#4733,0.5);
#4735=ORIENTED_EDGE('',*,*,#4724,.T.);
#4736=ORIENTED_EDGE('',*,*,#452,.F.);
#4737=CARTESIAN_POINT('',(118.725005587,34.901363207,3.199999952));
#4738=DIRECTION('',(-0.70710678,0.707106782,0.000000004));
#4739=DIRECTION('',(-0.707106782,-0.70710678,0.000000004));
#4740=AXIS2_PLACEMENT_3D('',#4737,#4738,#4739);
#4741=ELLIPSE('',#4740,0.707106781,0.5);
#4742=EDGE_CURVE('',#146,#439,#4741,.T.);
#4743=ORIENTED_EDGE('',*,*,#4742,.F.);
#4744=ORIENTED_EDGE('',*,*,#151,.F.);
#4745=EDGE_LOOP('',(#4735,#4736,#4743,#4744));
#4746=FACE_BOUND('',#4745,.T.);
#4747=ADVANCED_FACE('',(#4746),#4734,.T.);
#4748=CARTESIAN_POINT('',(118.725005553,-0.000000007,3.199999952));
#4749=DIRECTION('',(-0.000000001,-1.,0.));
#4750=DIRECTION('',(1.,-0.000000001,0.));
#4751=AXIS2_PLACEMENT_3D('',#4748,#4749,#4750);
#4752=CYLINDRICAL_SURFACE('',#4751,0.5);
#4753=ORIENTED_EDGE('',*,*,#4742,.T.);
#4754=ORIENTED_EDGE('',*,*,#444,.F.);
#4755=CARTESIAN_POINT('',(118.72500559,37.101363207,3.199999952));
#4756=DIRECTION('',(0.707106782,0.70710678,-0.000000004));
#4757=DIRECTION('',(-0.70710678,0.707106782,0.000000004));
#4758=AXIS2_PLACEMENT_3D('',#4755,#4756,#4757);
#4759=ELLIPSE('',#4758,0.707106781,0.5);
#4760=EDGE_CURVE('',#375,#431,#4759,.T.);
#4761=ORIENTED_EDGE('',*,*,#4760,.F.);
#4762=ORIENTED_EDGE('',*,*,#2962,.F.);
#4763=EDGE_LOOP('',(#4753,#4754,#4761,#4762));
#4764=FACE_BOUND('',#4763,.T.);
#4765=ADVANCED_FACE('',(#4764),#4752,.T.);
#4766=CARTESIAN_POINT('',(189.550005735,37.101363136,3.199999527));
#4767=DIRECTION('',(-1.,0.000000001,0.000000006));
#4768=DIRECTION('',(0.000000006,0.,1.));
#4769=AXIS2_PLACEMENT_3D('',#4766,#4767,#4768);
#4770=CYLINDRICAL_SURFACE('',#4769,0.5);
#4771=ORIENTED_EDGE('',*,*,#4760,.T.);
#4772=ORIENTED_EDGE('',*,*,#436,.F.);
#4773=CARTESIAN_POINT('',(120.29000559,37.101363206,3.199999943));
#4774=DIRECTION('',(0.707106782,0.70710678,-0.000000004));
#4775=DIRECTION('',(-0.70710678,0.707106782,0.000000004));
#4776=AXIS2_PLACEMENT_3D('',#4773,#4774,#4775);
#4777=ELLIPSE('',#4776,0.707106781,0.5);
#4778=EDGE_CURVE('',#383,#423,#4777,.T.);
#4779=ORIENTED_EDGE('',*,*,#4778,.F.);
#4780=ORIENTED_EDGE('',*,*,#388,.F.);
#4781=EDGE_LOOP('',(#4771,#4772,#4779,#4780));
#4782=FACE_BOUND('',#4781,.T.);
#4783=ADVANCED_FACE('',(#4782),#4770,.T.);
#4784=CARTESIAN_POINT('',(120.290005589,36.001363205,3.199999943));
#4785=DIRECTION('',(0.000000001,1.,-0.));
#4786=DIRECTION('',(-1.,0.000000001,0.));
#4787=AXIS2_PLACEMENT_3D('',#4784,#4785,#4786);
#4788=CYLINDRICAL_SURFACE('',#4787,0.5);
#4789=ORIENTED_EDGE('',*,*,#4778,.T.);
#4790=ORIENTED_EDGE('',*,*,#428,.F.);
#4791=ORIENTED_EDGE('',*,*,#1671,.F.);
#4792=ORIENTED_EDGE('',*,*,#1784,.F.);
#4793=EDGE_LOOP('',(#4789,#4790,#4791,#4792));
#4794=FACE_BOUND('',#4793,.T.);
#4795=ADVANCED_FACE('',(#4794),#4788,.T.);
#4796=CARTESIAN_POINT('',(72.125005547,0.000000037,2.200000226));
#4797=DIRECTION('',(0.000000001,1.,-0.));
#4798=DIRECTION('',(-1.,0.000000001,0.));
#4799=AXIS2_PLACEMENT_3D('',#4796,#4797,#4798);
#4800=CYLINDRICAL_SURFACE('',#4799,0.5);
#4801=ORIENTED_EDGE('',*,*,#2667,.F.);
#4802=ORIENTED_EDGE('',*,*,#2320,.F.);
#4803=CARTESIAN_POINT('',(72.125005581,34.901363252,2.200000226));
#4804=DIRECTION('',(0.707106782,0.70710678,-0.000000004));
#4805=DIRECTION('',(-0.70710678,0.707106782,0.000000004));
#4806=AXIS2_PLACEMENT_3D('',#4803,#4804,#4805);
#4807=ELLIPSE('',#4806,0.707106781,0.5);
#4808=EDGE_CURVE('',#2882,#2307,#4807,.T.);
#4809=ORIENTED_EDGE('',*,*,#4808,.F.);
#4810=ORIENTED_EDGE('',*,*,#2887,.F.);
#4811=EDGE_LOOP('',(#4801,#4802,#4809,#4810));
#4812=FACE_BOUND('',#4811,.T.);
#4813=ADVANCED_FACE('',(#4812),#4800,.T.);
#4814=CARTESIAN_POINT('',(139.550005728,34.901363184,2.199999821));
#4815=DIRECTION('',(1.,-0.000000001,-0.000000006));
#4816=DIRECTION('',(-0.000000006,0.,-1.));
#4817=AXIS2_PLACEMENT_3D('',#4814,#4815,#4816);
#4818=CYLINDRICAL_SURFACE('',#4817,0.5);
#4819=ORIENTED_EDGE('',*,*,#4808,.T.);
#4820=ORIENTED_EDGE('',*,*,#2624,.F.);
#4821=CARTESIAN_POINT('',(73.690005581,34.90136325,2.200000216));
#4822=DIRECTION('',(0.707106782,0.70710678,-0.000000004));
#4823=DIRECTION('',(-0.70710678,0.707106782,0.000000004));
#4824=AXIS2_PLACEMENT_3D('',#4821,#4822,#4823);
#4825=ELLIPSE('',#4824,0.707106781,0.5);
#4826=EDGE_CURVE('',#2890,#2597,#4825,.T.);
#4827=ORIENTED_EDGE('',*,*,#4826,.F.);
#4828=ORIENTED_EDGE('',*,*,#2895,.F.);
#4829=EDGE_LOOP('',(#4819,#4820,#4827,#4828));
#4830=FACE_BOUND('',#4829,.T.);
#4831=ADVANCED_FACE('',(#4830),#4818,.T.);
#4832=CARTESIAN_POINT('',(73.690005547,0.000000036,2.200000216));
#4833=DIRECTION('',(0.000000001,1.,-0.));
#4834=DIRECTION('',(-1.,0.000000001,0.));
#4835=AXIS2_PLACEMENT_3D('',#4832,#4833,#4834);
#4836=CYLINDRICAL_SURFACE('',#4835,0.5);
#4837=ORIENTED_EDGE('',*,*,#4826,.T.);
#4838=ORIENTED_EDGE('',*,*,#2602,.F.);
#4839=CARTESIAN_POINT('',(73.690005584,37.10136325,2.200000216));
#4840=DIRECTION('',(-0.70710678,0.707106782,0.000000004));
#4841=DIRECTION('',(-0.707106782,-0.70710678,0.000000004));
#4842=AXIS2_PLACEMENT_3D('',#4839,#4840,#4841);
#4843=ELLIPSE('',#4842,0.707106781,0.5);
#4844=EDGE_CURVE('',#2845,#1355,#4843,.T.);
#4845=ORIENTED_EDGE('',*,*,#4844,.F.);
#4846=ORIENTED_EDGE('',*,*,#2901,.F.);
#4847=EDGE_LOOP('',(#4837,#4838,#4845,#4846));
#4848=FACE_BOUND('',#4847,.T.);
#4849=ADVANCED_FACE('',(#4848),#4836,.T.);
#4850=CARTESIAN_POINT('',(139.55000573,37.101363184,2.199999821));
#4851=DIRECTION('',(-1.,0.000000001,0.000000006));
#4852=DIRECTION('',(0.000000006,0.,1.));
#4853=AXIS2_PLACEMENT_3D('',#4850,#4851,#4852);
#4854=CYLINDRICAL_SURFACE('',#4853,0.5);
#4855=ORIENTED_EDGE('',*,*,#4844,.T.);
#4856=ORIENTED_EDGE('',*,*,#1360,.F.);
#4857=CARTESIAN_POINT('',(72.125005584,37.101363252,2.200000226));
#4858=DIRECTION('',(-0.70710678,0.707106782,0.000000004));
#4859=DIRECTION('',(-0.707106782,-0.70710678,0.000000004));
#4860=AXIS2_PLACEMENT_3D('',#4857,#4858,#4859);
#4861=ELLIPSE('',#4860,0.707106781,0.5);
#4862=EDGE_CURVE('',#2847,#1347,#4861,.T.);
#4863=ORIENTED_EDGE('',*,*,#4862,.F.);
#4864=ORIENTED_EDGE('',*,*,#2852,.F.);
#4865=EDGE_LOOP('',(#4855,#4856,#4863,#4864));
#4866=FACE_BOUND('',#4865,.T.);
#4867=ADVANCED_FACE('',(#4866),#4854,.T.);
#4868=CARTESIAN_POINT('',(72.125005547,0.000000037,2.200000226));
#4869=DIRECTION('',(0.000000001,1.,-0.));
#4870=DIRECTION('',(-1.,0.000000001,0.));
#4871=AXIS2_PLACEMENT_3D('',#4868,#4869,#4870);
#4872=CYLINDRICAL_SURFACE('',#4871,0.5);
#4873=ORIENTED_EDGE('',*,*,#4862,.T.);
#4874=ORIENTED_EDGE('',*,*,#1506,.F.);
#4875=ORIENTED_EDGE('',*,*,#2488,.F.);
#4876=ORIENTED_EDGE('',*,*,#2858,.F.);
#4877=EDGE_LOOP('',(#4873,#4874,#4875,#4876));
#4878=FACE_BOUND('',#4877,.T.);
#4879=ADVANCED_FACE('',(#4878),#4872,.T.);
#4880=CARTESIAN_POINT('',(69.925005583,36.001363254,2.200000239));
#4881=DIRECTION('',(0.000000001,1.,-0.));
#4882=DIRECTION('',(-1.,0.000000001,0.));
#4883=AXIS2_PLACEMENT_3D('',#4880,#4881,#4882);
#4884=CYLINDRICAL_SURFACE('',#4883,0.5);
#4885=ORIENTED_EDGE('',*,*,#2507,.F.);
#4886=ORIENTED_EDGE('',*,*,#3507,.F.);
#4887=CARTESIAN_POINT('',(69.925005584,37.101363254,2.200000239));
#4888=DIRECTION('',(-0.707106782,-0.70710678,0.000000004));
#4889=DIRECTION('',(-0.70710678,0.707106782,0.000000004));
#4890=AXIS2_PLACEMENT_3D('',#4887,#4888,#4889);
#4891=ELLIPSE('',#4890,0.707106781,0.5);
#4892=EDGE_CURVE('',#3613,#1387,#4891,.T.);
#4893=ORIENTED_EDGE('',*,*,#4892,.F.);
#4894=ORIENTED_EDGE('',*,*,#3618,.F.);
#4895=EDGE_LOOP('',(#4885,#4886,#4893,#4894));
#4896=FACE_BOUND('',#4895,.T.);
#4897=ADVANCED_FACE('',(#4896),#4884,.T.);
#4898=CARTESIAN_POINT('',(71.025005583,37.101363253,2.200000232));
#4899=DIRECTION('',(1.,-0.000000001,-0.000000006));
#4900=DIRECTION('',(-0.000000006,0.,-1.));
#4901=AXIS2_PLACEMENT_3D('',#4898,#4899,#4900);
#4902=CYLINDRICAL_SURFACE('',#4901,0.5);
#4903=ORIENTED_EDGE('',*,*,#4892,.T.);
#4904=ORIENTED_EDGE('',*,*,#1392,.F.);
#4905=CARTESIAN_POINT('',(68.360005584,37.101363256,2.200000248));
#4906=DIRECTION('',(-0.707106782,-0.70710678,0.000000004));
#4907=DIRECTION('',(-0.70710678,0.707106782,0.000000004));
#4908=AXIS2_PLACEMENT_3D('',#4905,#4906,#4907);
#4909=ELLIPSE('',#4908,0.707106781,0.5);
#4910=EDGE_CURVE('',#3621,#1379,#4909,.T.);
#4911=ORIENTED_EDGE('',*,*,#4910,.F.);
#4912=ORIENTED_EDGE('',*,*,#3626,.F.);
#4913=EDGE_LOOP('',(#4903,#4904,#4911,#4912));
#4914=FACE_BOUND('',#4913,.T.);
#4915=ADVANCED_FACE('',(#4914),#4902,.T.);
#4916=CARTESIAN_POINT('',(68.360005583,36.001363255,2.200000248));
#4917=DIRECTION('',(0.000000001,1.,-0.));
#4918=DIRECTION('',(-1.,0.000000001,0.));
#4919=AXIS2_PLACEMENT_3D('',#4916,#4917,#4918);
#4920=CYLINDRICAL_SURFACE('',#4919,0.5);
#4921=ORIENTED_EDGE('',*,*,#4910,.T.);
#4922=ORIENTED_EDGE('',*,*,#3490,.F.);
#4923=CARTESIAN_POINT('',(68.360005581,34.901363256,2.200000248));
#4924=DIRECTION('',(0.70710678,-0.707106782,-0.000000004));
#4925=DIRECTION('',(-0.707106782,-0.70710678,0.000000004));
#4926=AXIS2_PLACEMENT_3D('',#4923,#4924,#4925);
#4927=ELLIPSE('',#4926,0.707106781,0.5);
#4928=EDGE_CURVE('',#3576,#2637,#4927,.T.);
#4929=ORIENTED_EDGE('',*,*,#4928,.F.);
#4930=ORIENTED_EDGE('',*,*,#3632,.F.);
#4931=EDGE_LOOP('',(#4921,#4922,#4929,#4930));
#4932=FACE_BOUND('',#4931,.T.);
#4933=ADVANCED_FACE('',(#4932),#4920,.T.);
#4934=CARTESIAN_POINT('',(71.025005581,34.901363253,2.200000232));
#4935=DIRECTION('',(-1.,0.000000001,0.000000006));
#4936=DIRECTION('',(0.000000006,0.,1.));
#4937=AXIS2_PLACEMENT_3D('',#4934,#4935,#4936);
#4938=CYLINDRICAL_SURFACE('',#4937,0.5);
#4939=ORIENTED_EDGE('',*,*,#4928,.T.);
#4940=ORIENTED_EDGE('',*,*,#2642,.F.);
#4941=CARTESIAN_POINT('',(69.925005581,34.901363254,2.200000239));
#4942=DIRECTION('',(0.70710678,-0.707106782,-0.000000004));
#4943=DIRECTION('',(-0.707106782,-0.70710678,0.000000004));
#4944=AXIS2_PLACEMENT_3D('',#4941,#4942,#4943);
#4945=ELLIPSE('',#4944,0.707106781,0.5);
#4946=EDGE_CURVE('',#3578,#2629,#4945,.T.);
#4947=ORIENTED_EDGE('',*,*,#4946,.F.);
#4948=ORIENTED_EDGE('',*,*,#3583,.F.);
#4949=EDGE_LOOP('',(#4939,#4940,#4947,#4948));
#4950=FACE_BOUND('',#4949,.T.);
#4951=ADVANCED_FACE('',(#4950),#4938,.T.);
#4952=CARTESIAN_POINT('',(69.925005547,0.00000004,2.200000239));
#4953=DIRECTION('',(-0.000000001,-1.,0.));
#4954=DIRECTION('',(1.,-0.000000001,0.));
#4955=AXIS2_PLACEMENT_3D('',#4952,#4953,#4954);
#4956=CYLINDRICAL_SURFACE('',#4955,0.5);
#4957=ORIENTED_EDGE('',*,*,#4946,.T.);
#4958=ORIENTED_EDGE('',*,*,#3289,.F.);
#4959=ORIENTED_EDGE('',*,*,#2771,.F.);
#4960=ORIENTED_EDGE('',*,*,#3589,.F.);
#4961=EDGE_LOOP('',(#4957,#4958,#4959,#4960));
#4962=FACE_BOUND('',#4961,.T.);
#4963=ADVANCED_FACE('',(#4962),#4956,.T.);
#4964=CARTESIAN_POINT('',(109.025002888,32.2998427,10.144985867));
#4965=CARTESIAN_POINT('',(109.025002888,32.324548378,10.294528173));
#4966=CARTESIAN_POINT('',(109.025002889,32.314663814,10.449676702));
#4967=CARTESIAN_POINT('',(109.02500289,32.227696461,10.740072581));
#4968=CARTESIAN_POINT('',(109.025002891,32.150675028,10.875115054));
#4969=CARTESIAN_POINT('',(109.025002892,31.945002597,11.097807528));
#4970=CARTESIAN_POINT('',(109.025002892,31.816496702,11.185300418));
#4971=CARTESIAN_POINT('',(109.025002893,31.544287615,11.291006132));
#4972=CARTESIAN_POINT('',(109.025002893,31.402563566,11.313766538));
#4973=CARTESIAN_POINT('',(109.025002893,31.262309055,11.306680279));
#4974=CARTESIAN_POINT('',(101.691669554,32.299842706,10.144985904));
#4975=CARTESIAN_POINT('',(101.691669555,32.324548384,10.294528209));
#4976=CARTESIAN_POINT('',(101.691669556,32.31466382,10.449676739));
#4977=CARTESIAN_POINT('',(101.691669557,32.227696467,10.740072617));
#4978=CARTESIAN_POINT('',(101.691669558,32.150675034,10.875115091));
#4979=CARTESIAN_POINT('',(101.691669559,31.945002603,11.097807565));
#4980=CARTESIAN_POINT('',(101.691669559,31.816496708,11.185300454));
#4981=CARTESIAN_POINT('',(101.691669559,31.544287621,11.291006168));
#4982=CARTESIAN_POINT('',(101.691669559,31.402563572,11.313766574));
#4983=CARTESIAN_POINT('',(101.691669559,31.262309061,11.306680316));
#4984=CARTESIAN_POINT('',(94.358336221,32.299842712,10.14498594));
#4985=CARTESIAN_POINT('',(94.358336221,32.32454839,10.294528246));
#4986=CARTESIAN_POINT('',(94.358336222,32.314663826,10.449676775));
#4987=CARTESIAN_POINT('',(94.358336224,32.227696473,10.740072654));
#4988=CARTESIAN_POINT('',(94.358336224,32.15067504,10.875115127));
#4989=CARTESIAN_POINT('',(94.358336225,31.945002609,11.097807601));
#4990=CARTESIAN_POINT('',(94.358336225,31.816496714,11.185300491));
#4991=CARTESIAN_POINT('',(94.358336226,31.544287627,11.291006205));
#4992=CARTESIAN_POINT('',(94.358336226,31.402563578,11.313766611));
#4993=CARTESIAN_POINT('',(94.358336226,31.262309067,11.306680352));
#4994=CARTESIAN_POINT('',(87.025002887,32.299842718,10.144985977));
#4995=CARTESIAN_POINT('',(87.025002888,32.324548397,10.294528283));
#4996=CARTESIAN_POINT('',(87.025002889,32.314663832,10.449676812));
#4997=CARTESIAN_POINT('',(87.02500289,32.227696479,10.740072691));
#4998=CARTESIAN_POINT('',(87.025002891,32.150675046,10.875115164));
#4999=CARTESIAN_POINT('',(87.025002892,31.945002615,11.097807638));
#5000=CARTESIAN_POINT('',(87.025002892,31.81649672,11.185300528));
#5001=CARTESIAN_POINT('',(87.025002892,31.544287633,11.291006242));
#5002=CARTESIAN_POINT('',(87.025002892,31.402563584,11.313766648));
#5003=CARTESIAN_POINT('',(87.025002892,31.262309073,11.306680389));
#5004=B_SPLINE_SURFACE_WITH_KNOTS('',3,3,((#4964,#4965,#4966,#4967,#4968,#4969,#4970,#4971,#4972,#4973),(#4974,#4975,#4976,#4977,#4978,#4979,#4980,#4981,#4982,#4983),(#4984,#4985,#4986,#4987,#4988,#4989,#4990,#4991,#4992,#4993),(#4994,#4995,#4996,#4997,#4998,#4999,#5000,#5001,#5002,#5003)),.UNSPECIFIED.,.F.,.F.,.U.,(4,4),(4,2,2,2,4),(0.250886151,0.272886151),(0.,0.25,0.5,0.75,0.981648817),.UNSPECIFIED.);
#5005=ORIENTED_EDGE('',*,*,#4170,.F.);
#5006=CARTESIAN_POINT('',(109.025002888,32.311076916,10.373365251));
#5007=CARTESIAN_POINT('',(109.025003169,32.305889613,10.452536043));
#5008=CARTESIAN_POINT('',(109.034298148,32.291583594,10.528623664));
#5009=CARTESIAN_POINT('',(109.051884275,32.269035943,10.601939403));
#5010=CARTESIAN_POINT('',(109.069470402,32.246488291,10.675255142));
#5011=CARTESIAN_POINT('',(109.095065541,32.216109953,10.743833359));
#5012=CARTESIAN_POINT('',(109.126379391,32.180248494,10.806237476));
#5013=CARTESIAN_POINT('',(109.157693242,32.144387035,10.868641592));
#5014=CARTESIAN_POINT('',(109.194917954,32.102826417,10.925203304));
#5015=CARTESIAN_POINT('',(109.235337942,32.058381257,10.974865426));
#5016=CARTESIAN_POINT('',(109.27575793,32.013936096,11.024527548));
#5017=CARTESIAN_POINT('',(109.320062368,31.965841516,11.06829077));
#5018=CARTESIAN_POINT('',(109.366923785,31.915451166,11.106304129));
#5019=CARTESIAN_POINT('',(109.460646619,31.814670464,11.182330847));
#5020=CARTESIAN_POINT('',(109.561372596,31.70809509,11.23397719));
#5021=CARTESIAN_POINT('',(109.667587443,31.597139464,11.266832112));
#5022=CARTESIAN_POINT('',(109.77380229,31.486183839,11.299687034));
#5023=CARTESIAN_POINT('',(109.882364914,31.374158558,11.312389811));
#5024=CARTESIAN_POINT('',(109.992245092,31.262308646,11.306688373));
#5025=B_SPLINE_CURVE_WITH_KNOTS('',3,(#5006,#5007,#5008,#5009,#5010,#5011,#5012,#5013,#5014,#5015,#5016,#5017,#5018,#5019,#5020,#5021,#5022,#5023,#5024),.UNSPECIFIED.,.F.,.F.,(4,3,3,3,3,3,4),(0.,0.000233897,0.000467793,0.00070169,0.000935586,0.00140338,0.001871173),.UNSPECIFIED.);
#5026=EDGE_CURVE('',#2126,#4155,#5025,.T.);
#5027=ORIENTED_EDGE('',*,*,#5026,.F.);
#5028=ORIENTED_EDGE('',*,*,#2132,.F.);
#5029=ORIENTED_EDGE('',*,*,#2101,.F.);
#5030=ORIENTED_EDGE('',*,*,#2061,.F.);
#5031=CARTESIAN_POINT('',(86.057760693,31.262308665,11.306688493));
#5032=CARTESIAN_POINT('',(86.167640872,31.374158577,11.31238993));
#5033=CARTESIAN_POINT('',(86.276203495,31.486183858,11.299687151));
#5034=CARTESIAN_POINT('',(86.382418342,31.597139483,11.266832228));
#5035=CARTESIAN_POINT('',(86.488633189,31.708095108,11.233977305));
#5036=CARTESIAN_POINT('',(86.589359165,31.814670482,11.182330962));
#5037=CARTESIAN_POINT('',(86.683081998,31.915451183,11.106304243));
#5038=CARTESIAN_POINT('',(86.729943414,31.965841534,11.068290884));
#5039=CARTESIAN_POINT('',(86.774247852,32.013936114,11.024527661));
#5040=CARTESIAN_POINT('',(86.814667839,32.058381274,10.974865539));
#5041=CARTESIAN_POINT('',(86.855087827,32.102826435,10.925203417));
#5042=CARTESIAN_POINT('',(86.892312539,32.144387052,10.868641705));
#5043=CARTESIAN_POINT('',(86.923626389,32.180248511,10.806237588));
#5044=CARTESIAN_POINT('',(86.954940239,32.21610997,10.743833472));
#5045=CARTESIAN_POINT('',(86.980535377,32.246488308,10.675255255));
#5046=CARTESIAN_POINT('',(86.998121504,32.26903596,10.601939516));
#5047=CARTESIAN_POINT('',(87.01570763,32.291583611,10.528623777));
#5048=CARTESIAN_POINT('',(87.025002608,32.30588963,10.452536155));
#5049=CARTESIAN_POINT('',(87.025002888,32.311076934,10.373365364));
#5050=B_SPLINE_CURVE_WITH_KNOTS('',3,(#5031,#5032,#5033,#5034,#5035,#5036,#5037,#5038,#5039,#5040,#5041,#5042,#5043,#5044,#5045,#5046,#5047,#5048,#5049),.UNSPECIFIED.,.F.,.F.,(4,3,3,3,3,3,4),(0.,0.000467793,0.000935586,0.001169483,0.00140338,0.001637276,0.001871173),.UNSPECIFIED.);
#5051=EDGE_CURVE('',#4164,#2046,#5050,.T.);
#5052=ORIENTED_EDGE('',*,*,#5051,.F.);
#5053=EDGE_LOOP('',(#5005,#5027,#5028,#5029,#5030,#5052));
#5054=FACE_BOUND('',#5053,.T.);
#5055=ADVANCED_FACE('',(#5054),#5004,.T.);
#5056=CARTESIAN_POINT('',(86.025002809,33.543043559,-16.078430865));
#5057=DIRECTION('',(-1.,0.,0.000000003));
#5058=DIRECTION('',(0.000000003,0.,1.));
#5059=AXIS2_PLACEMENT_3D('',#5056,#5057,#5058);
#5060=TOROIDAL_SURFACE('',#5059,26.480465973,1.);
#5061=CARTESIAN_POINT('',(86.025002888,33.543043559,10.402035108));
#5062=DIRECTION('',(-0.,1.,-0.));
#5063=DIRECTION('',(0.000000003,0.,1.));
#5064=AXIS2_PLACEMENT_3D('',#5061,#5062,#5063);
#5065=CIRCLE('',#5064,1.);
#5066=EDGE_CURVE('',#35,#2037,#5065,.T.);
#5067=ORIENTED_EDGE('',*,*,#5066,.T.);
#5068=ORIENTED_EDGE('',*,*,#2043,.F.);
#5069=CARTESIAN_POINT('',(86.043406484,44.522344435,9.113267255));
#5070=CARTESIAN_POINT('',(86.154631887,44.417656051,9.156660317));
#5071=CARTESIAN_POINT('',(86.264252399,44.306997352,9.182249571));
#5072=CARTESIAN_POINT('',(86.372000524,44.19024264,9.188189012));
#5073=CARTESIAN_POINT('',(86.479748649,44.073487927,9.194128452));
#5074=CARTESIAN_POINT('',(86.581892023,43.954795539,9.180478398));
#5075=CARTESIAN_POINT('',(86.676954045,43.833723418,9.141603888));
#5076=CARTESIAN_POINT('',(86.772016066,43.712651297,9.102729377));
#5077=CARTESIAN_POINT('',(86.857734252,43.591766652,9.038707512));
#5078=CARTESIAN_POINT('',(86.92157385,43.482209295,8.943172307));
#5079=CARTESIAN_POINT('',(86.953493649,43.427430616,8.895404705));
#5080=CARTESIAN_POINT('',(86.979581902,43.375948211,8.839938787));
#5081=CARTESIAN_POINT('',(86.997544554,43.330379126,8.777209096));
#5082=CARTESIAN_POINT('',(87.015507206,43.284810041,8.714479405));
#5083=CARTESIAN_POINT('',(87.025002599,43.246301354,8.646362182));
#5084=CARTESIAN_POINT('',(87.025002883,43.215600455,8.572267068));
#5085=B_SPLINE_CURVE_WITH_KNOTS('',3,(#5069,#5070,#5071,#5072,#5073,#5074,#5075,#5076,#5077,#5078,#5079,#5080,#5081,#5082,#5083,#5084),.UNSPECIFIED.,.F.,.F.,(4,3,3,3,3,4),(0.,0.000472882,0.000945765,0.001418647,0.001655088,0.001891529),.UNSPECIFIED.);
#5086=EDGE_CURVE('',#4023,#2028,#5085,.T.);
#5087=ORIENTED_EDGE('',*,*,#5086,.F.);
#5088=ORIENTED_EDGE('',*,*,#4029,.F.);
#5089=ORIENTED_EDGE('',*,*,#68,.F.);
#5090=EDGE_LOOP('',(#5067,#5068,#5087,#5088,#5089));
#5091=FACE_BOUND('',#5090,.T.);
#5092=ADVANCED_FACE('',(#5091),#5060,.T.);
#5093=CARTESIAN_POINT('',(110.025002809,33.543043535,-16.078430985));
#5094=DIRECTION('',(-1.,0.,0.000000003));
#5095=DIRECTION('',(0.000000003,0.,1.));
#5096=AXIS2_PLACEMENT_3D('',#5093,#5094,#5095);
#5097=TOROIDAL_SURFACE('',#5096,26.480465973,1.);
#5098=CARTESIAN_POINT('',(110.025002888,33.543043535,10.402034988));
#5099=DIRECTION('',(-0.,1.,-0.));
#5100=DIRECTION('',(0.000000003,0.,1.));
#5101=AXIS2_PLACEMENT_3D('',#5098,#5099,#5100);
#5102=CIRCLE('',#5101,1.);
#5103=EDGE_CURVE('',#2135,#3113,#5102,.T.);
#5104=ORIENTED_EDGE('',*,*,#5103,.T.);
#5105=ORIENTED_EDGE('',*,*,#3128,.F.);
#5106=ORIENTED_EDGE('',*,*,#4045,.T.);
#5107=CARTESIAN_POINT('',(109.025002883,43.215600436,8.572266954));
#5108=CARTESIAN_POINT('',(109.025003167,43.246301334,8.646362068));
#5109=CARTESIAN_POINT('',(109.034498561,43.284810021,8.714479291));
#5110=CARTESIAN_POINT('',(109.052461213,43.330379106,8.777208982));
#5111=CARTESIAN_POINT('',(109.070423866,43.375948191,8.839938673));
#5112=CARTESIAN_POINT('',(109.09651212,43.427430596,8.895404591));
#5113=CARTESIAN_POINT('',(109.128431919,43.482209275,8.943172193));
#5114=CARTESIAN_POINT('',(109.192271518,43.591766632,9.038707398));
#5115=CARTESIAN_POINT('',(109.277989705,43.712651277,9.102729263));
#5116=CARTESIAN_POINT('',(109.373051727,43.833723398,9.141603772));
#5117=CARTESIAN_POINT('',(109.46811375,43.95479552,9.180478282));
#5118=CARTESIAN_POINT('',(109.570257124,44.073487908,9.194128335));
#5119=CARTESIAN_POINT('',(109.67800525,44.19024262,9.188188893));
#5120=CARTESIAN_POINT('',(109.785753375,44.306997333,9.182249452));
#5121=CARTESIAN_POINT('',(109.895373887,44.417656032,9.156660196));
#5122=CARTESIAN_POINT('',(110.00659929,44.522344416,9.113267133));
#5123=B_SPLINE_CURVE_WITH_KNOTS('',3,(#5107,#5108,#5109,#5110,#5111,#5112,#5113,#5114,#5115,#5116,#5117,#5118,#5119,#5120,#5121,#5122),.UNSPECIFIED.,.F.,.F.,(4,3,3,3,3,4),(0.,0.000236441,0.000472882,0.000945765,0.001418647,0.001891529),.UNSPECIFIED.);
#5124=EDGE_CURVE('',#2144,#4032,#5123,.T.);
#5125=ORIENTED_EDGE('',*,*,#5124,.F.);
#5126=ORIENTED_EDGE('',*,*,#2150,.F.);
#5127=EDGE_LOOP('',(#5104,#5105,#5106,#5125,#5126));
#5128=FACE_BOUND('',#5127,.T.);
#5129=ADVANCED_FACE('',(#5128),#5097,.T.);
#5130=CARTESIAN_POINT('',(109.025002887,44.52234337,9.113264612));
#5131=CARTESIAN_POINT('',(109.025002887,44.388095712,9.168865952));
#5132=CARTESIAN_POINT('',(109.025002887,44.24163043,9.194802411));
#5133=CARTESIAN_POINT('',(109.025002887,43.945028488,9.182040958));
#5134=CARTESIAN_POINT('',(109.025002887,43.795218479,9.140524396));
#5135=CARTESIAN_POINT('',(109.025002886,43.528865013,8.995813351));
#5136=CARTESIAN_POINT('',(109.025002885,43.412509438,8.892720945));
#5137=CARTESIAN_POINT('',(109.025002884,43.236772781,8.645734948));
#5138=CARTESIAN_POINT('',(109.025002883,43.17751566,8.502015578));
#5139=CARTESIAN_POINT('',(109.025002882,43.152811008,8.352479481));
#5140=CARTESIAN_POINT('',(101.691669554,44.522343376,9.11326465));
#5141=CARTESIAN_POINT('',(101.691669554,44.388095718,9.168865989));
#5142=CARTESIAN_POINT('',(101.691669554,44.241630436,9.194802448));
#5143=CARTESIAN_POINT('',(101.691669554,43.945028495,9.182040996));
#5144=CARTESIAN_POINT('',(101.691669553,43.795218485,9.140524433));
#5145=CARTESIAN_POINT('',(101.691669552,43.528865019,8.995813388));
#5146=CARTESIAN_POINT('',(101.691669552,43.412509445,8.892720983));
#5147=CARTESIAN_POINT('',(101.69166955,43.236772787,8.645734985));
#5148=CARTESIAN_POINT('',(101.69166955,43.177515666,8.502015615));
#5149=CARTESIAN_POINT('',(101.691669549,43.152811014,8.352479519));
#5150=CARTESIAN_POINT('',(94.358336221,44.522343382,9.113264687));
#5151=CARTESIAN_POINT('',(94.358336221,44.388095724,9.168866026));
#5152=CARTESIAN_POINT('',(94.358336221,44.241630442,9.194802485));
#5153=CARTESIAN_POINT('',(94.35833622,43.945028501,9.182041033));
#5154=CARTESIAN_POINT('',(94.35833622,43.795218492,9.140524471));
#5155=CARTESIAN_POINT('',(94.358336219,43.528865025,8.995813425));
#5156=CARTESIAN_POINT('',(94.358336219,43.412509451,8.89272102));
#5157=CARTESIAN_POINT('',(94.358336217,43.236772793,8.645735022));
#5158=CARTESIAN_POINT('',(94.358336216,43.177515673,8.502015652));
#5159=CARTESIAN_POINT('',(94.358336216,43.15281102,8.352479556));
#5160=CARTESIAN_POINT('',(87.025002887,44.522343389,9.113264724));
#5161=CARTESIAN_POINT('',(87.025002887,44.38809573,9.168866063));
#5162=CARTESIAN_POINT('',(87.025002887,44.241630448,9.194802523));
#5163=CARTESIAN_POINT('',(87.025002887,43.945028507,9.18204107));
#5164=CARTESIAN_POINT('',(87.025002887,43.795218498,9.140524508));
#5165=CARTESIAN_POINT('',(87.025002886,43.528865031,8.995813462));
#5166=CARTESIAN_POINT('',(87.025002885,43.412509457,8.892721057));
#5167=CARTESIAN_POINT('',(87.025002884,43.236772799,8.64573506));
#5168=CARTESIAN_POINT('',(87.025002883,43.177515679,8.502015689));
#5169=CARTESIAN_POINT('',(87.025002882,43.152811026,8.352479593));
#5170=B_SPLINE_SURFACE_WITH_KNOTS('',3,3,((#5130,#5131,#5132,#5133,#5134,#5135,#5136,#5137,#5138,#5139),(#5140,#5141,#5142,#5143,#5144,#5145,#5146,#5147,#5148,#5149),(#5150,#5151,#5152,#5153,#5154,#5155,#5156,#5157,#5158,#5159),(#5160,#5161,#5162,#5163,#5164,#5165,#5166,#5167,#5168,#5169)),.UNSPECIFIED.,.F.,.F.,.U.,(4,4),(4,2,2,2,4),(0.250896527,0.272896527),(0.010308893,0.25,0.5,0.75,1.),.UNSPECIFIED.);
#5171=ORIENTED_EDGE('',*,*,#4038,.F.);
#5172=ORIENTED_EDGE('',*,*,#5086,.T.);
#5173=ORIENTED_EDGE('',*,*,#2034,.F.);
#5174=ORIENTED_EDGE('',*,*,#2190,.F.);
#5175=ORIENTED_EDGE('',*,*,#2159,.F.);
#5176=ORIENTED_EDGE('',*,*,#5124,.T.);
#5177=EDGE_LOOP('',(#5171,#5172,#5173,#5174,#5175,#5176));
#5178=FACE_BOUND('',#5177,.T.);
#5179=ADVANCED_FACE('',(#5178),#5170,.T.);
#5180=CARTESIAN_POINT('',(121.025005601,41.451363205,4.885621524));
#5181=DIRECTION('',(-1.,0.000000001,0.000000003));
#5182=DIRECTION('',(0.000000003,0.,1.));
#5183=AXIS2_PLACEMENT_3D('',#5180,#5181,#5182);
#5184=CYLINDRICAL_SURFACE('',#5183,3.);
#5185=ORIENTED_EDGE('',*,*,#2996,.T.);
#5186=ORIENTED_EDGE('',*,*,#2382,.T.);
#5187=ORIENTED_EDGE('',*,*,#333,.T.);
#5188=ORIENTED_EDGE('',*,*,#1192,.F.);
#5189=ORIENTED_EDGE('',*,*,#1802,.T.);
#5190=EDGE_LOOP('',(#5185,#5186,#5187,#5188,#5189));
#5191=FACE_BOUND('',#5190,.T.);
#5192=ADVANCED_FACE('',(#5191),#5184,.F.);
#5193=CARTESIAN_POINT('',(124.596581629,31.472718489,9.317787174));
#5194=DIRECTION('',(0.,0.,1.));
#5195=DIRECTION('',(1.,0.,-0.));
#5196=AXIS2_PLACEMENT_3D('',#5193,#5194,#5195);
#5197=SPHERICAL_SURFACE('',#5196,2.);
#5198=ORIENTED_EDGE('',*,*,#4089,.F.);
#5199=ORIENTED_EDGE('',*,*,#3968,.F.);
#5200=ORIENTED_EDGE('',*,*,#4193,.T.);
#5201=ORIENTED_EDGE('',*,*,#3867,.F.);
#5202=EDGE_LOOP('',(#5198,#5199,#5200,#5201));
#5203=FACE_BOUND('',#5202,.T.);
#5204=ADVANCED_FACE('',(#5203),#5197,.T.);
#5205=CARTESIAN_POINT('',(86.025002809,33.543043559,-16.078430865));
#5206=DIRECTION('',(-1.,0.,0.000000003));
#5207=DIRECTION('',(0.000000003,0.,1.));
#5208=AXIS2_PLACEMENT_3D('',#5205,#5206,#5207);
#5209=TOROIDAL_SURFACE('',#5208,26.480465973,1.);
#5210=ORIENTED_EDGE('',*,*,#5066,.F.);
#5211=ORIENTED_EDGE('',*,*,#50,.F.);
#5212=ORIENTED_EDGE('',*,*,#4177,.T.);
#5213=ORIENTED_EDGE('',*,*,#5051,.T.);
#5214=ORIENTED_EDGE('',*,*,#2052,.F.);
#5215=EDGE_LOOP('',(#5210,#5211,#5212,#5213,#5214));
#5216=FACE_BOUND('',#5215,.T.);
#5217=ADVANCED_FACE('',(#5216),#5209,.T.);
#5218=CARTESIAN_POINT('',(110.025002809,33.543043535,-16.078430985));
#5219=DIRECTION('',(-1.,0.,0.000000003));
#5220=DIRECTION('',(0.000000003,0.,1.));
#5221=AXIS2_PLACEMENT_3D('',#5218,#5219,#5220);
#5222=TOROIDAL_SURFACE('',#5221,26.480465973,1.);
#5223=ORIENTED_EDGE('',*,*,#5103,.F.);
#5224=ORIENTED_EDGE('',*,*,#2141,.F.);
#5225=ORIENTED_EDGE('',*,*,#5026,.T.);
#5226=ORIENTED_EDGE('',*,*,#4161,.F.);
#5227=ORIENTED_EDGE('',*,*,#3146,.F.);
#5228=EDGE_LOOP('',(#5223,#5224,#5225,#5226,#5227));
#5229=FACE_BOUND('',#5228,.T.);
#5230=ADVANCED_FACE('',(#5229),#5222,.T.);
#5231=CLOSED_SHELL('',(#97,#169,#200,#272,#312,#343,#406,#478,#518,#582,#615,#672,#713,#737,#1006,#1046,#1070,#1109,#1155,#1173,#1198,#1238,#1260,#1300,#1340,#1403,
#1434,#1488,#1512,#1575,#1761,#1773,#1807,#1824,#1841,#1896,#1927,#2019,#2087,#2119,#2178,#2201,#2242,#2283,#2300,#2331,#2363,#2395,#2427,#2467,#2589,
#2613,#2653,#2782,#2804,#2826,#2838,#2905,#2922,#2939,#2951,#2968,#2986,#3003,#3049,#3067,#3084,#3095,#3175,#3199,#3216,#3229,#3246,#3278,#3295,#3324,
#3378,#3402,#3442,#3461,#3479,#3496,#3513,#3535,#3557,#3569,#3636,#3653,#3670,#3682,#3715,#3732,#3754,#3803,#3821,#3844,#3871,#3980,#4060,#4078,#4095,
#4112,#4198,#4312,#4329,#4341,#4353,#4365,#4382,#4394,#4411,#4459,#4477,#4495,#4513,#4531,#4543,#4561,#4579,#4597,#4615,#4627,#4645,#4663,#4681,#4699,
#4711,#4729,#4747,#4765,#4783,#4795,#4813,#4831,#4849,#4867,#4879,#4897,#4915,#4933,#4951,#4963,#5055,#5092,#5129,#5179,#5192,#5204,#5217,#5230));
#5232=MANIFOLD_SOLID_BREP('\X2\7A7A683C7A7A5FC3\X0\ (3)',#5231);
#5233=COLOUR_RGB('',0.494117647,0.494117647,0.525490224);
#5234=FILL_AREA_STYLE_COLOUR('',#5233);
#5235=FILL_AREA_STYLE('',(#5234));
#5236=SURFACE_STYLE_FILL_AREA(#5235);
#5237=SURFACE_SIDE_STYLE('',(#5236));
#5238=SURFACE_STYLE_USAGE(.BOTH.,#5237);
#5239=PRESENTATION_STYLE_ASSIGNMENT((#5238));
#26=STYLED_ITEM('',(#5239),#5232);
#5240=(NAMED_UNIT(*)PLANE_ANGLE_UNIT()SI_UNIT($,.RADIAN.));
#5241=PLANE_ANGLE_MEASURE_WITH_UNIT(PLANE_ANGLE_MEASURE(0.0174532925),#5240);
#5242=(CONVERSION_BASED_UNIT('DEGREE',#5241)NAMED_UNIT(#5243)PLANE_ANGLE_UNIT());
#5243=DIMENSIONAL_EXPONENTS(0.,0.,0.,0.,0.,0.,0.);
#5244=(NAMED_UNIT(*)SI_UNIT($,.STERADIAN.)SOLID_ANGLE_UNIT());
#5245=(LENGTH_UNIT()NAMED_UNIT(*)SI_UNIT(.MILLI.,.METRE.));
#5246=UNCERTAINTY_MEASURE_WITH_UNIT(LENGTH_MEASURE(1.000000E-03),#5245,'DISTANCE_ACCURACY_VALUE','Maximum Tolerance applied to model');
#5247=(GEOMETRIC_REPRESENTATION_CONTEXT(3)GLOBAL_UNCERTAINTY_ASSIGNED_CONTEXT((#5246))GLOBAL_UNIT_ASSIGNED_CONTEXT((#5245,#5242,#5244))REPRESENTATION_CONTEXT('','bak'));
#5259=CARTESIAN_POINT('',(0.,0.,0.));
#5260=DIRECTION('',(0.,0.,1.));
#5261=DIRECTION('',(1.,0.,-0.));
#5262=AXIS2_PLACEMENT_3D('',#5259,#5260,#5261);
#5263=ITEM_DEFINED_TRANSFORMATION('','',#5262,#15);
#5264=(REPRESENTATION_RELATIONSHIP('','',#5249,#16)REPRESENTATION_RELATIONSHIP_WITH_TRANSFORMATION(#5263)SHAPE_REPRESENTATION_RELATIONSHIP());
#5265=NEXT_ASSEMBLY_USAGE_OCCURRENCE('bak_1','bak','bak',#25,#5258,$);
#5266=PRODUCT_DEFINITION_SHAPE('','',#5265);
#5267=CONTEXT_DEPENDENT_SHAPE_REPRESENTATION(#5264,#5266);
#5249=SHAPE_REPRESENTATION('bak',(#15),#5247);
#5268=CARTESIAN_POINT('',(0.,0.,0.));
#5269=DIRECTION('',(0.,0.,1.));
#5270=DIRECTION('',(1.,0.,0.));
#5271=AXIS2_PLACEMENT_3D('',#5268,#5269,#5270);
#5273=MAPPED_ITEM('',#5272,#5271);
#5272=REPRESENTATION_MAP(#5271,#5249);
#5274=APPLICATION_CONTEXT('Managed model based 3d engineering');
#5275=APPLICATION_PROTOCOL_DEFINITION('international standard','ap242_managed_model_based_3d_engineering',2014,#5274);
#5276=PRODUCT_CONTEXT('',#5274,'mechanical');
#5277=PRODUCT_DEFINITION_CONTEXT('part definition',#5274,'design');
#5257=PRODUCT('bak','bak','',(#5276));
#5278=PRODUCT_RELATED_PRODUCT_CATEGORY('part','',(#5257));
#5279=PRODUCT_DEFINITION_FORMATION_WITH_SPECIFIED_SOURCE('','',#5257,.NOT_KNOWN.);
#5258=PRODUCT_DEFINITION('design','',#5279,#5277);
#5256=PRODUCT_DEFINITION_SHAPE('','',#5258);
#5280=SHAPE_DEFINITION_REPRESENTATION(#5256,#5249);
#5248=DRAUGHTING_MODEL('',(#5273),#5247);
#16=SHAPE_REPRESENTATION('root',(#15,#5262),#10);
#17=ADVANCED_BREP_SHAPE_REPRESENTATION('root',(#5232),#10);
#5288=SHAPE_REPRESENTATION_RELATIONSHIP('','',#16,#17);
#5289=CARTESIAN_POINT('',(0.,0.,0.));
#5290=DIRECTION('',(0.,0.,1.));
#5291=DIRECTION('',(1.,0.,0.));
#5292=AXIS2_PLACEMENT_3D('',#5289,#5290,#5291);
#5294=MAPPED_ITEM('',#5293,#5292);
#5293=REPRESENTATION_MAP(#5292,#16);
#24=PRODUCT('root','root','',(#5276));
#5295=PRODUCT_RELATED_PRODUCT_CATEGORY('part','',(#24));
#5296=PRODUCT_DEFINITION_FORMATION_WITH_SPECIFIED_SOURCE('','',#24,.NOT_KNOWN.);
#25=PRODUCT_DEFINITION('design','',#5296,#5277);
#23=PRODUCT_DEFINITION_SHAPE('','',#25);
#5297=SHAPE_DEFINITION_REPRESENTATION(#23,#16);
#11=DRAUGHTING_MODEL('',(#5294),#10);
#5298=DESCRIPTIVE_REPRESENTATION_ITEM('KEY','/private/var/mobile/Containers/Data/Application/BEC597B6-8BB6-4643-9E10-9AF2D57D6B99/tmp/1F054AE2-B621-4EA3-A771-9D9C4B7DB974.tmp');
#5299=PROPERTY_DEFINITION('KEY','',#25);
#5300=REPRESENTATION('',(#5298),#10);
#5301=PROPERTY_DEFINITION_REPRESENTATION(#5299,#5300);
#5302=GENERAL_PROPERTY('','KEY','');
#5303=GENERAL_PROPERTY_ASSOCIATION('','',#5302,#5299);
#1=MECHANICAL_DESIGN_GEOMETRIC_PRESENTATION_REPRESENTATION('',(#26),#10);
ENDSEC;
END-ISO-10303-21;
