#ifdef __has_include
    #if __has_include("lvgl.h")
        #ifndef LV_LVGL_H_INCLUDE_SIMPLE
            #define LV_LVGL_H_INCLUDE_SIMPLE
        #endif
    #endif
#endif

#if defined(LV_LVGL_H_INCLUDE_SIMPLE)
    #include "lvgl.h"
#else
    #include "lvgl/lvgl.h"
#endif


#ifndef LV_ATTRIBUTE_MEM_ALIGN
#define LV_ATTRIBUTE_MEM_ALIGN
#endif

#ifndef LV_ATTRIBUTE_IMG_SBMY
#define LV_ATTRIBUTE_IMG_SBMY
#endif

const LV_ATTRIBUTE_MEM_ALIGN LV_ATTRIBUTE_LARGE_CONST LV_ATTRIBUTE_IMG_SBMY uint8_t sbmy_map[] = {
    0x47, 0x49, 0x46, 0x38, 0x39, 0x61, 0x50, 0x00, 0x50, 0x00, 0xf7, 0x00, 0x00, 
    0x00, 0x00, 0x00, 0x00, 0x00, 0x00, 0x00, 0x00, 0x00, 0x00, 0x00, 0x00, 0x00, 
    0x00, 0x00, 0x00, 0x00, 0x00, 0x00, 0x00, 0x00, 0x00, 0x00, 0x00, 0x00, 0x00, 
    0x00, 0x00, 0x00, 0x00, 0x00, 0x00, 0x00, 0x00, 0x00, 0x00, 0x00, 0x00, 0x00, 
    0x00, 0x00, 0x00, 0x00, 0x00, 0x00, 0x00, 0x00, 0x00, 0x00, 0x00, 0x00, 0x00, 
    0x00, 0x00, 0x00, 0x00, 0x00, 0x01, 0x01, 0x01, 0x02, 0x02, 0x02, 0x03, 0x03, 
    0x03, 0x04, 0x04, 0x04, 0x05, 0x05, 0x05, 0x05, 0x05, 0x05, 0x05, 0x05, 0x05, 
    0x06, 0x06, 0x06, 0x07, 0x07, 0x07, 0x07, 0x07, 0x07, 0x08, 0x08, 0x08, 0x09, 
    0x09, 0x09, 0x0a, 0x0a, 0x0a, 0x0b, 0x0b, 0x0b, 0x0c, 0x0c, 0x0c, 0x0d, 0x0d, 
    0x0d, 0x0d, 0x0d, 0x0d, 0x0d, 0x0d, 0x0d, 0x0e, 0x0e, 0x0e, 0x0f, 0x0f, 0x0f, 
    0x0f, 0x0f, 0x0f, 0x10, 0x10, 0x10, 0x12, 0x12, 0x12, 0x13, 0x13, 0x13, 0x16, 
    0x16, 0x16, 0x19, 0x19, 0x19, 0x1c, 0x1c, 0x1c, 0x20, 0x20, 0x20, 0x23, 0x23, 
    0x23, 0x26, 0x26, 0x26, 0x29, 0x29, 0x29, 0x2c, 0x2c, 0x2c, 0x2f, 0x2f, 0x2f, 
    0x30, 0x30, 0x30, 0x32, 0x32, 0x32, 0x34, 0x34, 0x34, 0x36, 0x36, 0x36, 0x38, 
    0x38, 0x38, 0x39, 0x39, 0x39, 0x3a, 0x3a, 0x3a, 0x3c, 0x3c, 0x3c, 0x3e, 0x3e, 
    0x3e, 0x3f, 0x3f, 0x3f, 0x40, 0x40, 0x40, 0x41, 0x41, 0x41, 0x41, 0x41, 0x41, 
    0x42, 0x42, 0x42, 0x43, 0x43, 0x43, 0x44, 0x44, 0x44, 0x44, 0x44, 0x44, 0x45, 
    0x45, 0x45, 0x46, 0x46, 0x46, 0x46, 0x46, 0x46, 0x47, 0x47, 0x47, 0x47, 0x47, 
    0x47, 0x48, 0x48, 0x48, 0x49, 0x49, 0x49, 0x49, 0x49, 0x49, 0x4a, 0x4a, 0x4a, 
    0x4b, 0x4b, 0x4b, 0x4c, 0x4c, 0x4c, 0x4e, 0x4e, 0x4e, 0x4f, 0x4f, 0x4f, 0x51, 
    0x51, 0x51, 0x53, 0x53, 0x53, 0x54, 0x54, 0x54, 0x55, 0x55, 0x55, 0x56, 0x56, 
    0x56, 0x57, 0x57, 0x57, 0x58, 0x58, 0x58, 0x59, 0x59, 0x59, 0x5a, 0x5a, 0x5a, 
    0x5b, 0x5b, 0x5b, 0x5c, 0x5c, 0x5c, 0x5d, 0x5d, 0x5d, 0x5e, 0x5e, 0x5e, 0x5f, 
    0x5f, 0x5f, 0x60, 0x60, 0x60, 0x61, 0x61, 0x61, 0x62, 0x62, 0x62, 0x63, 0x63, 
    0x63, 0x64, 0x64, 0x64, 0x65, 0x65, 0x65, 0x66, 0x66, 0x66, 0x67, 0x67, 0x67, 
    0x68, 0x68, 0x68, 0x69, 0x69, 0x69, 0x6a, 0x6a, 0x6a, 0x6b, 0x6b, 0x6b, 0x6c, 
    0x6c, 0x6c, 0x6d, 0x6d, 0x6d, 0x6e, 0x6e, 0x6e, 0x6f, 0x6f, 0x6f, 0x70, 0x70, 
    0x70, 0x71, 0x71, 0x71, 0x72, 0x72, 0x72, 0x73, 0x73, 0x73, 0x74, 0x74, 0x74, 
    0x75, 0x75, 0x75, 0x76, 0x76, 0x76, 0x77, 0x77, 0x77, 0x78, 0x78, 0x78, 0x79, 
    0x79, 0x79, 0x7a, 0x7a, 0x7a, 0x7b, 0x7b, 0x7b, 0x7c, 0x7c, 0x7c, 0x7d, 0x7d, 
    0x7d, 0x7e, 0x7e, 0x7e, 0x7f, 0x7f, 0x7f, 0x80, 0x80, 0x80, 0x81, 0x81, 0x81, 
    0x82, 0x82, 0x82, 0x83, 0x83, 0x83, 0x84, 0x84, 0x84, 0x85, 0x85, 0x85, 0x86, 
    0x86, 0x86, 0x87, 0x87, 0x87, 0x88, 0x88, 0x88, 0x89, 0x89, 0x89, 0x8a, 0x8a, 
    0x8a, 0x8b, 0x8b, 0x8b, 0x8c, 0x8c, 0x8c, 0x8d, 0x8d, 0x8d, 0x8e, 0x8e, 0x8e, 
    0x8f, 0x8f, 0x8f, 0x90, 0x90, 0x90, 0x91, 0x91, 0x91, 0x92, 0x92, 0x92, 0x92, 
    0x92, 0x92, 0x93, 0x93, 0x93, 0x95, 0x95, 0x95, 0x96, 0x96, 0x96, 0x97, 0x97, 
    0x97, 0x98, 0x98, 0x98, 0x99, 0x99, 0x99, 0x9a, 0x9a, 0x9a, 0x9b, 0x9b, 0x9b, 
    0x9c, 0x9c, 0x9c, 0x9d, 0x9d, 0x9d, 0x9e, 0x9e, 0x9e, 0x9f, 0x9f, 0x9f, 0xa0, 
    0xa0, 0xa0, 0xa1, 0xa1, 0xa1, 0xa2, 0xa2, 0xa2, 0xa2, 0xa2, 0xa2, 0xa3, 0xa3, 
    0xa3, 0xa4, 0xa4, 0xa4, 0xa5, 0xa5, 0xa5, 0xa7, 0xa7, 0xa7, 0xa8, 0xa8, 0xa8, 
    0xa9, 0xa9, 0xa9, 0xaa, 0xaa, 0xaa, 0xab, 0xab, 0xab, 0xac, 0xac, 0xac, 0xad, 
    0xad, 0xad, 0xae, 0xae, 0xae, 0xaf, 0xaf, 0xaf, 0xb0, 0xb0, 0xb0, 0xb1, 0xb1, 
    0xb1, 0xb2, 0xb2, 0xb2, 0xb3, 0xb3, 0xb3, 0xb4, 0xb4, 0xb4, 0xb5, 0xb5, 0xb5, 
    0xb6, 0xb6, 0xb6, 0xb7, 0xb7, 0xb7, 0xb8, 0xb8, 0xb8, 0xb9, 0xb9, 0xb9, 0xba, 
    0xba, 0xba, 0xbb, 0xbb, 0xbb, 0xbc, 0xbc, 0xbc, 0xbe, 0xbe, 0xbe, 0xc1, 0xc1, 
    0xc1, 0xc3, 0xc3, 0xc3, 0xc5, 0xc5, 0xc5, 0xc7, 0xc7, 0xc7, 0xc9, 0xc9, 0xc9, 
    0xcb, 0xcb, 0xcb, 0xcc, 0xcc, 0xcc, 0xcd, 0xcd, 0xcd, 0xcf, 0xcf, 0xcf, 0xd0, 
    0xd0, 0xd0, 0xd0, 0xd0, 0xd0, 0xd1, 0xd1, 0xd1, 0xd2, 0xd2, 0xd2, 0xd3, 0xd3, 
    0xd3, 0xd3, 0xd3, 0xd3, 0xd5, 0xd5, 0xd5, 0xd6, 0xd6, 0xd6, 0xd7, 0xd7, 0xd7, 
    0xd9, 0xd9, 0xd9, 0xdd, 0xdd, 0xdd, 0xe0, 0xe0, 0xe0, 0xe3, 0xe3, 0xe3, 0xe6, 
    0xe6, 0xe6, 0xe8, 0xe8, 0xe8, 0xeb, 0xeb, 0xeb, 0xed, 0xed, 0xed, 0xef, 0xef, 
    0xef, 0xf2, 0xf2, 0xf2, 0xf4, 0xf4, 0xf4, 0xf6, 0xf6, 0xf6, 0xf7, 0xf7, 0xf7, 
    0xf8, 0xf8, 0xf8, 0xf8, 0xf8, 0xf8, 0xf9, 0xf9, 0xf9, 0xfa, 0xfa, 0xfa, 0xfa, 
    0xfa, 0xfa, 0xfb, 0xfb, 0xfb, 0xfb, 0xfb, 0xfb, 0xfb, 0xfb, 0xfb, 0xfb, 0xfb, 
    0xfb, 0xfb, 0xfb, 0xfb, 0xfc, 0xfc, 0xfc, 0xfc, 0xfc, 0xfc, 0xfd, 0xfd, 0xfd, 
    0xfd, 0xfd, 0xfd, 0xfd, 0xfd, 0xfd, 0xfd, 0xfd, 0xfd, 0xfe, 0xfe, 0xfe, 0xfe, 
    0xfe, 0xfe, 0xfe, 0xfe, 0xfe, 0xfe, 0xfe, 0xfe, 0xfe, 0xfe, 0xfe, 0xfe, 0xfe, 
    0xfe, 0xfe, 0xfe, 0xfe, 0xfe, 0xfe, 0xfe, 0xfe, 0xfe, 0xfe, 0xfe, 0xfe, 0xfe, 
    0xfe, 0xfe, 0xfe, 0xfe, 0xfe, 0xfe, 0xfe, 0xfe, 0xfe, 0xfe, 0xfe, 0xfe, 0xfe, 
    0xfe, 0xfe, 0xfe, 0xfe, 0xfe, 0xfe, 0xfe, 0xfe, 0xfe, 0xfe, 0xfe, 0xfe, 0xfe, 
    0xfe, 0x21, 0xff, 0x0b, 0x4e, 0x45, 0x54, 0x53, 0x43, 0x41, 0x50, 0x45, 0x32, 
    0x2e, 0x30, 0x03, 0x01, 0x00, 0x00, 0x00, 0x21, 0xf9, 0x04, 0x00, 0x01, 0x00, 
    0x00, 0x00, 0x2c, 0x00, 0x00, 0x00, 0x00, 0x50, 0x00, 0x50, 0x00, 0x00, 0x08, 
    0xfe, 0x00, 0x13, 0x08, 0x1c, 0x48, 0xb0, 0xa0, 0xc1, 0x83, 0x08, 0x13, 0x2a, 
    0x5c, 0xc8, 0xb0, 0xa1, 0xc3, 0x87, 0x10, 0x23, 0x4a, 0x9c, 0x48, 0xb1, 0xa2, 
    0xc5, 0x8b, 0x18, 0x33, 0x6a, 0xdc, 0xc8, 0xb1, 0xa3, 0xc7, 0x8f, 0x20, 0x43, 
    0x8a, 0x1c, 0x49, 0xb2, 0xa4, 0xc9, 0x93, 0x28, 0x53, 0xaa, 0x5c, 0xc9, 0x92, 
    0xe2, 0x3f, 0x83, 0x2f, 0x07, 0xc6, 0x6c, 0xd9, 0xf0, 0x9f, 0x4d, 0x9b, 0x02, 
    0x67, 0xe6, 0xcc, 0x79, 0xf3, 0x66, 0x42, 0x9d, 0x2d, 0x63, 0xf6, 0xc4, 0x09, 
    0x34, 0x41, 0xd1, 0x82, 0x38, 0x69, 0xee, 0x94, 0xb9, 0xd4, 0xa8, 0xd1, 0xa1, 
    0x33, 0x81, 0x1e, 0x55, 0xa9, 0x53, 0xe8, 0xd2, 0x97, 0x58, 0x9d, 0x36, 0xdd, 
    0x1a, 0x94, 0xa0, 0xd5, 0xa4, 0x50, 0xb1, 0xf6, 0x64, 0xaa, 0x54, 0xeb, 0x55, 
    0xae, 0x07, 0xa5, 0x96, 0x7d, 0x9a, 0xf5, 0x6c, 0xd8, 0xa8, 0x48, 0x95, 0x26, 
    0x6d, 0x6a, 0x95, 0xec, 0x54, 0xb4, 0x34, 0xab, 0xee, 0x6c, 0xdb, 0x76, 0xad, 
    0xc2, 0xa8, 0x70, 0xc5, 0x12, 0xf5, 0x3b, 0xd0, 0x42, 0x87, 0x18, 0x31, 0x7c, 
    0x34, 0x81, 0xd1, 0x81, 0xb0, 0x44, 0x0b, 0x7a, 0xb4, 0xd9, 0x0b, 0x6b, 0xef, 
    0xdb, 0x18, 0x15, 0x8e, 0x17, 0x76, 0x80, 0xb6, 0xee, 0x2d, 0x54, 0x7b, 0xc2, 
    0x2c, 0x64, 0x36, 0x08, 0x69, 0xb2, 0xe7, 0xb7, 0xf6, 0x9c, 0x8d, 0x1e, 0x18, 
    0xcd, 0xa6, 0x3d, 0xd3, 0x3d, 0x5f, 0x7f, 0x36, 0x1d, 0x6e, 0xb4, 0x05, 0x72, 
    0xa7, 0x73, 0xdf, 0xd4, 0xe6, 0x38, 0x06, 0x6c, 0xd7, 0x94, 0x83, 0xdf, 0xa4, 
    0xe6, 0x97, 0x86, 0xee, 0xe3, 0x3d, 0xa1, 0x95, 0x1d, 0xf1, 0x1b, 0xb9, 0x6e, 
    0x54, 0x4a, 0xbd, 0x39, 0x9f, 0xfe, 0x4f, 0x46, 0xcb, 0x66, 0xd4, 0xa7, 0x13, 
    0x5f, 0xf9, 0x24, 0xfb, 0xf4, 0x2a, 0x2b, 0x2d, 0xfe, 0x4c, 0x96, 0x3d, 0x94, 
    0x7c, 0xec, 0xe6, 0xff, 0xcc, 0xff, 0xf3, 0x56, 0xcb, 0x05, 0x4b, 0xdc, 0xde, 
    0x51, 0x1b, 0xf3, 0x21, 0xba, 0x65, 0x9f, 0xd8, 0xc2, 0xcb, 0xdf, 0xb4, 0x87, 
    0x2e, 0x51, 0x8c, 0x04, 0x86, 0xd1, 0x51, 0xcd, 0x6b, 0xaf, 0xd5, 0x82, 0x52, 
    0x07, 0xf1, 0xbd, 0x96, 0xcd, 0x28, 0x98, 0xa9, 0xc0, 0x46, 0x34, 0x9d, 0xbd, 
    0x15, 0xc4, 0x49, 0xdf, 0x20, 0xf7, 0x1a, 0x39, 0xb6, 0x60, 0x51, 0x43, 0x63, 
    0x1d, 0x78, 0x42, 0x0e, 0x7a, 0x61, 0x4d, 0x63, 0x92, 0x0d, 0xc7, 0x85, 0x23, 
    0xcc, 0x7f, 0x04, 0x59, 0x10, 0x0d, 0x88, 0x9e, 0xad, 0x63, 0x12, 0x7c, 0x6f, 
    0x85, 0x53, 0x45, 0x63, 0x05, 0x59, 0x30, 0x0a, 0x8b, 0xb9, 0x8d, 0x40, 0x12, 
    0x11, 0x2d, 0x12, 0x81, 0x90, 0x2d, 0x38, 0xea, 0x86, 0x62, 0x48, 0x16, 0x44, 
    0x78, 0x9e, 0x31, 0xf5, 0x15, 0xe4, 0x09, 0x6c, 0xea, 0xb9, 0x86, 0x1e, 0x79, 
    0x52, 0x8c, 0x74, 0x04, 0x6a, 0x06, 0x59, 0x00, 0x4a, 0x90, 0xce, 0x0d, 0x09, 
    0x52, 0x93, 0xae, 0x15, 0x54, 0x08, 0x97, 0xe9, 0xe5, 0x87, 0xdf, 0x3f, 0x2c, 
    0x88, 0x74, 0xc7, 0x69, 0x65, 0x26, 0xf0, 0x04, 0x3a, 0xf1, 0x79, 0x46, 0xe3, 
    0x47, 0xcc, 0x9d, 0x66, 0x4f, 0x38, 0x58, 0x7a, 0x67, 0x4f, 0x92, 0x1d, 0x89, 
    0xd7, 0xe6, 0x9e, 0xe9, 0x85, 0x54, 0x21, 0x9f, 0x6d, 0x62, 0x03, 0x12, 0x34, 
    0x80, 0xee, 0x09, 0xc8, 0x47, 0x08, 0xee, 0xf7, 0xe4, 0xa2, 0xb3, 0x35, 0x5a, 
    0xde, 0x6b, 0x20, 0xb5, 0x50, 0x68, 0x9b, 0xae, 0x84, 0xf4, 0x1b, 0x88, 0x98, 
    0x8a, 0xb9, 0x1f, 0x65, 0x22, 0xa1, 0x31, 0x29, 0x75, 0xf6, 0xb4, 0x30, 0x12, 
    0x1d, 0xeb, 0xcc, 0xf9, 0x61, 0x98, 0x9f, 0x7e, 0x06, 0x83, 0x4a, 0x16, 0x3c, 
    0x81, 0x4d, 0x9d, 0x4b, 0xde, 0x6d, 0xf3, 0x26, 0x4b, 0x2d, 0x38, 0x02, 0x66, 
    0x76, 0xd9, 0xac, 0xea, 0x98, 0x0c, 0xca, 0x18, 0xe9, 0x5c, 0x65, 0x93, 0xa4, 
    0xb9, 0x9a, 0x40, 0x28, 0x68, 0x61, 0x0c, 0x8c, 0x4e, 0xa6, 0x87, 0x0d, 0x2e, 
    0x60, 0xe8, 0x38, 0xec, 0x42, 0x16, 0x44, 0xdb, 0x41, 0xb4, 0xcf, 0x56, 0x6b, 
    0xed, 0xb5, 0xd8, 0x66, 0xab, 0xed, 0xb6, 0xdc, 0x76, 0xeb, 0xed, 0xb7, 0xe0, 
    0x86, 0x2b, 0xee, 0xb8, 0xe4, 0x96, 0x6b, 0xee, 0xb9, 0xe8, 0xa6, 0x1b, 0x6e, 
    0x40, 0x00, 0x21, 0xf9, 0x04, 0x00, 0x01, 0x00, 0x00, 0x00, 0x2c, 0x00, 0x00, 
    0x00, 0x00, 0x50, 0x00, 0x50, 0x00, 0x87, 0x00, 0x00, 0x00, 0x00, 0x00, 0x00, 
    0x00, 0x00, 0x00, 0x00, 0x00, 0x00, 0x00, 0x00, 0x00, 0x00, 0x00, 0x00, 0x00, 
    0x00, 0x00, 0x00, 0x00, 0x00, 0x00, 0x00, 0x00, 0x00, 0x00, 0x00, 0x00, 0x00, 
    0x00, 0x00, 0x00, 0x00, 0x00, 0x00, 0x00, 0x00, 0x00, 0x00, 0x00, 0x00, 0x00, 
    0x00, 0x00, 0x00, 0x00, 0x00, 0x00, 0x00, 0x00, 0x00, 0x01, 0x01, 0x01, 0x04, 
    0x04, 0x04, 0x09, 0x09, 0x09, 0x0b, 0x0b, 0x0b, 0x0c, 0x0c, 0x0c, 0x0e, 0x0e, 
    0x0e, 0x0e, 0x0e, 0x0e, 0x0f, 0x0f, 0x0f, 0x10, 0x10, 0x10, 0x10, 0x10, 0x10, 
    0x11, 0x11, 0x11, 0x11, 0x11, 0x11, 0x12, 0x12, 0x12, 0x14, 0x14, 0x14, 0x16, 
    0x16, 0x16, 0x18, 0x18, 0x18, 0x18, 0x18, 0x18, 0x18, 0x18, 0x18, 0x19, 0x19, 
    0x19, 0x1a, 0x1a, 0x1a, 0x1a, 0x1a, 0x1a, 0x1c, 0x1c, 0x1c, 0x1d, 0x1d, 0x1d, 
    0x1e, 0x1e, 0x1e, 0x20, 0x20, 0x20, 0x22, 0x22, 0x22, 0x24, 0x24, 0x24, 0x25, 
    0x25, 0x25, 0x27, 0x27, 0x27, 0x29, 0x29, 0x29, 0x2b, 0x2b, 0x2b, 0x2d, 0x2d, 
    0x2d, 0x30, 0x30, 0x30, 0x33, 0x33, 0x33, 0x34, 0x34, 0x34, 0x35, 0x35, 0x35, 
    0x36, 0x36, 0x36, 0x37, 0x37, 0x37, 0x38, 0x38, 0x38, 0x39, 0x39, 0x39, 0x3a, 
    0x3a, 0x3a, 0x3b, 0x3b, 0x3b, 0x3c, 0x3c, 0x3c, 0x3d, 0x3d, 0x3d, 0x3e, 0x3e, 
    0x3e, 0x3f, 0x3f, 0x3f, 0x40, 0x40, 0x40, 0x40, 0x40, 0x40, 0x41, 0x41, 0x41, 
    0x42, 0x42, 0x42, 0x43, 0x43, 0x43, 0x44, 0x44, 0x44, 0x46, 0x46, 0x46, 0x47, 
    0x47, 0x47, 0x48, 0x48, 0x48, 0x49, 0x49, 0x49, 0x4a, 0x4a, 0x4a, 0x4b, 0x4b, 
    0x4b, 0x4c, 0x4c, 0x4c, 0x4e, 0x4e, 0x4e, 0x4f, 0x4f, 0x4f, 0x4f, 0x4f, 0x4f, 
    0x50, 0x50, 0x50, 0x51, 0x51, 0x51, 0x52, 0x52, 0x52, 0x52, 0x52, 0x52, 0x53, 
    0x53, 0x53, 0x54, 0x54, 0x54, 0x54, 0x54, 0x54, 0x55, 0x55, 0x55, 0x56, 0x56, 
    0x56, 0x57, 0x57, 0x57, 0x58, 0x58, 0x58, 0x5a, 0x5a, 0x5a, 0x5c, 0x5c, 0x5c, 
    0x5d, 0x5d, 0x5d, 0x5e, 0x5e, 0x5e, 0x5f, 0x5f, 0x5f, 0x60, 0x60, 0x60, 0x61, 
    0x61, 0x61, 0x62, 0x62, 0x62, 0x63, 0x63, 0x63, 0x64, 0x64, 0x64, 0x65, 0x65, 
    0x65, 0x66, 0x66, 0x66, 0x67, 0x67, 0x67, 0x68, 0x68, 0x68, 0x69, 0x69, 0x69, 
    0x6a, 0x6a, 0x6a, 0x6b, 0x6b, 0x6b, 0x6c, 0x6c, 0x6c, 0x6d, 0x6d, 0x6d, 0x6e, 
    0x6e, 0x6e, 0x6f, 0x6f, 0x6f, 0x70, 0x70, 0x70, 0x71, 0x71, 0x71, 0x72, 0x72, 
    0x72, 0x73, 0x73, 0x73, 0x74, 0x74, 0x74, 0x75, 0x75, 0x75, 0x76, 0x76, 0x76, 
    0x77, 0x77, 0x77, 0x78, 0x78, 0x78, 0x79, 0x79, 0x79, 0x7a, 0x7a, 0x7a, 0x7b, 
    0x7b, 0x7b, 0x7c, 0x7c, 0x7c, 0x7d, 0x7d, 0x7d, 0x7e, 0x7e, 0x7e, 0x7f, 0x7f, 
    0x7f, 0x80, 0x80, 0x80, 0x81, 0x81, 0x81, 0x82, 0x82, 0x82, 0x83, 0x83, 0x83, 
    0x84, 0x84, 0x84, 0x85, 0x85, 0x85, 0x86, 0x86, 0x86, 0x87, 0x87, 0x87, 0x88, 
    0x88, 0x88, 0x89, 0x89, 0x89, 0x8a, 0x8a, 0x8a, 0x8b, 0x8b, 0x8b, 0x8c, 0x8c, 
    0x8c, 0x8d, 0x8d, 0x8d, 0x8e, 0x8e, 0x8e, 0x8f, 0x8f, 0x8f, 0x90, 0x90, 0x90, 
    0x91, 0x91, 0x91, 0x92, 0x92, 0x92, 0x93, 0x93, 0x93, 0x94, 0x94, 0x94, 0x95, 
    0x95, 0x95, 0x96, 0x96, 0x96, 0x97, 0x97, 0x97, 0x98, 0x98, 0x98, 0x99, 0x99, 
    0x99, 0x9a, 0x9a, 0x9a, 0x9b, 0x9b, 0x9b, 0x9c, 0x9c, 0x9c, 0x9d, 0x9d, 0x9d, 
    0x9e, 0x9e, 0x9e, 0x9f, 0x9f, 0x9f, 0xa0, 0xa0, 0xa0, 0xa1, 0xa1, 0xa1, 0xa2, 
    0xa2, 0xa2, 0xa3, 0xa3, 0xa3, 0xa4, 0xa4, 0xa4, 0xa5, 0xa5, 0xa5, 0xa6, 0xa6, 
    0xa6, 0xa7, 0xa7, 0xa7, 0xa8, 0xa8, 0xa8, 0xa9, 0xa9, 0xa9, 0xab, 0xab, 0xab, 
    0xad, 0xad, 0xad, 0xb0, 0xb0, 0xb0, 0xb2, 0xb2, 0xb2, 0xb5, 0xb5, 0xb5, 0xb7, 
    0xb7, 0xb7, 0xba, 0xba, 0xba, 0xbc, 0xbc, 0xbc, 0xbe, 0xbe, 0xbe, 0xc0, 0xc0, 
    0xc0, 0xc0, 0xc0, 0xc0, 0xc1, 0xc1, 0xc1, 0xc2, 0xc2, 0xc2, 0xc3, 0xc3, 0xc3, 
    0xc4, 0xc4, 0xc4, 0xc5, 0xc5, 0xc5, 0xc5, 0xc5, 0xc5, 0xc6, 0xc6, 0xc6, 0xc6, 
    0xc6, 0xc6, 0xc8, 0xc8, 0xc8, 0xc9, 0xc9, 0xc9, 0xca, 0xca, 0xca, 0xcb, 0xcb, 
    0xcb, 0xcb, 0xcb, 0xcb, 0xcc, 0xcc, 0xcc, 0xcd, 0xcd, 0xcd, 0xcf, 0xcf, 0xcf, 
    0xd3, 0xd3, 0xd3, 0xd6, 0xd6, 0xd6, 0xd8, 0xd8, 0xd8, 0xdb, 0xdb, 0xdb, 0xdd, 
    0xdd, 0xdd, 0xde, 0xde, 0xde, 0xdf, 0xdf, 0xdf, 0xe1, 0xe1, 0xe1, 0xe1, 0xe1, 
    0xe1, 0xe2, 0xe2, 0xe2, 0xe4, 0xe4, 0xe4, 0xe4, 0xe4, 0xe4, 0xe5, 0xe5, 0xe5, 
    0xe5, 0xe5, 0xe5, 0xe5, 0xe5, 0xe5, 0xe5, 0xe5, 0xe5, 0xe5, 0xe5, 0xe5, 0xe6, 
    0xe6, 0xe6, 0xe6, 0xe6, 0xe6, 0xe6, 0xe6, 0xe6, 0xe7, 0xe7, 0xe7, 0xe8, 0xe8, 
    0xe8, 0xe9, 0xe9, 0xe9, 0xeb, 0xeb, 0xeb, 0xee, 0xee, 0xee, 0xf0, 0xf0, 0xf0, 
    0xf2, 0xf2, 0xf2, 0xf4, 0xf4, 0xf4, 0xf5, 0xf5, 0xf5, 0xf7, 0xf7, 0xf7, 0xf8, 
    0xf8, 0xf8, 0xf9, 0xf9, 0xf9, 0xfa, 0xfa, 0xfa, 0xfb, 0xfb, 0xfb, 0xfb, 0xfb, 
    0xfb, 0xfb, 0xfb, 0xfb, 0xfc, 0xfc, 0xfc, 0xfc, 0xfc, 0xfc, 0xfd, 0xfd, 0xfd, 
    0xfd, 0xfd, 0xfd, 0xfd, 0xfd, 0xfd, 0xfd, 0xfd, 0xfd, 0xfd, 0xfd, 0xfd, 0xfd, 
    0xfd, 0xfd, 0xfe, 0xfe, 0xfe, 0xfe, 0xfe, 0xfe, 0xfe, 0xfe, 0xfe, 0xfe, 0xfe, 
    0xfe, 0xfe, 0xfe, 0xfe, 0xfe, 0xfe, 0xfe, 0xfe, 0xfe, 0xfe, 0xfe, 0xfe, 0xfe, 
    0xfe, 0xfe, 0xfe, 0xfe, 0xfe, 0xfe, 0xfe, 0xfe, 0xfe, 0xfe, 0xfe, 0xfe, 0xfe, 
    0xfe, 0xfe, 0xfe, 0xfe, 0xfe, 0xfe, 0xfe, 0xfe, 0x08, 0xfe, 0x00, 0x13, 0x08, 
    0x1c, 0x48, 0xb0, 0xa0, 0xc1, 0x83, 0x08, 0x13, 0x2a, 0x5c, 0xc8, 0xb0, 0xa1, 
    0xc3, 0x87, 0x10, 0x23, 0x4a, 0x9c, 0x48, 0xb1, 0xa2, 0xc5, 0x8b, 0x18, 0x33, 
    0x6a, 0xdc, 0xc8, 0xb1, 0xa3, 0xc7, 0x8f, 0x20, 0x43, 0x8a, 0x1c, 0x49, 0xb2, 
    0xa4, 0xc9, 0x93, 0x28, 0x53, 0xaa, 0xdc, 0x78, 0xcd, 0x60, 0xcb, 0x81, 0x2f, 
    0x57, 0x3e, 0xbc, 0x46, 0x93, 0xa6, 0xc0, 0x98, 0x37, 0x6f, 0xd6, 0xac, 0x99, 
    0x10, 0xa7, 0xcc, 0x04, 0x2f, 0x77, 0xda, 0xf4, 0x09, 0x74, 0xa1, 0xcd, 0x9f, 
    0x30, 0x09, 0x06, 0x4d, 0x2a, 0xf4, 0x68, 0x51, 0xa5, 0x48, 0x93, 0x4a, 0x5d, 
    0x5a, 0xb4, 0xa5, 0x55, 0xa9, 0x58, 0x91, 0xe2, 0x5c, 0x7a, 0xb4, 0xa9, 0xd5, 
    0x9d, 0x59, 0x7f, 0x6e, 0xcd, 0xf9, 0x54, 0xa1, 0x4f, 0xa2, 0x2b, 0x79, 0xc6, 
    0xe4, 0xea, 0x35, 0x2c, 0x5a, 0x94, 0x4e, 0xcb, 0x52, 0x25, 0xfb, 0x96, 0x6c, 
    0xd4, 0xac, 0x5c, 0x9f, 0x5e, 0xbd, 0xcb, 0x70, 0xed, 0xda, 0xaa, 0x6a, 0xf9, 
    0x0a, 0x1e, 0x4c, 0x58, 0xa1, 0x0d, 0x66, 0xdf, 0xd4, 0xa9, 0xc3, 0x87, 0xcf, 
    0xdd, 0x35, 0x43, 0x3e, 0x0a, 0x37, 0xdc, 0x50, 0x0c, 0xdf, 0xbf, 0xcb, 0x98, 
    0x33, 0xff, 0xc3, 0x27, 0x4e, 0xd0, 0x04, 0xc9, 0x06, 0x27, 0x10, 0xb3, 0xac, 
    0xb9, 0x74, 0x66, 0x7c, 0xab, 0x3e, 0x83, 0x4e, 0xb0, 0x41, 0xdd, 0x66, 0xd2, 
    0xa7, 0x61, 0x63, 0x66, 0xbc, 0x59, 0x04, 0x68, 0x2e, 0xb2, 0x4d, 0xeb, 0x9e, 
    0x7d, 0xa1, 0x70, 0x2b, 0xcd, 0xb9, 0x2f, 0x07, 0xdf, 0x3c, 0x5b, 0x35, 0xdf, 
    0x63, 0xbb, 0x93, 0xeb, 0x76, 0x27, 0x98, 0x97, 0xf2, 0xe7, 0xa5, 0xc5, 0xdd, 
    0x55, 0x02, 0xbd, 0x7a, 0xe6, 0x64, 0x48, 0x2f, 0x0c, 0xb7, 0x9e, 0xdc, 0xb8, 
    0x4a, 0x72, 0xdc, 0xb9, 0xfe, 0xe3, 0xfb, 0x49, 0xeb, 0x75, 0x69, 0xda, 0xc0, 
    0x83, 0xa3, 0xbf, 0x5c, 0x4e, 0xd6, 0x06, 0x99, 0x43, 0xb6, 0x87, 0x17, 0x7e, 
    0xec, 0xca, 0x04, 0xef, 0x2a, 0x61, 0x0f, 0xdf, 0x9f, 0x59, 0x1d, 0x2a, 0x1d, 
    0x14, 0x24, 0x40, 0x81, 0x1c, 0xca, 0x8c, 0xe3, 0x0e, 0x3e, 0xcd, 0xe0, 0x47, 
    0x12, 0x2e, 0xf3, 0x09, 0x47, 0x4e, 0x2b, 0x28, 0x4c, 0xb0, 0xc1, 0x18, 0xc5, 
    0xb8, 0x66, 0x9a, 0x74, 0x27, 0x05, 0xc1, 0x9d, 0x3b, 0xc4, 0xe0, 0x51, 0xc4, 
    0x7b, 0x14, 0x6c, 0x72, 0x8e, 0x7c, 0xc5, 0x9d, 0x64, 0x61, 0x72, 0xf8, 0x30, 
    0x13, 0x84, 0x77, 0x13, 0x34, 0x43, 0x62, 0x69, 0x48, 0x98, 0x34, 0x45, 0x72, 
    0xee, 0xe8, 0xd1, 0x5b, 0x41, 0x13, 0xa8, 0xf2, 0xa2, 0x69, 0xc2, 0x98, 0x74, 
    0x22, 0x70, 0x78, 0x20, 0x14, 0xcb, 0x8e, 0xba, 0x85, 0x53, 0x12, 0x17, 0xe7, 
    0xe1, 0x33, 0x8e, 0x82, 0x09, 0x94, 0xa2, 0x9f, 0x7a, 0x50, 0xfe, 0x53, 0x4e, 
    0x49, 0x3f, 0x66, 0x16, 0x20, 0x41, 0x14, 0xac, 0x42, 0xa4, 0x72, 0x46, 0x8e, 
    0xe4, 0xc6, 0x7e, 0x37, 0x0a, 0x04, 0xc8, 0x7a, 0xa7, 0x99, 0xc6, 0xdf, 0x37, 
    0x23, 0x4d, 0x20, 0x9f, 0x2d, 0x02, 0x6d, 0xe1, 0x4e, 0x83, 0xbb, 0xf9, 0x32, 
    0xd2, 0x35, 0xca, 0x91, 0x09, 0x67, 0x69, 0x98, 0x88, 0x64, 0xca, 0x9d, 0x7c, 
    0xfe, 0xc3, 0x44, 0x48, 0x7e, 0xf4, 0xc9, 0x27, 0x93, 0x19, 0x89, 0xb0, 0xa5, 
    0xa0, 0xa5, 0x91, 0x13, 0x52, 0x31, 0xb3, 0x45, 0x99, 0x5e, 0x92, 0x90, 0xa6, 
    0xc7, 0x46, 0x48, 0xaf, 0x20, 0xda, 0x20, 0x73, 0x21, 0x7d, 0x50, 0xe6, 0x79, 
    0x66, 0x76, 0xca, 0x69, 0x69, 0x2d, 0x8c, 0xa4, 0xa5, 0xa5, 0xd5, 0xe1, 0x83, 
    0x46, 0x49, 0x33, 0xc8, 0x52, 0x08, 0x13, 0x96, 0x30, 0xf3, 0x26, 0xa9, 0x55, 
    0xc0, 0xb9, 0xf1, 0xd3, 0x07, 0x8b, 0x88, 0x73, 0x28, 0x74, 0xd7, 0x7c, 0x20, 
    0x58, 0x11, 0xbf, 0x2c, 0x76, 0x27, 0x3e, 0xc7, 0x84, 0x49, 0xd8, 0x04, 0x68, 
    0x40, 0x13, 0x0e, 0x91, 0xee, 0x7c, 0xd3, 0x4a, 0x0c, 0xab, 0x1d, 0x34, 0xc1, 
    0x15, 0x96, 0x6c, 0x73, 0x0d, 0x37, 0xdd, 0x70, 0x43, 0x0c, 0x22, 0x4d, 0x88, 
    0x40, 0x68, 0xb3, 0xdc, 0x76, 0xeb, 0xed, 0xb7, 0xe0, 0x86, 0x2b, 0xee, 0xb8, 
    0xe4, 0x96, 0x6b, 0xee, 0xb9, 0xe8, 0xa6, 0xab, 0xee, 0xba, 0xec, 0xb6, 0xeb, 
    0xee, 0xbb, 0xf0, 0xc6, 0xdb, 0x6d, 0x40, 0x00, 0x21, 0xf9, 0x04, 0x00, 0x01, 
    0x00, 0x00, 0x00, 0x2c, 0x00, 0x00, 0x00, 0x00, 0x50, 0x00, 0x50, 0x00, 0x87, 
    0x00, 0x00, 0x00, 0x00, 0x00, 0x00, 0x00, 0x00, 0x00, 0x00, 0x00, 0x00, 0x00, 
    0x00, 0x00, 0x00, 0x00, 0x00, 0x00, 0x00, 0x00, 0x00, 0x00, 0x00, 0x00, 0x00, 
    0x00, 0x00, 0x00, 0x00, 0x00, 0x00, 0x00, 0x00, 0x00, 0x00, 0x00, 0x00, 0x00, 
    0x00, 0x00, 0x00, 0x00, 0x00, 0x00, 0x00, 0x00, 0x00, 0x00, 0x00, 0x00, 0x00, 
    0x00, 0x00, 0x00, 0x00, 0x00, 0x00, 0x00, 0x00, 0x00, 0x00, 0x00, 0x00, 0x00, 
    0x00, 0x02, 0x02, 0x02, 0x05, 0x05, 0x05, 0x05, 0x05, 0x05, 0x05, 0x05, 0x05, 
    0x05, 0x05, 0x05, 0x05, 0x05, 0x05, 0x06, 0x06, 0x06, 0x06, 0x06, 0x06, 0x07, 
    0x07, 0x07, 0x09, 0x09, 0x09, 0x0b, 0x0b, 0x0b, 0x0e, 0x0e, 0x0e, 0x0f, 0x0f, 
    0x0f, 0x10, 0x10, 0x10, 0x11, 0x11, 0x11, 0x12, 0x12, 0x12, 0x13, 0x13, 0x13, 
    0x14, 0x14, 0x14, 0x15, 0x15, 0x15, 0x15, 0x15, 0x15, 0x16, 0x16, 0x16, 0x19, 
    0x19, 0x19, 0x1b, 0x1b, 0x1b, 0x1e, 0x1e, 0x1e, 0x20, 0x20, 0x20, 0x22, 0x22, 
    0x22, 0x24, 0x24, 0x24, 0x26, 0x26, 0x26, 0x29, 0x29, 0x29, 0x2c, 0x2c, 0x2c, 
    0x2e, 0x2e, 0x2e, 0x31, 0x31, 0x31, 0x33, 0x33, 0x33, 0x34, 0x34, 0x34, 0x36, 
    0x36, 0x36, 0x37, 0x37, 0x37, 0x3a, 0x3a, 0x3a, 0x3b, 0x3b, 0x3b, 0x3c, 0x3c, 
    0x3c, 0x3d, 0x3d, 0x3d, 0x3e, 0x3e, 0x3e, 0x3f, 0x3f, 0x3f, 0x40, 0x40, 0x40, 
    0x41, 0x41, 0x41, 0x42, 0x42, 0x42, 0x43, 0x43, 0x43, 0x44, 0x44, 0x44, 0x45, 
    0x45, 0x45, 0x46, 0x46, 0x46, 0x47, 0x47, 0x47, 0x48, 0x48, 0x48, 0x49, 0x49, 
    0x49, 0x4a, 0x4a, 0x4a, 0x4b, 0x4b, 0x4b, 0x4c, 0x4c, 0x4c, 0x4d, 0x4d, 0x4d, 
    0x4e, 0x4e, 0x4e, 0x4f, 0x4f, 0x4f, 0x50, 0x50, 0x50, 0x51, 0x51, 0x51, 0x52, 
    0x52, 0x52, 0x53, 0x53, 0x53, 0x54, 0x54, 0x54, 0x55, 0x55, 0x55, 0x56, 0x56, 
    0x56, 0x57, 0x57, 0x57, 0x58, 0x58, 0x58, 0x58, 0x58, 0x58, 0x59, 0x59, 0x59, 
    0x5a, 0x5a, 0x5a, 0x5b, 0x5b, 0x5b, 0x5c, 0x5c, 0x5c, 0x5d, 0x5d, 0x5d, 0x5f, 
    0x5f, 0x5f, 0x60, 0x60, 0x60, 0x61, 0x61, 0x61, 0x62, 0x62, 0x62, 0x63, 0x63, 
    0x63, 0x64, 0x64, 0x64, 0x65, 0x65, 0x65, 0x66, 0x66, 0x66, 0x66, 0x66, 0x66, 
    0x67, 0x67, 0x67, 0x68, 0x68, 0x68, 0x6a, 0x6a, 0x6a, 0x6b, 0x6b, 0x6b, 0x6c, 
    0x6c, 0x6c, 0x6d, 0x6d, 0x6d, 0x6e, 0x6e, 0x6e, 0x6f, 0x6f, 0x6f, 0x70, 0x70, 
    0x70, 0x71, 0x71, 0x71, 0x72, 0x72, 0x72, 0x73, 0x73, 0x73, 0x74, 0x74, 0x74, 
    0x75, 0x75, 0x75, 0x76, 0x76, 0x76, 0x77, 0x77, 0x77, 0x78, 0x78, 0x78, 0x79, 
    0x79, 0x79, 0x7a, 0x7a, 0x7a, 0x7b, 0x7b, 0x7b, 0x7c, 0x7c, 0x7c, 0x7d, 0x7d, 
    0x7d, 0x7e, 0x7e, 0x7e, 0x7f, 0x7f, 0x7f, 0x80, 0x80, 0x80, 0x81, 0x81, 0x81, 
    0x82, 0x82, 0x82, 0x83, 0x83, 0x83, 0x84, 0x84, 0x84, 0x85, 0x85, 0x85, 0x86, 
    0x86, 0x86, 0x87, 0x87, 0x87, 0x88, 0x88, 0x88, 0x89, 0x89, 0x89, 0x8a, 0x8a, 
    0x8a, 0x8b, 0x8b, 0x8b, 0x8c, 0x8c, 0x8c, 0x8d, 0x8d, 0x8d, 0x8e, 0x8e, 0x8e, 
    0x8f, 0x8f, 0x8f, 0x90, 0x90, 0x90, 0x91, 0x91, 0x91, 0x92, 0x92, 0x92, 0x93, 
    0x93, 0x93, 0x94, 0x94, 0x94, 0x95, 0x95, 0x95, 0x97, 0x97, 0x97, 0x98, 0x98, 
    0x98, 0x9a, 0x9a, 0x9a, 0x9c, 0x9c, 0x9c, 0x9d, 0x9d, 0x9d, 0x9e, 0x9e, 0x9e, 
    0x9f, 0x9f, 0x9f, 0xa0, 0xa0, 0xa0, 0xa1, 0xa1, 0xa1, 0xa2, 0xa2, 0xa2, 0xa3, 
    0xa3, 0xa3, 0xa3, 0xa3, 0xa3, 0xa4, 0xa4, 0xa4, 0xa4, 0xa4, 0xa4, 0xa5, 0xa5, 
    0xa5, 0xa5, 0xa5, 0xa5, 0xa6, 0xa6, 0xa6, 0xa6, 0xa6, 0xa6, 0xa6, 0xa6, 0xa6, 
    0xa7, 0xa7, 0xa7, 0xa7, 0xa7, 0xa7, 0xa8, 0xa8, 0xa8, 0xa8, 0xa8, 0xa8, 0xa9, 
    0xa9, 0xa9, 0xaa, 0xaa, 0xaa, 0xab, 0xab, 0xab, 0xac, 0xac, 0xac, 0xae, 0xae, 
    0xae, 0xb1, 0xb1, 0xb1, 0xb5, 0xb5, 0xb5, 0xb9, 0xb9, 0xb9, 0xbc, 0xbc, 0xbc, 
    0xbf, 0xbf, 0xbf, 0xc2, 0xc2, 0xc2, 0xc4, 0xc4, 0xc4, 0xc6, 0xc6, 0xc6, 0xc8, 
    0xc8, 0xc8, 0xc9, 0xc9, 0xc9, 0xcb, 0xcb, 0xcb, 0xcb, 0xcb, 0xcb, 0xcc, 0xcc, 
    0xcc, 0xcc, 0xcc, 0xcc, 0xcc, 0xcc, 0xcc, 0xcd, 0xcd, 0xcd, 0xce, 0xce, 0xce, 
    0xd0, 0xd0, 0xd0, 0xd1, 0xd1, 0xd1, 0xd2, 0xd2, 0xd2, 0xd3, 0xd3, 0xd3, 0xd4, 
    0xd4, 0xd4, 0xd4, 0xd4, 0xd4, 0xd5, 0xd5, 0xd5, 0xd6, 0xd6, 0xd6, 0xd7, 0xd7, 
    0xd7, 0xd8, 0xd8, 0xd8, 0xd9, 0xd9, 0xd9, 0xda, 0xda, 0xda, 0xdb, 0xdb, 0xdb, 
    0xdc, 0xdc, 0xdc, 0xdd, 0xdd, 0xdd, 0xde, 0xde, 0xde, 0xe0, 0xe0, 0xe0, 0xe2, 
    0xe2, 0xe2, 0xe3, 0xe3, 0xe3, 0xe4, 0xe4, 0xe4, 0xe5, 0xe5, 0xe5, 0xe6, 0xe6, 
    0xe6, 0xe7, 0xe7, 0xe7, 0xe8, 0xe8, 0xe8, 0xe9, 0xe9, 0xe9, 0xea, 0xea, 0xea, 
    0xeb, 0xeb, 0xeb, 0xed, 0xed, 0xed, 0xef, 0xef, 0xef, 0xf1, 0xf1, 0xf1, 0xf2, 
    0xf2, 0xf2, 0xf4, 0xf4, 0xf4, 0xf5, 0xf5, 0xf5, 0xf6, 0xf6, 0xf6, 0xf7, 0xf7, 
    0xf7, 0xf8, 0xf8, 0xf8, 0xf9, 0xf9, 0xf9, 0xfa, 0xfa, 0xfa, 0xfb, 0xfb, 0xfb, 
    0xfc, 0xfc, 0xfc, 0xfc, 0xfc, 0xfc, 0xfd, 0xfd, 0xfd, 0xfd, 0xfd, 0xfd, 0xfe, 
    0xfe, 0xfe, 0xfe, 0xfe, 0xfe, 0xfe, 0xfe, 0xfe, 0xfe, 0xfe, 0xfe, 0xfe, 0xfe, 
    0xfe, 0xfe, 0xfe, 0xfe, 0xfe, 0xfe, 0xfe, 0xfe, 0xfe, 0xfe, 0xfe, 0xfe, 0xfe, 
    0xfe, 0xfe, 0xfe, 0xfe, 0xfe, 0xfe, 0xfe, 0xfe, 0xfe, 0xfe, 0xfe, 0xfe, 0xfe, 
    0xfe, 0xfe, 0xfe, 0xfe, 0xfe, 0xfe, 0xfe, 0xfe, 0xfe, 0xfe, 0xfe, 0xfe, 0xfe, 
    0xfe, 0x08, 0xfe, 0x00, 0x17, 0x08, 0x1c, 0x48, 0xb0, 0xa0, 0xc1, 0x83, 0x08, 
    0x13, 0x2a, 0x5c, 0xc8, 0xb0, 0xa1, 0xc3, 0x87, 0x10, 0x23, 0x4a, 0x9c, 0x48, 
    0xb1, 0xa2, 0xc5, 0x8b, 0x18, 0x33, 0x6a, 0xdc, 0xc8, 0xb1, 0xa3, 0xc7, 0x8f, 
    0x20, 0x43, 0x8a, 0x1c, 0x49, 0xb2, 0xa4, 0xc9, 0x93, 0x28, 0x3d, 0x06, 0x33, 
    0xb8, 0x72, 0x60, 0xcb, 0x94, 0x11, 0x83, 0xc9, 0x94, 0x29, 0xf0, 0x65, 0xcd, 
    0x9a, 0x33, 0x67, 0x26, 0xb4, 0x09, 0xd3, 0x25, 0xce, 0x9c, 0x0b, 0x78, 0x06, 
    0x5d, 0x48, 0xb3, 0x67, 0x41, 0x9b, 0x2d, 0x5f, 0xae, 0xcc, 0xa9, 0xf3, 0x26, 
    0x41, 0xa1, 0x3d, 0x91, 0x3a, 0x4d, 0x3a, 0x74, 0xa9, 0xcf, 0xa7, 0x46, 0x8f, 
    0x62, 0xad, 0x9a, 0x94, 0xe9, 0x52, 0xa0, 0x4e, 0xb3, 0x86, 0x1d, 0x4a, 0x16, 
    0xaa, 0xd6, 0xad, 0x62, 0x83, 0xd2, 0x54, 0x7a, 0xd3, 0x6b, 0x51, 0xb2, 0x57, 
    0xb3, 0xbe, 0x85, 0x4b, 0xf5, 0xaa, 0xd9, 0xb1, 0x69, 0xe1, 0x96, 0xad, 0xda, 
    0x36, 0x6f, 0x43, 0xa5, 0x6c, 0xbf, 0xae, 0xf5, 0x4b, 0xb8, 0xb0, 0xe1, 0xc3, 
    0x26, 0x63, 0x64, 0x59, 0x84, 0x88, 0x16, 0xad, 0x3e, 0x38, 0x2e, 0x20, 0x76, 
    0x28, 0x83, 0x99, 0xbd, 0x7f, 0x98, 0x33, 0x67, 0x46, 0x27, 0x8b, 0xc9, 0x64, 
    0x84, 0x2d, 0xce, 0x69, 0x1e, 0x4d, 0xda, 0x5e, 0x31, 0xc9, 0x9f, 0x05, 0x9e, 
    0xfa, 0x67, 0xef, 0xf2, 0xe8, 0xd6, 0xa5, 0x2f, 0x53, 0x4a, 0xed, 0x8d, 0xb4, 
    0xed, 0xdb, 0xff, 0x5c, 0x21, 0x1e, 0xd1, 0x4e, 0xb3, 0xeb, 0xd7, 0xb6, 0x7f, 
    0x03, 0x32, 0x1c, 0xe3, 0x37, 0xee, 0xe3, 0x9a, 0xcf, 0x10, 0x5e, 0x61, 0x1c, 
    0xb9, 0xf3, 0x7f, 0x35, 0xfc, 0x36, 0x7f, 0x8e, 0xdc, 0xde, 0x87, 0xb4, 0xd8, 
    0xa8, 0x6b, 0xc7, 0xec, 0x4d, 0xec, 0x9d, 0xed, 0xdb, 0xa5, 0xfe, 0x65, 0x3d, 
    0xc1, 0x7a, 0x3a, 0xec, 0xd7, 0xe6, 0x8d, 0xaf, 0xe3, 0x25, 0xb6, 0x37, 0x78, 
    0xdc, 0xf6, 0xa8, 0x9d, 0x41, 0x9d, 0x35, 0x56, 0xe6, 0xe9, 0xac, 0x83, 0x6b, 
    0x6e, 0x77, 0x8b, 0xc9, 0x88, 0x05, 0x1f, 0xc8, 0x21, 0x0c, 0x38, 0xe0, 0x7c, 
    0x33, 0x06, 0x4c, 0x2b, 0xbc, 0x87, 0x99, 0x3d, 0xed, 0xd8, 0x22, 0xc3, 0x05, 
    0x21, 0x6c, 0xc1, 0x8b, 0x68, 0xb6, 0xe9, 0x90, 0x92, 0x7b, 0xcf, 0xd9, 0x83, 
    0x8d, 0x25, 0x59, 0xac, 0x00, 0xe0, 0x25, 0xe8, 0xe0, 0x37, 0x1a, 0x32, 0x28, 
    0xe9, 0xe1, 0x9c, 0x3d, 0xdc, 0x64, 0x71, 0xdd, 0x40, 0x17, 0x60, 0x23, 0xa2, 
    0x6d, 0xed, 0xa0, 0xf4, 0xa2, 0x3d, 0x9f, 0x78, 0x58, 0xd0, 0x05, 0xb3, 0xbc, 
    0x88, 0xdb, 0x8a, 0x24, 0x49, 0x72, 0x1b, 0x8d, 0x07, 0x5d, 0x70, 0x8b, 0x8e, 
    0xc7, 0xc9, 0x60, 0x52, 0x73, 0xad, 0xd9, 0x13, 0x82, 0x41, 0x17, 0xb8, 0xf2, 
    0xdb, 0x79, 0xbe, 0xa5, 0xf7, 0x0f, 0x10, 0x25, 0xf9, 0x68, 0x9b, 0x14, 0x37, 
    0xd2, 0x42, 0xe4, 0x73, 0x31, 0x90, 0x74, 0x01, 0x7e, 0xf6, 0xdc, 0x41, 0x50, 
    0x1f, 0x50, 0xfa, 0xa6, 0x5f, 0x69, 0xff, 0xd8, 0x28, 0x12, 0x2f, 0xb8, 0x9d, 
    0x23, 0x19, 0x1b, 0x5b, 0x6e, 0x47, 0x1f, 0x48, 0x4c, 0x9c, 0xa8, 0xe0, 0x71, 
    0xf6, 0x8c, 0xc4, 0xdc, 0x9d, 0x7c, 0xb2, 0x26, 0xd2, 0x97, 0x7d, 0xf2, 0x09, 
    0x8d, 0x48, 0xe9, 0x04, 0xca, 0xa7, 0x91, 0x20, 0x01, 0x5a, 0x5e, 0x6c, 0x8c, 
    0xa2, 0xd7, 0xa8, 0x6f, 0x31, 0x8a, 0x14, 0xa7, 0xa1, 0xa4, 0x21, 0x31, 0x92, 
    0x2c, 0xf7, 0x9d, 0x09, 0x1c, 0x9a, 0x9c, 0x6a, 0xa6, 0x4c, 0x49, 0xe0, 0x50, 
    0xaa, 0xdd, 0x36, 0x27, 0xad, 0xf0, 0xe0, 0x07, 0x55, 0x2c, 0x82, 0x8e, 0xa8, 
    0xa4, 0xed, 0x92, 0xd6, 0x07, 0x4b, 0x5b, 0x50, 0x33, 0x29, 0x7c, 0x98, 0x6d, 
    0x73, 0x82, 0x61, 0x23, 0x20, 0xe2, 0xcd, 0xac, 0xbe, 0x0d, 0xb3, 0x64, 0x6a, 
    0x32, 0x64, 0x21, 0x0b, 0x39, 0x22, 0x32, 0xf8, 0x8d, 0x2b, 0x38, 0xf0, 0x98, 
    0x1a, 0x93, 0x2d, 0xb4, 0x20, 0x03, 0x0f, 0x3a, 0x9c, 0x30, 0xe7, 0xb2, 0xd4, 
    0x56, 0x6b, 0xed, 0xb5, 0xd8, 0x66, 0xab, 0xed, 0xb6, 0xdc, 0x76, 0xeb, 0xed, 
    0xb7, 0xe0, 0x86, 0x2b, 0xee, 0xb8, 0xe4, 0x96, 0x6b, 0xee, 0xb9, 0xe8, 0xa6, 
    0xdb, 0x53, 0x40, 0x00, 0x21, 0xf9, 0x04, 0x00, 0x01, 0x00, 0x00, 0x00, 0x2c, 
    0x00, 0x00, 0x00, 0x00, 0x50, 0x00, 0x50, 0x00, 0x87, 0x00, 0x00, 0x00, 0x00, 
    0x00, 0x00, 0x00, 0x00, 0x00, 0x00, 0x00, 0x00, 0x00, 0x00, 0x00, 0x00, 0x00, 
    0x00, 0x00, 0x00, 0x00, 0x00, 0x00, 0x00, 0x00, 0x00, 0x00, 0x00, 0x00, 0x00, 
    0x00, 0x00, 0x00, 0x00, 0x00, 0x00, 0x00, 0x00, 0x00, 0x00, 0x00, 0x00, 0x00, 
    0x00, 0x00, 0x00, 0x00, 0x00, 0x00, 0x00, 0x00, 0x00, 0x00, 0x00, 0x00, 0x00, 
    0x00, 0x00, 0x00, 0x00, 0x01, 0x01, 0x01, 0x01, 0x01, 0x01, 0x01, 0x01, 0x01, 
    0x01, 0x01, 0x01, 0x01, 0x01, 0x01, 0x01, 0x01, 0x01, 0x01, 0x01, 0x01, 0x01, 
    0x01, 0x01, 0x02, 0x02, 0x02, 0x03, 0x03, 0x03, 0x05, 0x05, 0x05, 0x09, 0x09, 
    0x09, 0x0e, 0x0e, 0x0e, 0x14, 0x14, 0x14, 0x16, 0x16, 0x16, 0x18, 0x18, 0x18, 
    0x1a, 0x1a, 0x1a, 0x1b, 0x1b, 0x1b, 0x1d, 0x1d, 0x1d, 0x1f, 0x1f, 0x1f, 0x21, 
    0x21, 0x21, 0x23, 0x23, 0x23, 0x25, 0x25, 0x25, 0x28, 0x28, 0x28, 0x29, 0x29, 
    0x29, 0x2b, 0x2b, 0x2b, 0x2d, 0x2d, 0x2d, 0x2f, 0x2f, 0x2f, 0x30, 0x30, 0x30, 
    0x31, 0x31, 0x31, 0x32, 0x32, 0x32, 0x33, 0x33, 0x33, 0x34, 0x34, 0x34, 0x36, 
    0x36, 0x36, 0x38, 0x38, 0x38, 0x3a, 0x3a, 0x3a, 0x3c, 0x3c, 0x3c, 0x3e, 0x3e, 
    0x3e, 0x3f, 0x3f, 0x3f, 0x41, 0x41, 0x41, 0x42, 0x42, 0x42, 0x44, 0x44, 0x44, 
    0x45, 0x45, 0x45, 0x46, 0x46, 0x46, 0x46, 0x46, 0x46, 0x47, 0x47, 0x47, 0x48, 
    0x48, 0x48, 0x49, 0x49, 0x49, 0x49, 0x49, 0x49, 0x4a, 0x4a, 0x4a, 0x4a, 0x4a, 
    0x4a, 0x4a, 0x4a, 0x4a, 0x4b, 0x4b, 0x4b, 0x4b, 0x4b, 0x4b, 0x4b, 0x4b, 0x4b, 
    0x4b, 0x4b, 0x4b, 0x4c, 0x4c, 0x4c, 0x4c, 0x4c, 0x4c, 0x4c, 0x4c, 0x4c, 0x4c, 
    0x4c, 0x4c, 0x4c, 0x4c, 0x4c, 0x4d, 0x4d, 0x4d, 0x4d, 0x4d, 0x4d, 0x4d, 0x4d, 
    0x4d, 0x4e, 0x4e, 0x4e, 0x4e, 0x4e, 0x4e, 0x4f, 0x4f, 0x4f, 0x50, 0x50, 0x50, 
    0x50, 0x50, 0x50, 0x51, 0x51, 0x51, 0x52, 0x52, 0x52, 0x53, 0x53, 0x53, 0x55, 
    0x55, 0x55, 0x56, 0x56, 0x56, 0x57, 0x57, 0x57, 0x59, 0x59, 0x59, 0x5b, 0x5b, 
    0x5b, 0x5d, 0x5d, 0x5d, 0x5f, 0x5f, 0x5f, 0x61, 0x61, 0x61, 0x64, 0x64, 0x64, 
    0x65, 0x65, 0x65, 0x66, 0x66, 0x66, 0x67, 0x67, 0x67, 0x68, 0x68, 0x68, 0x69, 
    0x69, 0x69, 0x6a, 0x6a, 0x6a, 0x6b, 0x6b, 0x6b, 0x6c, 0x6c, 0x6c, 0x6d, 0x6d, 
    0x6d, 0x6e, 0x6e, 0x6e, 0x6f, 0x6f, 0x6f, 0x70, 0x70, 0x70, 0x71, 0x71, 0x71, 
    0x72, 0x72, 0x72, 0x73, 0x73, 0x73, 0x74, 0x74, 0x74, 0x75, 0x75, 0x75, 0x76, 
    0x76, 0x76, 0x77, 0x77, 0x77, 0x78, 0x78, 0x78, 0x79, 0x79, 0x79, 0x7a, 0x7a, 
    0x7a, 0x7b, 0x7b, 0x7b, 0x7c, 0x7c, 0x7c, 0x7d, 0x7d, 0x7d, 0x7e, 0x7e, 0x7e, 
    0x7f, 0x7f, 0x7f, 0x80, 0x80, 0x80, 0x81, 0x81, 0x81, 0x82, 0x82, 0x82, 0x83, 
    0x83, 0x83, 0x84, 0x84, 0x84, 0x85, 0x85, 0x85, 0x86, 0x86, 0x86, 0x87, 0x87, 
    0x87, 0x88, 0x88, 0x88, 0x89, 0x89, 0x89, 0x8a, 0x8a, 0x8a, 0x8b, 0x8b, 0x8b, 
    0x8c, 0x8c, 0x8c, 0x8d, 0x8d, 0x8d, 0x8e, 0x8e, 0x8e, 0x8f, 0x8f, 0x8f, 0x90, 
    0x90, 0x90, 0x90, 0x90, 0x90, 0x91, 0x91, 0x91, 0x92, 0x92, 0x92, 0x93, 0x93, 
    0x93, 0x95, 0x95, 0x95, 0x96, 0x96, 0x96, 0x97, 0x97, 0x97, 0x9b, 0x9b, 0x9b, 
    0x9f, 0x9f, 0x9f, 0xa3, 0xa3, 0xa3, 0xa5, 0xa5, 0xa5, 0xa8, 0xa8, 0xa8, 0xaa, 
    0xaa, 0xaa, 0xad, 0xad, 0xad, 0xaf, 0xaf, 0xaf, 0xb0, 0xb0, 0xb0, 0xb1, 0xb1, 
    0xb1, 0xb2, 0xb2, 0xb2, 0xb2, 0xb2, 0xb2, 0xb2, 0xb2, 0xb2, 0xb2, 0xb2, 0xb2, 
    0xb3, 0xb3, 0xb3, 0xb3, 0xb3, 0xb3, 0xb3, 0xb3, 0xb3, 0xb3, 0xb3, 0xb3, 0xb3, 
    0xb3, 0xb3, 0xb3, 0xb3, 0xb3, 0xb3, 0xb3, 0xb3, 0xb3, 0xb3, 0xb3, 0xb3, 0xb3, 
    0xb3, 0xb3, 0xb3, 0xb3, 0xb4, 0xb4, 0xb4, 0xb4, 0xb4, 0xb4, 0xb4, 0xb4, 0xb4, 
    0xb4, 0xb4, 0xb4, 0xb4, 0xb4, 0xb4, 0xb4, 0xb4, 0xb4, 0xb4, 0xb4, 0xb4, 0xb4, 
    0xb4, 0xb4, 0xb4, 0xb4, 0xb4, 0xb4, 0xb4, 0xb4, 0xb4, 0xb4, 0xb4, 0xb5, 0xb5, 
    0xb5, 0xb5, 0xb5, 0xb5, 0xb5, 0xb5, 0xb5, 0xb5, 0xb5, 0xb5, 0xb6, 0xb6, 0xb6, 
    0xb6, 0xb6, 0xb6, 0xb6, 0xb6, 0xb6, 0xb8, 0xb8, 0xb8, 0xb9, 0xb9, 0xb9, 0xba, 
    0xba, 0xba, 0xbc, 0xbc, 0xbc, 0xbd, 0xbd, 0xbd, 0xbe, 0xbe, 0xbe, 0xbf, 0xbf, 
    0xbf, 0xbf, 0xbf, 0xbf, 0xc0, 0xc0, 0xc0, 0xc1, 0xc1, 0xc1, 0xc2, 0xc2, 0xc2, 
    0xc3, 0xc3, 0xc3, 0xc4, 0xc4, 0xc4, 0xc6, 0xc6, 0xc6, 0xc8, 0xc8, 0xc8, 0xca, 
    0xca, 0xca, 0xcc, 0xcc, 0xcc, 0xd0, 0xd0, 0xd0, 0xd4, 0xd4, 0xd4, 0xd8, 0xd8, 
    0xd8, 0xde, 0xde, 0xde, 0xe3, 0xe3, 0xe3, 0xe9, 0xe9, 0xe9, 0xee, 0xee, 0xee, 
    0xf2, 0xf2, 0xf2, 0xf4, 0xf4, 0xf4, 0xf6, 0xf6, 0xf6, 0xf8, 0xf8, 0xf8, 0xf9, 
    0xf9, 0xf9, 0xfa, 0xfa, 0xfa, 0xfb, 0xfb, 0xfb, 0xfc, 0xfc, 0xfc, 0xfc, 0xfc, 
    0xfc, 0xfc, 0xfc, 0xfc, 0xfc, 0xfc, 0xfc, 0xfc, 0xfc, 0xfc, 0xfc, 0xfc, 0xfc, 
    0xfc, 0xfc, 0xfc, 0xfc, 0xfc, 0xfc, 0xfd, 0xfd, 0xfd, 0xfd, 0xfd, 0xfd, 0xfd, 
    0xfd, 0xfd, 0xfe, 0xfe, 0xfe, 0xfe, 0xfe, 0xfe, 0xfe, 0xfe, 0xfe, 0xfe, 0xfe, 
    0xfe, 0xfe, 0xfe, 0xfe, 0xfe, 0xfe, 0xfe, 0xfe, 0xfe, 0xfe, 0xfe, 0xfe, 0xfe, 
    0xfe, 0xfe, 0xfe, 0xfe, 0xfe, 0xfe, 0xfe, 0xfe, 0xfe, 0xfe, 0xfe, 0xfe, 0xfe, 
    0xfe, 0xfe, 0xfe, 0xfe, 0xfe, 0xfe, 0xfe, 0xfe, 0xfe, 0xfe, 0xfe, 0xfe, 0xfe, 
    0xfe, 0xfe, 0xfe, 0xfe, 0xfe, 0xfe, 0xfe, 0xfe, 0xfe, 0xfe, 0x08, 0xfe, 0x00, 
    0x15, 0x08, 0x1c, 0x48, 0xb0, 0xa0, 0xc1, 0x83, 0x08, 0x13, 0x2a, 0x5c, 0xc8, 
    0xb0, 0xa1, 0xc3, 0x87, 0x10, 0x23, 0x4a, 0x9c, 0x48, 0xb1, 0xa2, 0xc5, 0x8b, 
    0x18, 0x33, 0x6a, 0xdc, 0xc8, 0xb1, 0xa3, 0xc7, 0x8f, 0x20, 0x43, 0x8a, 0x1c, 
    0x49, 0xb2, 0xa4, 0xc9, 0x8e, 0xb5, 0x0c, 0xa6, 0x1c, 0xb8, 0xf2, 0xe4, 0xc4, 
    0x5a, 0x30, 0x61, 0x0a, 0x6c, 0x39, 0x73, 0x66, 0xcc, 0x98, 0x09, 0x69, 0xba, 
    0x2c, 0xb8, 0xf2, 0xa6, 0x4c, 0x9d, 0x0a, 0x80, 0xf2, 0x14, 0xba, 0x33, 0x28, 
    0xc1, 0x9e, 0x2c, 0x83, 0xfa, 0x6c, 0xa9, 0x93, 0xe8, 0x4e, 0x9a, 0x48, 0x8d, 
    0x1a, 0x4d, 0x49, 0x35, 0xe9, 0xd1, 0xa2, 0x07, 0xa1, 0xd6, 0x94, 0xa9, 0xd4, 
    0x67, 0x57, 0xae, 0x52, 0xb1, 0x5e, 0xb5, 0x1a, 0x55, 0x61, 0x53, 0xb1, 0x43, 
    0xab, 0xd6, 0x9c, 0xba, 0x94, 0x29, 0x4f, 0xb4, 0x36, 0xc7, 0x4a, 0xd5, 0x1a, 
    0x36, 0x2b, 0x5c, 0x95, 0x63, 0xab, 0x22, 0x75, 0x7a, 0xf7, 0x6d, 0xdc, 0xad, 
    0x5f, 0xeb, 0xf6, 0x1d, 0x4c, 0xb8, 0xb0, 0x61, 0x93, 0x20, 0x30, 0x4d, 0xdb, 
    0xb6, 0x0d, 0x5c, 0xb9, 0x6d, 0xd3, 0xc2, 0x98, 0x38, 0xdc, 0xd0, 0x43, 0xa7, 
    0x7a, 0xff, 0x32, 0x6b, 0xde, 0xfc, 0xaf, 0xde, 0xb5, 0x3e, 0x1e, 0x28, 0x1f, 
    0x24, 0xc5, 0xb9, 0xb4, 0xe9, 0x6a, 0x20, 0x44, 0x0b, 0x1c, 0xa1, 0xce, 0xb4, 
    0x6b, 0xce, 0xf5, 0x1c, 0x89, 0x06, 0xa3, 0xb9, 0x1e, 0x66, 0xd8, 0xb7, 0x37, 
    0xdb, 0xd6, 0x4c, 0xea, 0x30, 0xa9, 0xdc, 0xaf, 0x83, 0x6b, 0x2e, 0x54, 0x38, 
    0x5b, 0x69, 0xe0, 0xb5, 0x4d, 0x23, 0x47, 0x33, 0xd8, 0xb8, 0xf0, 0xe7, 0xa5, 
    0x81, 0xdc, 0x8d, 0x06, 0xbd, 0xba, 0x6e, 0x15, 0x68, 0x77, 0x20, 0xb7, 0xfe, 
    0xbc, 0x9c, 0xd8, 0x0f, 0xdb, 0xb9, 0xfe, 0x0b, 0xaf, 0xf7, 0x01, 0x2b, 0x37, 
    0xf1, 0xe2, 0xb1, 0x61, 0xfd, 0x94, 0x79, 0x37, 0xee, 0xe3, 0xdb, 0xdd, 0x67, 
    0xde, 0x56, 0x69, 0x72, 0x51, 0x1a, 0xe8, 0x83, 0xd7, 0x53, 0xf7, 0xec, 0xc6, 
    0xdd, 0x72, 0xba, 0x29, 0x27, 0x60, 0x7b, 0xdd, 0x08, 0x32, 0x99, 0x07, 0x20, 
    0xb0, 0x81, 0x8d, 0x6d, 0x0c, 0x62, 0x67, 0x12, 0x69, 0xf9, 0xd9, 0x86, 0x4d, 
    0x24, 0xa9, 0x8d, 0x20, 0x48, 0x36, 0xad, 0xb9, 0xe6, 0x5d, 0x49, 0x30, 0x70, 
    0x57, 0x4f, 0x37, 0x97, 0x00, 0xa1, 0x42, 0x68, 0x1e, 0x68, 0x52, 0x4e, 0x78, 
    0xa6, 0xa5, 0x46, 0x52, 0x37, 0xd0, 0x75, 0xf3, 0x09, 0x0a, 0x05, 0x79, 0x50, 
    0x0d, 0x8a, 0xaf, 0x21, 0x42, 0x12, 0x0e, 0xfa, 0x69, 0x83, 0x43, 0x68, 0x06, 
    0x5d, 0x42, 0x63, 0x70, 0xd9, 0x90, 0x04, 0xce, 0x6b, 0xdd, 0xd8, 0x67, 0x10, 
    0x28, 0x3f, 0x0a, 0x07, 0xce, 0x48, 0x40, 0xc4, 0x57, 0x8f, 0x21, 0x08, 0xf9, 
    0x58, 0x9b, 0x93, 0xf0, 0xb5, 0x37, 0xd2, 0x37, 0xae, 0x59, 0x73, 0x90, 0x94, 
    0xf9, 0xc1, 0x26, 0x92, 0x13, 0x9d, 0x9d, 0x56, 0xd0, 0x24, 0xf2, 0x05, 0x78, 
    0xdc, 0x80, 0xdd, 0x88, 0x34, 0xa4, 0x6b, 0xf5, 0x0c, 0xd4, 0x03, 0x80, 0x5d, 
    0xba, 0x16, 0x24, 0x48, 0xd1, 0xfc, 0x08, 0x4e, 0x9d, 0x71, 0x06, 0x57, 0x0d, 
    0x48, 0x72, 0xe4, 0xe9, 0xe7, 0x3f, 0x9c, 0x7c, 0x44, 0x43, 0x92, 0x7f, 0x0a, 
    0xc7, 0x82, 0x47, 0xe0, 0x15, 0x9a, 0x27, 0x8f, 0x1c, 0x5d, 0xa3, 0x1b, 0x95, 
    0xef, 0x45, 0xfa, 0x68, 0x95, 0xd7, 0x7c, 0x44, 0xa8, 0xa2, 0x6c, 0xaa, 0xd8, 
    0x91, 0xa3, 0x66, 0xc2, 0x36, 0xa0, 0xa7, 0x67, 0x1e, 0x57, 0xe9, 0x47, 0x20, 
    0x5c, 0x8a, 0xe9, 0x66, 0xea, 0x88, 0x64, 0x86, 0xa9, 0xa7, 0x96, 0xc3, 0x68, 
    0x48, 0x5d, 0x2a, 0x94, 0x17, 0x02, 0x17, 0x99, 0xc0, 0x79, 0xea, 0x66, 0xd9, 
    0xbc, 0xea, 0xd2, 0x07, 0x7a, 0x2c, 0x78, 0xaa, 0x37, 0x36, 0x10, 0x06, 0xc3, 
    0x26, 0xe7, 0xc5, 0xf9, 0x21, 0x0c, 0xa2, 0x79, 0xe0, 0x84, 0x26, 0xd7, 0x9c, 
    0x58, 0xa5, 0x66, 0xe5, 0x58, 0x33, 0x09, 0x8c, 0xaa, 0x19, 0xe4, 0x81, 0x0a, 
    0x5f, 0x08, 0x73, 0x0c, 0x33, 0xd3, 0x3c, 0xc3, 0x09, 0x18, 0x35, 0x94, 0x57, 
    0xed, 0xb8, 0xe4, 0x96, 0x6b, 0xee, 0xb9, 0xe8, 0xa6, 0xab, 0xee, 0xba, 0xec, 
    0xb6, 0xeb, 0xee, 0xbb, 0xf0, 0xc6, 0x2b, 0xef, 0xbc, 0xf4, 0xd6, 0x6b, 0xef, 
    0xbd, 0xeb, 0x06, 0x04, 0x00, 0x21, 0xf9, 0x04, 0x00, 0x01, 0x00, 0x00, 0x00, 
    0x2c, 0x00, 0x00, 0x00, 0x00, 0x50, 0x00, 0x50, 0x00, 0x87, 0x00, 0x00, 0x00, 
    0x00, 0x00, 0x00, 0x00, 0x00, 0x00, 0x00, 0x00, 0x00, 0x00, 0x00, 0x00, 0x00, 
    0x00, 0x00, 0x00, 0x00, 0x00, 0x00, 0x00, 0x00, 0x00, 0x00, 0x00, 0x00, 0x00, 
    0x00, 0x00, 0x00, 0x00, 0x00, 0x00, 0x00, 0x00, 0x00, 0x00, 0x00, 0x00, 0x00, 
    0x00, 0x00, 0x00, 0x00, 0x00, 0x00, 0x00, 0x00, 0x00, 0x00, 0x00, 0x00, 0x00, 
    0x00, 0x00, 0x00, 0x00, 0x00, 0x00, 0x00, 0x00, 0x00, 0x00, 0x00, 0x00, 0x00, 
    0x00, 0x01, 0x01, 0x01, 0x02, 0x02, 0x02, 0x03, 0x03, 0x03, 0x03, 0x03, 0x03, 
    0x03, 0x03, 0x03, 0x03, 0x03, 0x03, 0x03, 0x03, 0x03, 0x04, 0x04, 0x04, 0x06, 
    0x06, 0x06, 0x07, 0x07, 0x07, 0x0a, 0x0a, 0x0a, 0x0b, 0x0b, 0x0b, 0x0b, 0x0b, 
    0x0b, 0x0c, 0x0c, 0x0c, 0x0d, 0x0d, 0x0d, 0x0e, 0x0e, 0x0e, 0x0f, 0x0f, 0x0f, 
    0x11, 0x11, 0x11, 0x12, 0x12, 0x12, 0x14, 0x14, 0x14, 0x16, 0x16, 0x16, 0x17, 
    0x17, 0x17, 0x19, 0x19, 0x19, 0x1a, 0x1a, 0x1a, 0x1c, 0x1c, 0x1c, 0x20, 0x20, 
    0x20, 0x23, 0x23, 0x23, 0x26, 0x26, 0x26, 0x2a, 0x2a, 0x2a, 0x2d, 0x2d, 0x2d, 
    0x30, 0x30, 0x30, 0x35, 0x35, 0x35, 0x37, 0x37, 0x37, 0x38, 0x38, 0x38, 0x39, 
    0x39, 0x39, 0x3a, 0x3a, 0x3a, 0x3b, 0x3b, 0x3b, 0x3c, 0x3c, 0x3c, 0x3d, 0x3d, 
    0x3d, 0x3e, 0x3e, 0x3e, 0x3f, 0x3f, 0x3f, 0x40, 0x40, 0x40, 0x41, 0x41, 0x41, 
    0x42, 0x42, 0x42, 0x43, 0x43, 0x43, 0x44, 0x44, 0x44, 0x45, 0x45, 0x45, 0x47, 
    0x47, 0x47, 0x49, 0x49, 0x49, 0x4a, 0x4a, 0x4a, 0x4b, 0x4b, 0x4b, 0x4c, 0x4c, 
    0x4c, 0x4d, 0x4d, 0x4d, 0x4e, 0x4e, 0x4e, 0x4f, 0x4f, 0x4f, 0x4f, 0x4f, 0x4f, 
    0x50, 0x50, 0x50, 0x50, 0x50, 0x50, 0x51, 0x51, 0x51, 0x52, 0x52, 0x52, 0x52, 
    0x52, 0x52, 0x53, 0x53, 0x53, 0x53, 0x53, 0x53, 0x54, 0x54, 0x54, 0x54, 0x54, 
    0x54, 0x55, 0x55, 0x55, 0x56, 0x56, 0x56, 0x57, 0x57, 0x57, 0x58, 0x58, 0x58, 
    0x59, 0x59, 0x59, 0x5a, 0x5a, 0x5a, 0x5c, 0x5c, 0x5c, 0x5e, 0x5e, 0x5e, 0x60, 
    0x60, 0x60, 0x61, 0x61, 0x61, 0x62, 0x62, 0x62, 0x63, 0x63, 0x63, 0x63, 0x63, 
    0x63, 0x64, 0x64, 0x64, 0x65, 0x65, 0x65, 0x66, 0x66, 0x66, 0x68, 0x68, 0x68, 
    0x69, 0x69, 0x69, 0x6a, 0x6a, 0x6a, 0x6b, 0x6b, 0x6b, 0x6c, 0x6c, 0x6c, 0x6d, 
    0x6d, 0x6d, 0x6e, 0x6e, 0x6e, 0x6f, 0x6f, 0x6f, 0x70, 0x70, 0x70, 0x71, 0x71, 
    0x71, 0x72, 0x72, 0x72, 0x73, 0x73, 0x73, 0x74, 0x74, 0x74, 0x75, 0x75, 0x75, 
    0x76, 0x76, 0x76, 0x77, 0x77, 0x77, 0x78, 0x78, 0x78, 0x79, 0x79, 0x79, 0x7a, 
    0x7a, 0x7a, 0x7a, 0x7a, 0x7a, 0x7b, 0x7b, 0x7b, 0x7c, 0x7c, 0x7c, 0x7d, 0x7d, 
    0x7d, 0x80, 0x80, 0x80, 0x83, 0x83, 0x83, 0x87, 0x87, 0x87, 0x8a, 0x8a, 0x8a, 
    0x8d, 0x8d, 0x8d, 0x8f, 0x8f, 0x8f, 0x91, 0x91, 0x91, 0x93, 0x93, 0x93, 0x95, 
    0x95, 0x95, 0x96, 0x96, 0x96, 0x98, 0x98, 0x98, 0x99, 0x99, 0x99, 0x99, 0x99, 
    0x99, 0x9a, 0x9a, 0x9a, 0x9a, 0x9a, 0x9a, 0x9a, 0x9a, 0x9a, 0x9a, 0x9a, 0x9a, 
    0x9a, 0x9a, 0x9a, 0x9a, 0x9a, 0x9a, 0x9a, 0x9a, 0x9a, 0x9a, 0x9a, 0x9a, 0x9a, 
    0x9a, 0x9a, 0x9a, 0x9a, 0x9a, 0x9a, 0x9a, 0x9a, 0x9a, 0x9a, 0x9a, 0x9a, 0x9a, 
    0x9a, 0x9a, 0x9a, 0x9a, 0x9a, 0x9a, 0x9a, 0x9b, 0x9b, 0x9b, 0x9b, 0x9b, 0x9b, 
    0x9b, 0x9b, 0x9b, 0x9b, 0x9b, 0x9b, 0x9b, 0x9b, 0x9b, 0x9b, 0x9b, 0x9b, 0x9b, 
    0x9b, 0x9b, 0x9b, 0x9b, 0x9b, 0x9b, 0x9b, 0x9b, 0x9b, 0x9b, 0x9b, 0x9b, 0x9b, 
    0x9b, 0x9b, 0x9b, 0x9b, 0x9b, 0x9b, 0x9b, 0x9b, 0x9b, 0x9b, 0x9b, 0x9b, 0x9b, 
    0x9c, 0x9c, 0x9c, 0x9d, 0x9d, 0x9d, 0x9e, 0x9e, 0x9e, 0x9f, 0x9f, 0x9f, 0xa0, 
    0xa0, 0xa0, 0xa2, 0xa2, 0xa2, 0xa3, 0xa3, 0xa3, 0xa5, 0xa5, 0xa5, 0xa8, 0xa8, 
    0xa8, 0xaa, 0xaa, 0xaa, 0xad, 0xad, 0xad, 0xb0, 0xb0, 0xb0, 0xb2, 0xb2, 0xb2, 
    0xb5, 0xb5, 0xb5, 0xb8, 0xb8, 0xb8, 0xb9, 0xb9, 0xb9, 0xba, 0xba, 0xba, 0xbb, 
    0xbb, 0xbb, 0xbc, 0xbc, 0xbc, 0xbd, 0xbd, 0xbd, 0xbe, 0xbe, 0xbe, 0xc1, 0xc1, 
    0xc1, 0xc4, 0xc4, 0xc4, 0xc7, 0xc7, 0xc7, 0xca, 0xca, 0xca, 0xcd, 0xcd, 0xcd, 
    0xcf, 0xcf, 0xcf, 0xd1, 0xd1, 0xd1, 0xd3, 0xd3, 0xd3, 0xd5, 0xd5, 0xd5, 0xd7, 
    0xd7, 0xd7, 0xd9, 0xd9, 0xd9, 0xda, 0xda, 0xda, 0xdb, 0xdb, 0xdb, 0xdc, 0xdc, 
    0xdc, 0xdd, 0xdd, 0xdd, 0xde, 0xde, 0xde, 0xdf, 0xdf, 0xdf, 0xe0, 0xe0, 0xe0, 
    0xe2, 0xe2, 0xe2, 0xe3, 0xe3, 0xe3, 0xe7, 0xe7, 0xe7, 0xeb, 0xeb, 0xeb, 0xee, 
    0xee, 0xee, 0xf1, 0xf1, 0xf1, 0xf3, 0xf3, 0xf3, 0xf6, 0xf6, 0xf6, 0xf7, 0xf7, 
    0xf7, 0xf9, 0xf9, 0xf9, 0xfa, 0xfa, 0xfa, 0xfa, 0xfa, 0xfa, 0xfb, 0xfb, 0xfb, 
    0xfb, 0xfb, 0xfb, 0xfb, 0xfb, 0xfb, 0xfc, 0xfc, 0xfc, 0xfc, 0xfc, 0xfc, 0xfc, 
    0xfc, 0xfc, 0xfc, 0xfc, 0xfc, 0xfd, 0xfd, 0xfd, 0xfd, 0xfd, 0xfd, 0xfd, 0xfd, 
    0xfd, 0xfd, 0xfd, 0xfd, 0xfd, 0xfd, 0xfd, 0xfd, 0xfd, 0xfd, 0xfd, 0xfd, 0xfd, 
    0xfd, 0xfd, 0xfd, 0xfd, 0xfd, 0xfd, 0xfd, 0xfd, 0xfd, 0xfe, 0xfe, 0xfe, 0xfe, 
    0xfe, 0xfe, 0xfe, 0xfe, 0xfe, 0xfe, 0xfe, 0xfe, 0xfe, 0xfe, 0xfe, 0xfe, 0xfe, 
    0xfe, 0xfe, 0xfe, 0xfe, 0xfe, 0xfe, 0xfe, 0xfe, 0xfe, 0xfe, 0xfe, 0xfe, 0xfe, 
    0xfe, 0xfe, 0xfe, 0xfe, 0xfe, 0xfe, 0xfe, 0xfe, 0xfe, 0xfe, 0xfe, 0xfe, 0xfe, 
    0xfe, 0xfe, 0xfe, 0xfe, 0xfe, 0xfe, 0xfe, 0xfe, 0xfe, 0xfe, 0xfe, 0x08, 0xfe, 
    0x00, 0x17, 0x08, 0x1c, 0x48, 0xb0, 0xa0, 0xc1, 0x83, 0x08, 0x13, 0x2a, 0x5c, 
    0xc8, 0xb0, 0xa1, 0xc3, 0x87, 0x10, 0x23, 0x4a, 0x9c, 0x48, 0xb1, 0xa2, 0xc5, 
    0x8b, 0x18, 0x33, 0x6a, 0xdc, 0xc8, 0xb1, 0xa3, 0xc7, 0x8f, 0x20, 0x43, 0x8a, 
    0x1c, 0x49, 0x12, 0xa3, 0x28, 0x83, 0x27, 0x07, 0xa6, 0x2c, 0x59, 0x51, 0x94, 
    0x4b, 0x97, 0x02, 0x57, 0xc6, 0x8c, 0xf9, 0xf2, 0x65, 0x42, 0x99, 0x2c, 0x0f, 
    0xa6, 0xac, 0x09, 0x13, 0xe7, 0x02, 0x9f, 0x05, 0x61, 0xe6, 0xbc, 0x49, 0x70, 
    0xa7, 0xca, 0x9f, 0x3c, 0x57, 0xe2, 0x04, 0x3a, 0x74, 0xe6, 0xd1, 0x9f, 0x4e, 
    0x4f, 0x4a, 0x85, 0xea, 0xf4, 0x69, 0x53, 0x94, 0x45, 0x67, 0x0a, 0x4d, 0x2a, 
    0xb5, 0xa6, 0xd5, 0xab, 0x59, 0x9f, 0x1a, 0x5d, 0xb8, 0x14, 0x2c, 0xca, 0x9e, 
    0x62, 0x91, 0x26, 0xfd, 0x4a, 0xd5, 0x2c, 0xd2, 0xb0, 0x54, 0x65, 0x8e, 0x45, 
    0xc8, 0xd4, 0xac, 0x5c, 0xad, 0x71, 0xdb, 0xba, 0x6d, 0xa8, 0x54, 0x29, 0x54, 
    0xaf, 0x75, 0xf7, 0x0a, 0x1e, 0x4c, 0xb8, 0xb0, 0xe1, 0xc3, 0x13, 0x3d, 0x88, 
    0xe2, 0x66, 0xef, 0x9f, 0x63, 0xc7, 0xf6, 0xa8, 0xd1, 0x92, 0x81, 0x98, 0xe1, 
    0x14, 0x71, 0x8d, 0x1f, 0x6b, 0xd6, 0x6c, 0xef, 0x1a, 0x9b, 0xca, 0x06, 0x6f, 
    0x88, 0xdb, 0x4c, 0xba, 0xb4, 0x3d, 0x42, 0xa0, 0x05, 0xba, 0xca, 0x5c, 0xba, 
    0xb5, 0xe6, 0x74, 0x20, 0x2a, 0x4f, 0x7b, 0x6c, 0x8f, 0x35, 0x6d, 0xdb, 0x90, 
    0x59, 0xdb, 0x8b, 0x5d, 0x18, 0xc4, 0x68, 0xd7, 0xc0, 0x49, 0x7b, 0x2b, 0xdc, 
    0x02, 0xf7, 0x3f, 0xe3, 0xc7, 0x4d, 0x6f, 0xd6, 0x36, 0x18, 0x05, 0xf2, 0xe0, 
    0xd0, 0xab, 0x09, 0x4e, 0x07, 0xbd, 0x7a, 0xe9, 0x63, 0x6e, 0x95, 0x59, 0xdf, 
    0xbe, 0xf9, 0x86, 0x87, 0xab, 0x72, 0xb8, 0xfe, 0x8b, 0x77, 0xac, 0xea, 0xaa, 
    0xf3, 0xf1, 0xdb, 0xed, 0xa5, 0x03, 0xfb, 0xbb, 0x36, 0x69, 0xf7, 0x9b, 0xe1, 
    0x73, 0xce, 0xdc, 0xd8, 0x5a, 0x20, 0xca, 0x57, 0x8b, 0xa1, 0x77, 0x6d, 0x4f, 
    0x9c, 0xaf, 0x19, 0x04, 0xf1, 0x96, 0xd3, 0x0b, 0xb6, 0x21, 0x67, 0x20, 0x6d, 
    0xd8, 0x00, 0xa2, 0xc2, 0x02, 0x1e, 0xa8, 0x00, 0x07, 0x35, 0xee, 0xd5, 0xf6, 
    0x4b, 0x4e, 0xbf, 0x89, 0x57, 0x9b, 0x3d, 0xd3, 0xec, 0x51, 0xc2, 0x02, 0x2f, 
    0x08, 0x52, 0xcd, 0x73, 0x8e, 0xbd, 0x50, 0xd2, 0x2f, 0xdc, 0x75, 0x46, 0x88, 
    0x0d, 0x2a, 0x7c, 0xe7, 0x81, 0x2b, 0x98, 0x59, 0x77, 0x0b, 0x49, 0x1e, 0x80, 
    0xa8, 0xd9, 0x35, 0x89, 0xb4, 0x50, 0x90, 0x07, 0xc7, 0xc8, 0x58, 0x1a, 0x73, 
    0x23, 0x25, 0x03, 0x5c, 0x64, 0x35, 0x7c, 0x67, 0x50, 0x22, 0x3a, 0xb6, 0x66, 
    0xcf, 0x48, 0x20, 0x00, 0x47, 0xcd, 0x86, 0x07, 0xd1, 0x52, 0x24, 0x70, 0x4c, 
    0x82, 0xc4, 0x8c, 0x71, 0xb5, 0x29, 0x81, 0x10, 0x21, 0xba, 0x51, 0xa9, 0xe5, 
    0x63, 0x35, 0x84, 0x14, 0x63, 0x6b, 0x86, 0x1c, 0x04, 0xc8, 0x93, 0xd5, 0xa1, 
    0x10, 0x92, 0x34, 0xc9, 0x91, 0x86, 0x45, 0x41, 0xaa, 0xc8, 0xc7, 0x99, 0x72, 
    0xef, 0x3d, 0x26, 0xa4, 0x47, 0x2a, 0x00, 0x17, 0xcd, 0x40, 0x3c, 0x78, 0xb3, 
    0x1f, 0x7f, 0x73, 0x76, 0x44, 0x1d, 0x7f, 0xd5, 0x24, 0xf2, 0xe7, 0x9e, 0x46, 
    0x82, 0x34, 0x1b, 0xa1, 0x88, 0x1e, 0xe9, 0xd1, 0x2d, 0x88, 0x36, 0x7a, 0x67, 
    0x47, 0x67, 0x34, 0xda, 0x68, 0x20, 0x1e, 0x15, 0xb8, 0x65, 0x7c, 0x97, 0xce, 
    0xf7, 0x5e, 0x66, 0x7d, 0x66, 0x54, 0x83, 0xa4, 0x88, 0x12, 0xe3, 0xd1, 0x97, 
    0x6f, 0xc6, 0x69, 0x6a, 0x7c, 0x70, 0x62, 0xda, 0xa9, 0x46, 0xd4, 0x80, 0xba, 
    0x1f, 0x18, 0x67, 0x20, 0x79, 0x30, 0xa8, 0xab, 0xd6, 0x1d, 0x32, 0x12, 0x19, 
    0x87, 0xdc, 0x40, 0x43, 0x22, 0xca, 0x68, 0x43, 0xab, 0x69, 0x82, 0x80, 0x55, 
    0x42, 0x20, 0xd8, 0x90, 0x99, 0x1e, 0x35, 0x36, 0x0a, 0x66, 0xc3, 0x2f, 0xde, 
    0x34, 0x66, 0x6c, 0x69, 0xcc, 0x98, 0x89, 0xd8, 0x19, 0xd3, 0xf8, 0xea, 0x66, 
    0x6e, 0xa4, 0x69, 0x53, 0x4c, 0x90, 0xa9, 0x11, 0xe4, 0x01, 0x13, 0xbb, 0x50, 
    0x93, 0xce, 0x85, 0xea, 0x4d, 0x53, 0x0c, 0x20, 0x38, 0xac, 0xda, 0xed, 0xba, 
    0xec, 0xb6, 0xeb, 0xee, 0xbb, 0xf0, 0xc6, 0x2b, 0xef, 0xbc, 0xf4, 0xd6, 0x6b, 
    0xef, 0xbd, 0xf8, 0xe6, 0xab, 0xef, 0xbe, 0xfc, 0xf6, 0xeb, 0xef, 0xbf, 0xec, 
    0x06, 0x04, 0x00, 0x21, 0xf9, 0x04, 0x00, 0x01, 0x00, 0x00, 0x00, 0x2c, 0x00, 
    0x00, 0x00, 0x00, 0x50, 0x00, 0x50, 0x00, 0x87, 0x00, 0x00, 0x00, 0x00, 0x00, 
    0x00, 0x00, 0x00, 0x00, 0x00, 0x00, 0x00, 0x00, 0x00, 0x00, 0x00, 0x00, 0x00, 
    0x00, 0x00, 0x00, 0x00, 0x00, 0x00, 0x00, 0x00, 0x00, 0x00, 0x00, 0x00, 0x00, 
    0x00, 0x00, 0x00, 0x00, 0x00, 0x00, 0x00, 0x00, 0x00, 0x00, 0x00, 0x00, 0x00, 
    0x00, 0x00, 0x00, 0x00, 0x00, 0x00, 0x00, 0x00, 0x00, 0x00, 0x00, 0x00, 0x00, 
    0x00, 0x00, 0x00, 0x00, 0x00, 0x00, 0x00, 0x00, 0x00, 0x00, 0x00, 0x00, 0x02, 
    0x02, 0x02, 0x04, 0x04, 0x04, 0x06, 0x06, 0x06, 0x06, 0x06, 0x06, 0x06, 0x06, 
    0x06, 0x06, 0x06, 0x06, 0x07, 0x07, 0x07, 0x08, 0x08, 0x08, 0x0a, 0x0a, 0x0a, 
    0x0b, 0x0b, 0x0b, 0x0d, 0x0d, 0x0d, 0x0d, 0x0d, 0x0d, 0x0d, 0x0d, 0x0d, 0x0e, 
    0x0e, 0x0e, 0x0f, 0x0f, 0x0f, 0x10, 0x10, 0x10, 0x12, 0x12, 0x12, 0x13, 0x13, 
    0x13, 0x14, 0x14, 0x14, 0x15, 0x15, 0x15, 0x16, 0x16, 0x16, 0x18, 0x18, 0x18, 
    0x19, 0x19, 0x19, 0x1a, 0x1a, 0x1a, 0x1c, 0x1c, 0x1c, 0x1f, 0x1f, 0x1f, 0x22, 
    0x22, 0x22, 0x25, 0x25, 0x25, 0x28, 0x28, 0x28, 0x2b, 0x2b, 0x2b, 0x2e, 0x2e, 
    0x2e, 0x32, 0x32, 0x32, 0x37, 0x37, 0x37, 0x38, 0x38, 0x38, 0x39, 0x39, 0x39, 
    0x3a, 0x3a, 0x3a, 0x3b, 0x3b, 0x3b, 0x3c, 0x3c, 0x3c, 0x3d, 0x3d, 0x3d, 0x3e, 
    0x3e, 0x3e, 0x3f, 0x3f, 0x3f, 0x40, 0x40, 0x40, 0x41, 0x41, 0x41, 0x42, 0x42, 
    0x42, 0x43, 0x43, 0x43, 0x44, 0x44, 0x44, 0x45, 0x45, 0x45, 0x47, 0x47, 0x47, 
    0x49, 0x49, 0x49, 0x4a, 0x4a, 0x4a, 0x4b, 0x4b, 0x4b, 0x4c, 0x4c, 0x4c, 0x4d, 
    0x4d, 0x4d, 0x4e, 0x4e, 0x4e, 0x4f, 0x4f, 0x4f, 0x4f, 0x4f, 0x4f, 0x50, 0x50, 
    0x50, 0x50, 0x50, 0x50, 0x51, 0x51, 0x51, 0x52, 0x52, 0x52, 0x52, 0x52, 0x52, 
    0x53, 0x53, 0x53, 0x53, 0x53, 0x53, 0x54, 0x54, 0x54, 0x54, 0x54, 0x54, 0x55, 
    0x55, 0x55, 0x56, 0x56, 0x56, 0x57, 0x57, 0x57, 0x58, 0x58, 0x58, 0x59, 0x59, 
    0x59, 0x5a, 0x5a, 0x5a, 0x5c, 0x5c, 0x5c, 0x5e, 0x5e, 0x5e, 0x60, 0x60, 0x60, 
    0x61, 0x61, 0x61, 0x62, 0x62, 0x62, 0x63, 0x63, 0x63, 0x63, 0x63, 0x63, 0x64, 
    0x64, 0x64, 0x67, 0x67, 0x67, 0x69, 0x69, 0x69, 0x6c, 0x6c, 0x6c, 0x6f, 0x6f, 
    0x6f, 0x71, 0x71, 0x71, 0x73, 0x73, 0x73, 0x75, 0x75, 0x75, 0x77, 0x77, 0x77, 
    0x78, 0x78, 0x78, 0x7a, 0x7a, 0x7a, 0x7b, 0x7b, 0x7b, 0x7d, 0x7d, 0x7d, 0x7e, 
    0x7e, 0x7e, 0x7f, 0x7f, 0x7f, 0x80, 0x80, 0x80, 0x81, 0x81, 0x81, 0x81, 0x81, 
    0x81, 0x81, 0x81, 0x81, 0x81, 0x81, 0x81, 0x81, 0x81, 0x81, 0x81, 0x81, 0x81, 
    0x81, 0x81, 0x81, 0x81, 0x81, 0x81, 0x81, 0x81, 0x81, 0x81, 0x81, 0x81, 0x81, 
    0x81, 0x81, 0x81, 0x81, 0x81, 0x81, 0x81, 0x81, 0x82, 0x82, 0x82, 0x82, 0x82, 
    0x82, 0x82, 0x82, 0x82, 0x82, 0x82, 0x82, 0x82, 0x82, 0x82, 0x82, 0x82, 0x82, 
    0x82, 0x82, 0x82, 0x82, 0x82, 0x82, 0x82, 0x82, 0x82, 0x82, 0x82, 0x82, 0x82, 
    0x82, 0x82, 0x82, 0x82, 0x82, 0x82, 0x82, 0x82, 0x83, 0x83, 0x83, 0x84, 0x84, 
    0x84, 0x85, 0x85, 0x85, 0x86, 0x86, 0x86, 0x87, 0x87, 0x87, 0x89, 0x89, 0x89, 
    0x8a, 0x8a, 0x8a, 0x8c, 0x8c, 0x8c, 0x8d, 0x8d, 0x8d, 0x8f, 0x8f, 0x8f, 0x90, 
    0x90, 0x90, 0x92, 0x92, 0x92, 0x94, 0x94, 0x94, 0x97, 0x97, 0x97, 0x99, 0x99, 
    0x99, 0x9c, 0x9c, 0x9c, 0x9f, 0x9f, 0x9f, 0xa0, 0xa0, 0xa0, 0xa1, 0xa1, 0xa1, 
    0xa2, 0xa2, 0xa2, 0xa3, 0xa3, 0xa3, 0xa4, 0xa4, 0xa4, 0xa5, 0xa5, 0xa5, 0xa6, 
    0xa6, 0xa6, 0xa7, 0xa7, 0xa7, 0xa8, 0xa8, 0xa8, 0xa9, 0xa9, 0xa9, 0xaa, 0xaa, 
    0xaa, 0xab, 0xab, 0xab, 0xac, 0xac, 0xac, 0xad, 0xad, 0xad, 0xae, 0xae, 0xae, 
    0xaf, 0xaf, 0xaf, 0xb0, 0xb0, 0xb0, 0xb1, 0xb1, 0xb1, 0xb2, 0xb2, 0xb2, 0xb3, 
    0xb3, 0xb3, 0xb4, 0xb4, 0xb4, 0xb5, 0xb5, 0xb5, 0xb6, 0xb6, 0xb6, 0xb7, 0xb7, 
    0xb7, 0xb8, 0xb8, 0xb8, 0xb9, 0xb9, 0xb9, 0xba, 0xba, 0xba, 0xbb, 0xbb, 0xbb, 
    0xbc, 0xbc, 0xbc, 0xbd, 0xbd, 0xbd, 0xbe, 0xbe, 0xbe, 0xc1, 0xc1, 0xc1, 0xc4, 
    0xc4, 0xc4, 0xc7, 0xc7, 0xc7, 0xca, 0xca, 0xca, 0xcd, 0xcd, 0xcd, 0xcf, 0xcf, 
    0xcf, 0xd1, 0xd1, 0xd1, 0xd3, 0xd3, 0xd3, 0xd5, 0xd5, 0xd5, 0xd7, 0xd7, 0xd7, 
    0xd9, 0xd9, 0xd9, 0xda, 0xda, 0xda, 0xdb, 0xdb, 0xdb, 0xdc, 0xdc, 0xdc, 0xdd, 
    0xdd, 0xdd, 0xde, 0xde, 0xde, 0xdf, 0xdf, 0xdf, 0xe0, 0xe0, 0xe0, 0xe2, 0xe2, 
    0xe2, 0xe3, 0xe3, 0xe3, 0xe5, 0xe5, 0xe5, 0xe9, 0xe9, 0xe9, 0xec, 0xec, 0xec, 
    0xef, 0xef, 0xef, 0xf2, 0xf2, 0xf2, 0xf5, 0xf5, 0xf5, 0xf7, 0xf7, 0xf7, 0xf8, 
    0xf8, 0xf8, 0xf9, 0xf9, 0xf9, 0xfa, 0xfa, 0xfa, 0xfa, 0xfa, 0xfa, 0xfb, 0xfb, 
    0xfb, 0xfb, 0xfb, 0xfb, 0xfc, 0xfc, 0xfc, 0xfc, 0xfc, 0xfc, 0xfc, 0xfc, 0xfc, 
    0xfc, 0xfc, 0xfc, 0xfd, 0xfd, 0xfd, 0xfd, 0xfd, 0xfd, 0xfd, 0xfd, 0xfd, 0xfd, 
    0xfd, 0xfd, 0xfd, 0xfd, 0xfd, 0xfd, 0xfd, 0xfd, 0xfd, 0xfd, 0xfd, 0xfd, 0xfd, 
    0xfd, 0xfd, 0xfd, 0xfd, 0xfd, 0xfd, 0xfd, 0xfe, 0xfe, 0xfe, 0xfe, 0xfe, 0xfe, 
    0xfe, 0xfe, 0xfe, 0xfe, 0xfe, 0xfe, 0xfe, 0xfe, 0xfe, 0xfe, 0xfe, 0xfe, 0xfe, 
    0xfe, 0xfe, 0xfe, 0xfe, 0xfe, 0xfe, 0xfe, 0xfe, 0xfe, 0xfe, 0xfe, 0xfe, 0xfe, 
    0xfe, 0xfe, 0xfe, 0xfe, 0xfe, 0xfe, 0xfe, 0xfe, 0xfe, 0xfe, 0xfe, 0xfe, 0xfe, 
    0xfe, 0xfe, 0xfe, 0xfe, 0xfe, 0xfe, 0xfe, 0xfe, 0xfe, 0x08, 0xfe, 0x00, 0x17, 
    0x08, 0x1c, 0x48, 0xb0, 0xa0, 0xc1, 0x83, 0x08, 0x13, 0x2a, 0x5c, 0xc8, 0xb0, 
    0xa1, 0xc3, 0x87, 0x10, 0x23, 0x4a, 0x9c, 0x48, 0xb1, 0xa2, 0xc5, 0x8b, 0x18, 
    0x33, 0x6a, 0xdc, 0xc8, 0xb1, 0xa3, 0xc7, 0x8f, 0x20, 0x43, 0x8a, 0x7c, 0x88, 
    0xc8, 0x60, 0xc9, 0x81, 0x27, 0x47, 0x5e, 0x44, 0xc4, 0x92, 0xa5, 0xc0, 0x94, 
    0x2f, 0x5f, 0xb6, 0x6c, 0x99, 0x10, 0xa6, 0xca, 0x9a, 0x32, 0x67, 0x2e, 0xb0, 
    0xb9, 0x73, 0xa1, 0xcb, 0x9b, 0x3e, 0x09, 0x9e, 0x4c, 0x59, 0x72, 0x26, 0xcd, 
    0x98, 0x42, 0x81, 0x06, 0x45, 0x89, 0x74, 0x68, 0xcf, 0xa2, 0x4c, 0x93, 0x2a, 
    0xc5, 0x19, 0xb5, 0xe8, 0x50, 0xa3, 0x56, 0x8f, 0xf6, 0x9c, 0x8a, 0x10, 0xa6, 
    0xd3, 0xad, 0x0a, 0x6d, 0xf2, 0xe4, 0x9a, 0x13, 0xac, 0x53, 0xac, 0x3f, 0xc1, 
    0x22, 0x25, 0x8b, 0xd2, 0x6b, 0x55, 0xa9, 0x63, 0xa3, 0xb2, 0x3d, 0xe8, 0xf6, 
    0xe9, 0x56, 0xa8, 0x73, 0x21, 0x12, 0x25, 0xfa, 0x94, 0x66, 0xdc, 0xbc, 0x80, 
    0x03, 0x0b, 0x1e, 0x4c, 0xb8, 0xb0, 0xe1, 0xc3, 0x02, 0x31, 0x78, 0xea, 0x66, 
    0xef, 0x9f, 0x63, 0xc7, 0xf6, 0xa8, 0xb9, 0x92, 0x81, 0x78, 0xe1, 0x14, 0x71, 
    0x8d, 0x1f, 0x6b, 0xd6, 0x6c, 0xef, 0x1a, 0x9a, 0xca, 0x05, 0x6f, 0x88, 0xdb, 
    0x4c, 0xba, 0xb4, 0x3d, 0x4c, 0xa0, 0x17, 0x88, 0xca, 0x5c, 0xba, 0xb5, 0xe6, 
    0x74, 0x1e, 0x10, 0x4f, 0x7b, 0x6c, 0x8f, 0x35, 0x6d, 0xdb, 0x90, 0x59, 0xdb, 
    0x8b, 0x4d, 0xd8, 0xc3, 0x68, 0xd7, 0xc0, 0x49, 0x7f, 0x23, 0x9c, 0x02, 0xf7, 
    0x3f, 0xe3, 0xc7, 0x4d, 0x6f, 0xd6, 0x26, 0xd8, 0x04, 0xf2, 0xe0, 0xd0, 0xad, 
    0x05, 0x4e, 0x07, 0xbd, 0x7a, 0xe9, 0x63, 0x79, 0x95, 0x59, 0xdf, 0xbe, 0xf9, 
    0x06, 0xdb, 0x35, 0xdc, 0xc3, 0xfe, 0x3b, 0xf6, 0x44, 0xd6, 0xb9, 0x78, 0xee, 
    0xe9, 0xd8, 0xfe, 0xae, 0x4d, 0x9a, 0xfd, 0x66, 0xf7, 0x9c, 0x6d, 0x5f, 0xa3, 
    0x14, 0x83, 0x6d, 0xb1, 0xf3, 0xae, 0xed, 0x89, 0xf3, 0x35, 0x83, 0x20, 0x6f, 
    0xa5, 0x2f, 0xd8, 0x86, 0xdc, 0x80, 0xb4, 0x65, 0x83, 0x48, 0x0a, 0x0b, 0x60, 
    0x90, 0x82, 0x1a, 0xd4, 0xb0, 0x57, 0xdb, 0x2f, 0x4a, 0xfd, 0x26, 0x5e, 0x6d, 
    0xd3, 0xbc, 0x21, 0xc2, 0x02, 0x2f, 0x50, 0x62, 0xcd, 0x73, 0x8e, 0xbd, 0x70, 
    0xd3, 0x2f, 0xdc, 0x75, 0x86, 0x89, 0x0d, 0x29, 0x60, 0x90, 0x20, 0x28, 0x98, 
    0x59, 0x87, 0x8b, 0x4a, 0x18, 0x70, 0xa8, 0x19, 0x36, 0x9d, 0xb0, 0x50, 0x10, 
    0x06, 0xc7, 0xb8, 0x58, 0xda, 0x36, 0x2a, 0x25, 0x03, 0x5c, 0x64, 0x36, 0x98, 
    0x68, 0x50, 0x27, 0x36, 0xb6, 0x66, 0xcf, 0x48, 0x1e, 0x00, 0x47, 0xcd, 0x85, 
    0x07, 0xb1, 0x12, 0x24, 0x70, 0x48, 0x82, 0xc4, 0x8c, 0x71, 0xb5, 0x29, 0x81, 
    0x10, 0x26, 0xba, 0x41, 0x69, 0xe5, 0x63, 0x36, 0x84, 0xd4, 0x62, 0x6b, 0x9a, 
    0xd0, 0xb5, 0x64, 0x75, 0x26, 0x84, 0x34, 0x1b, 0x72, 0x58, 0x14, 0xe4, 0x09, 
    0x7c, 0x9c, 0x29, 0xd7, 0xde, 0x63, 0x3e, 0x7a, 0x94, 0x02, 0x70, 0xd1, 0x0c, 
    0xc4, 0xc3, 0x37, 0xf8, 0xe5, 0xd7, 0x66, 0x47, 0xd4, 0x01, 0x67, 0x4d, 0x27, 
    0x79, 0xd6, 0x29, 0x24, 0x48, 0xb3, 0xf9, 0x29, 0xe8, 0x90, 0x1e, 0xd5, 0x22, 
    0xe8, 0xa1, 0xd3, 0x78, 0x64, 0xc6, 0xa1, 0x87, 0xa2, 0xd6, 0x91, 0x80, 0x57, 
    0xbe, 0x17, 0x69, 0x7c, 0xed, 0x65, 0x76, 0x67, 0x46, 0x36, 0x30, 0x2a, 0x28, 
    0x31, 0x1e, 0x79, 0x80, 0x1b, 0x81, 0x6b, 0x86, 0xfa, 0x9e, 0x69, 0xf6, 0x5c, 
    0xaa, 0x11, 0x35, 0x9a, 0xe2, 0x27, 0x06, 0x48, 0x18, 0xf4, 0x99, 0xaa, 0x75, 
    0x62, 0x9b, 0x8c, 0x44, 0xc6, 0x26, 0x37, 0xd4, 0xd0, 0x89, 0x32, 0xdb, 0xbc, 
    0x6a, 0x1a, 0x25, 0x6c, 0x89, 0x40, 0x49, 0x36, 0x5f, 0x6e, 0x67, 0x4f, 0x35, 
    0x32, 0x06, 0x66, 0xc3, 0x2f, 0xdf, 0x04, 0xeb, 0x1a, 0x33, 0x61, 0x1e, 0x66, 
    0xc6, 0x34, 0xdd, 0x1c, 0x37, 0xe9, 0x63, 0xdd, 0x1c, 0xd3, 0x63, 0x6a, 0x03, 
    0x61, 0x00, 0xc5, 0x2e, 0xd4, 0xa4, 0x53, 0x5b, 0x6d, 0xe9, 0x4c, 0x43, 0x0c, 
    0x22, 0x3a, 0x98, 0x8a, 0xed, 0xb9, 0xe8, 0xa6, 0xab, 0xee, 0xba, 0xec, 0xb6, 
    0xeb, 0xee, 0xbb, 0xf0, 0xc6, 0x2b, 0xef, 0xbc, 0xf4, 0xd6, 0x6b, 0xef, 0xbd, 
    0xf8, 0xe6, 0xab, 0xef, 0xbe, 0x37, 0x05, 0x04, 0x00, 0x21, 0xf9, 0x04, 0x00, 
    0x01, 0x00, 0x00, 0x00, 0x2c, 0x00, 0x00, 0x00, 0x00, 0x50, 0x00, 0x50, 0x00, 
    0x87, 0x00, 0x00, 0x00, 0x00, 0x00, 0x00, 0x00, 0x00, 0x00, 0x00, 0x00, 0x00, 
    0x00, 0x00, 0x00, 0x00, 0x00, 0x00, 0x00, 0x00, 0x00, 0x00, 0x00, 0x00, 0x00, 
    0x00, 0x00, 0x00, 0x00, 0x00, 0x00, 0x00, 0x00, 0x00, 0x00, 0x00, 0x00, 0x00, 
    0x00, 0x00, 0x00, 0x00, 0x00, 0x00, 0x00, 0x00, 0x00, 0x00, 0x00, 0x00, 0x00, 
    0x00, 0x00, 0x00, 0x00, 0x00, 0x00, 0x00, 0x00, 0x00, 0x00, 0x00, 0x00, 0x00, 
    0x00, 0x00, 0x00, 0x00, 0x00, 0x02, 0x02, 0x02, 0x04, 0x04, 0x04, 0x06, 0x06, 
    0x06, 0x06, 0x06, 0x06, 0x06, 0x06, 0x06, 0x06, 0x06, 0x06, 0x07, 0x07, 0x07, 
    0x08, 0x08, 0x08, 0x0a, 0x0a, 0x0a, 0x0b, 0x0b, 0x0b, 0x0d, 0x0d, 0x0d, 0x0d, 
    0x0d, 0x0d, 0x0d, 0x0d, 0x0d, 0x0e, 0x0e, 0x0e, 0x0f, 0x0f, 0x0f, 0x10, 0x10, 
    0x10, 0x12, 0x12, 0x12, 0x13, 0x13, 0x13, 0x14, 0x14, 0x14, 0x15, 0x15, 0x15, 
    0x16, 0x16, 0x16, 0x18, 0x18, 0x18, 0x19, 0x19, 0x19, 0x1a, 0x1a, 0x1a, 0x1c, 
    0x1c, 0x1c, 0x1f, 0x1f, 0x1f, 0x22, 0x22, 0x22, 0x25, 0x25, 0x25, 0x28, 0x28, 
    0x28, 0x2b, 0x2b, 0x2b, 0x2e, 0x2e, 0x2e, 0x32, 0x32, 0x32, 0x37, 0x37, 0x37, 
    0x38, 0x38, 0x38, 0x39, 0x39, 0x39, 0x3a, 0x3a, 0x3a, 0x3b, 0x3b, 0x3b, 0x3c, 
    0x3c, 0x3c, 0x3d, 0x3d, 0x3d, 0x3e, 0x3e, 0x3e, 0x3f, 0x3f, 0x3f, 0x40, 0x40, 
    0x40, 0x42, 0x42, 0x42, 0x44, 0x44, 0x44, 0x45, 0x45, 0x45, 0x47, 0x47, 0x47, 
    0x48, 0x48, 0x48, 0x49, 0x49, 0x49, 0x4a, 0x4a, 0x4a, 0x4b, 0x4b, 0x4b, 0x4c, 
    0x4c, 0x4c, 0x4d, 0x4d, 0x4d, 0x4e, 0x4e, 0x4e, 0x4e, 0x4e, 0x4e, 0x50, 0x50, 
    0x50, 0x51, 0x51, 0x51, 0x52, 0x52, 0x52, 0x54, 0x54, 0x54, 0x55, 0x55, 0x55, 
    0x56, 0x56, 0x56, 0x57, 0x57, 0x57, 0x58, 0x58, 0x58, 0x5a, 0x5a, 0x5a, 0x5c, 
    0x5c, 0x5c, 0x5d, 0x5d, 0x5d, 0x5f, 0x5f, 0x5f, 0x61, 0x61, 0x61, 0x63, 0x63, 
    0x63, 0x64, 0x64, 0x64, 0x66, 0x66, 0x66, 0x67, 0x67, 0x67, 0x67, 0x67, 0x67, 
    0x68, 0x68, 0x68, 0x68, 0x68, 0x68, 0x68, 0x68, 0x68, 0x68, 0x68, 0x68, 0x68, 
    0x68, 0x68, 0x68, 0x68, 0x68, 0x68, 0x68, 0x68, 0x68, 0x68, 0x68, 0x68, 0x68, 
    0x68, 0x68, 0x68, 0x68, 0x69, 0x69, 0x69, 0x69, 0x69, 0x69, 0x69, 0x69, 0x69, 
    0x69, 0x69, 0x69, 0x69, 0x69, 0x69, 0x69, 0x69, 0x69, 0x69, 0x69, 0x69, 0x69, 
    0x69, 0x69, 0x69, 0x69, 0x69, 0x69, 0x69, 0x69, 0x69, 0x69, 0x69, 0x6a, 0x6a, 
    0x6a, 0x6a, 0x6a, 0x6a, 0x6b, 0x6b, 0x6b, 0x6c, 0x6c, 0x6c, 0x6d, 0x6d, 0x6d, 
    0x6e, 0x6e, 0x6e, 0x6f, 0x6f, 0x6f, 0x70, 0x70, 0x70, 0x71, 0x71, 0x71, 0x73, 
    0x73, 0x73, 0x75, 0x75, 0x75, 0x76, 0x76, 0x76, 0x78, 0x78, 0x78, 0x79, 0x79, 
    0x79, 0x7b, 0x7b, 0x7b, 0x7d, 0x7d, 0x7d, 0x7f, 0x7f, 0x7f, 0x82, 0x82, 0x82, 
    0x86, 0x86, 0x86, 0x87, 0x87, 0x87, 0x88, 0x88, 0x88, 0x89, 0x89, 0x89, 0x8a, 
    0x8a, 0x8a, 0x8b, 0x8b, 0x8b, 0x8c, 0x8c, 0x8c, 0x8d, 0x8d, 0x8d, 0x8e, 0x8e, 
    0x8e, 0x8f, 0x8f, 0x8f, 0x90, 0x90, 0x90, 0x91, 0x91, 0x91, 0x92, 0x92, 0x92, 
    0x93, 0x93, 0x93, 0x94, 0x94, 0x94, 0x95, 0x95, 0x95, 0x96, 0x96, 0x96, 0x97, 
    0x97, 0x97, 0x98, 0x98, 0x98, 0x99, 0x99, 0x99, 0x9a, 0x9a, 0x9a, 0x9b, 0x9b, 
    0x9b, 0x9c, 0x9c, 0x9c, 0x9d, 0x9d, 0x9d, 0x9e, 0x9e, 0x9e, 0x9f, 0x9f, 0x9f, 
    0xa0, 0xa0, 0xa0, 0xa1, 0xa1, 0xa1, 0xa2, 0xa2, 0xa2, 0xa3, 0xa3, 0xa3, 0xa4, 
    0xa4, 0xa4, 0xa5, 0xa5, 0xa5, 0xa6, 0xa6, 0xa6, 0xa7, 0xa7, 0xa7, 0xa8, 0xa8, 
    0xa8, 0xa9, 0xa9, 0xa9, 0xaa, 0xaa, 0xaa, 0xab, 0xab, 0xab, 0xac, 0xac, 0xac, 
    0xad, 0xad, 0xad, 0xae, 0xae, 0xae, 0xaf, 0xaf, 0xaf, 0xb0, 0xb0, 0xb0, 0xb1, 
    0xb1, 0xb1, 0xb2, 0xb2, 0xb2, 0xb3, 0xb3, 0xb3, 0xb4, 0xb4, 0xb4, 0xb5, 0xb5, 
    0xb5, 0xb6, 0xb6, 0xb6, 0xb7, 0xb7, 0xb7, 0xb8, 0xb8, 0xb8, 0xb9, 0xb9, 0xb9, 
    0xba, 0xba, 0xba, 0xbb, 0xbb, 0xbb, 0xbc, 0xbc, 0xbc, 0xbd, 0xbd, 0xbd, 0xbe, 
    0xbe, 0xbe, 0xc1, 0xc1, 0xc1, 0xc4, 0xc4, 0xc4, 0xc7, 0xc7, 0xc7, 0xca, 0xca, 
    0xca, 0xcd, 0xcd, 0xcd, 0xcf, 0xcf, 0xcf, 0xd1, 0xd1, 0xd1, 0xd3, 0xd3, 0xd3, 
    0xd5, 0xd5, 0xd5, 0xd7, 0xd7, 0xd7, 0xd9, 0xd9, 0xd9, 0xda, 0xda, 0xda, 0xdb, 
    0xdb, 0xdb, 0xdc, 0xdc, 0xdc, 0xdd, 0xdd, 0xdd, 0xde, 0xde, 0xde, 0xdf, 0xdf, 
    0xdf, 0xe0, 0xe0, 0xe0, 0xe2, 0xe2, 0xe2, 0xe3, 0xe3, 0xe3, 0xe5, 0xe5, 0xe5, 
    0xe9, 0xe9, 0xe9, 0xec, 0xec, 0xec, 0xef, 0xef, 0xef, 0xf2, 0xf2, 0xf2, 0xf5, 
    0xf5, 0xf5, 0xf7, 0xf7, 0xf7, 0xf8, 0xf8, 0xf8, 0xf9, 0xf9, 0xf9, 0xfa, 0xfa, 
    0xfa, 0xfa, 0xfa, 0xfa, 0xfb, 0xfb, 0xfb, 0xfb, 0xfb, 0xfb, 0xfc, 0xfc, 0xfc, 
    0xfc, 0xfc, 0xfc, 0xfc, 0xfc, 0xfc, 0xfc, 0xfc, 0xfc, 0xfd, 0xfd, 0xfd, 0xfd, 
    0xfd, 0xfd, 0xfd, 0xfd, 0xfd, 0xfd, 0xfd, 0xfd, 0xfd, 0xfd, 0xfd, 0xfd, 0xfd, 
    0xfd, 0xfd, 0xfd, 0xfd, 0xfd, 0xfd, 0xfd, 0xfd, 0xfd, 0xfd, 0xfd, 0xfd, 0xfd, 
    0xfe, 0xfe, 0xfe, 0xfe, 0xfe, 0xfe, 0xfe, 0xfe, 0xfe, 0xfe, 0xfe, 0xfe, 0xfe, 
    0xfe, 0xfe, 0xfe, 0xfe, 0xfe, 0xfe, 0xfe, 0xfe, 0xfe, 0xfe, 0xfe, 0xfe, 0xfe, 
    0xfe, 0xfe, 0xfe, 0xfe, 0xfe, 0xfe, 0xfe, 0xfe, 0xfe, 0xfe, 0xfe, 0xfe, 0xfe, 
    0xfe, 0xfe, 0xfe, 0xfe, 0xfe, 0xfe, 0xfe, 0xfe, 0xfe, 0xfe, 0xfe, 0xfe, 0xfe, 
    0xfe, 0xfe, 0x08, 0xfe, 0x00, 0x17, 0x08, 0x1c, 0x48, 0xb0, 0xa0, 0xc1, 0x83, 
    0x08, 0x13, 0x2a, 0x5c, 0xc8, 0xb0, 0xa1, 0xc3, 0x87, 0x10, 0x23, 0x4a, 0x9c, 
    0x48, 0xb1, 0xa2, 0xc5, 0x8b, 0x18, 0x33, 0x6a, 0xdc, 0xc8, 0xb1, 0xa3, 0xc7, 
    0x8f, 0x20, 0x05, 0xba, 0x31, 0x38, 0x72, 0x60, 0xc9, 0x90, 0x19, 0xdd, 0xa8, 
    0x54, 0x29, 0xb2, 0x60, 0xc9, 0x95, 0x30, 0x13, 0x9e, 0x44, 0xc9, 0xf0, 0x25, 
    0xcc, 0x91, 0x33, 0x5b, 0x2a, 0x64, 0x49, 0xb3, 0xe1, 0xcc, 0x97, 0x26, 0x17, 
    0xdc, 0xe4, 0x29, 0xd4, 0x65, 0x4f, 0x9f, 0x04, 0x81, 0x16, 0x2d, 0x8a, 0x73, 
    0xa9, 0x53, 0x9d, 0x47, 0x77, 0x26, 0x6d, 0xc9, 0x73, 0x28, 0xce, 0x98, 0x50, 
    0xa3, 0x22, 0xfc, 0xa9, 0x33, 0xe7, 0xc1, 0x9c, 0x5e, 0xb5, 0x26, 0x65, 0x79, 
    0x12, 0xa8, 0xd5, 0xb2, 0x46, 0xc5, 0x92, 0xe4, 0xda, 0x75, 0xea, 0x53, 0x92, 
    0x6a, 0x17, 0xb2, 0x6d, 0x6a, 0x36, 0xee, 0xc4, 0xb2, 0x68, 0xaf, 0x92, 0xb5, 
    0xcb, 0xb7, 0xaf, 0xdf, 0xbf, 0x80, 0x03, 0x0b, 0x1e, 0x4c, 0xb8, 0xf0, 0x40, 
    0x0c, 0x9b, 0xba, 0xd9, 0xfb, 0xc7, 0x98, 0xb1, 0x3d, 0x6a, 0xae, 0x64, 0x18, 
    0x5e, 0xf8, 0x44, 0xdc, 0xe2, 0xc6, 0x98, 0x31, 0xdb, 0xbb, 0x96, 0x67, 0x72, 
    0xc1, 0x1b, 0xe2, 0x32, 0x8b, 0x1e, 0x6d, 0xcf, 0x91, 0xe7, 0x05, 0xa0, 0x2e, 
    0x8f, 0x5e, 0x8d, 0x39, 0x9d, 0x07, 0xc3, 0xd3, 0x1a, 0xdb, 0x53, 0x2d, 0x9b, 
    0xb6, 0x63, 0xd5, 0xf6, 0x5e, 0x0b, 0xf6, 0x10, 0x9a, 0xb5, 0x6f, 0xd1, 0xdf, 
    0x04, 0xb3, 0xb0, 0xfd, 0x8f, 0x78, 0x71, 0xd2, 0x99, 0xb5, 0x01, 0x36, 0x61, 
    0xfc, 0xb7, 0x73, 0x6b, 0x7f, 0xd3, 0x39, 0x9f, 0x3e, 0xfa, 0x58, 0xdf, 0x64, 
    0xd4, 0xb3, 0x67, 0xbe, 0x61, 0xb7, 0x8f, 0xf6, 0xef, 0x8c, 0x39, 0xfe, 0xc5, 
    0x65, 0x0e, 0x5e, 0x7b, 0x3a, 0xbb, 0xbd, 0x67, 0x8b, 0x56, 0x9f, 0x99, 0xbd, 
    0x66, 0xda, 0xd7, 0x10, 0x49, 0x8e, 0x5b, 0xac, 0x3c, 0x6b, 0x7b, 0xe2, 0x7c, 
    0xcd, 0x20, 0xa8, 0x5b, 0xeb, 0x8b, 0xf6, 0xc8, 0xad, 0x27, 0x5b, 0x36, 0x85, 
    0xa4, 0xb0, 0x00, 0x06, 0x29, 0xec, 0x41, 0x8d, 0x7a, 0xb3, 0xfd, 0xa2, 0x55, 
    0x6f, 0xe0, 0xcd, 0x36, 0x8d, 0x20, 0x22, 0x2c, 0xf0, 0x42, 0x22, 0xd6, 0x34, 
    0xc7, 0xd8, 0x0b, 0x47, 0xfd, 0xa2, 0xdd, 0x66, 0x8e, 0xd8, 0x90, 0x02, 0x06, 
    0x07, 0x82, 0x62, 0x19, 0x75, 0xbb, 0xf4, 0x84, 0x81, 0x86, 0x98, 0x61, 0x83, 
    0x09, 0x0b, 0x05, 0x61, 0x70, 0x0c, 0x8b, 0xa3, 0x6d, 0xd3, 0x13, 0x76, 0xf7, 
    0x51, 0x63, 0x03, 0x89, 0x06, 0x61, 0x42, 0xe3, 0x6a, 0xf6, 0xd0, 0xe4, 0x81, 
    0x6f, 0xd4, 0x54, 0x78, 0x10, 0x2b, 0x3f, 0xfa, 0x66, 0x24, 0x48, 0xcc, 0x10, 
    0x37, 0x5b, 0x12, 0x08, 0x39, 0x82, 0x9b, 0x93, 0x54, 0x36, 0x66, 0x43, 0x48, 
    0x2b, 0xae, 0x26, 0xc9, 0x41, 0x85, 0x24, 0x39, 0x9d, 0x09, 0x21, 0xc5, 0x66, 
    0x5c, 0x14, 0x05, 0x71, 0xe2, 0x9e, 0x66, 0x01, 0x02, 0xc8, 0x18, 0x8f, 0x1e, 
    0xa5, 0xe0, 0x5b, 0x34, 0x03, 0xf1, 0xf0, 0x8d, 0x7d, 0xf7, 0xb1, 0xd9, 0x91, 
    0x74, 0xf7, 0x59, 0x83, 0x09, 0x9e, 0x74, 0x02, 0x09, 0x52, 0x6c, 0x7d, 0x06, 
    0x1a, 0xa4, 0x47, 0xb5, 0x04, 0x6a, 0xe8, 0x34, 0x1e, 0x71, 0x61, 0xa8, 0xa1, 
    0xa6, 0x75, 0x44, 0xdb, 0x99, 0xb7, 0xad, 0x57, 0x65, 0x7b, 0x93, 0xda, 0x99, 
    0x91, 0x0d, 0x8b, 0x06, 0x4a, 0x8c, 0x47, 0x1e, 0xd8, 0x66, 0xdc, 0xa7, 0x69, 
    0xa2, 0x29, 0xa9, 0xa5, 0x1a, 0x55, 0x93, 0xa9, 0x7d, 0x5a, 0x80, 0x84, 0x01, 
    0x9f, 0xa7, 0x52, 0x47, 0x09, 0x4d, 0x5e, 0x5a, 0x50, 0x72, 0x43, 0x0d, 0x98, 
    0x28, 0xb3, 0x4d, 0xab, 0xa4, 0x25, 0x62, 0x97, 0x08, 0x8b, 0x64, 0xe3, 0x65, 
    0x76, 0xf6, 0x54, 0x03, 0xe3, 0x5f, 0x36, 0xfc, 0xf2, 0xcd, 0xaf, 0xac, 0x31, 
    0x03, 0x66, 0x61, 0x5c, 0x4c, 0xd3, 0x4d, 0x71, 0x93, 0x62, 0xd6, 0x4d, 0x32, 
    0x3b, 0x9e, 0x76, 0x58, 0x13, 0xbb, 0x50, 0x93, 0xce, 0x6c, 0xb3, 0xa5, 0x33, 
    0x4d, 0x31, 0x85, 0xf0, 0x40, 0xaa, 0xb5, 0xe4, 0x96, 0x6b, 0xee, 0xb9, 0xe8, 
    0xa6, 0xab, 0xee, 0xba, 0xec, 0xb6, 0xeb, 0xee, 0xbb, 0xf0, 0xc6, 0x2b, 0xef, 
    0xbc, 0xf4, 0xd6, 0x6b, 0xef, 0xbd, 0xf8, 0x1e, 0x15, 0x10, 0x00, 0x21, 0xf9, 
    0x04, 0x00, 0x01, 0x00, 0x00, 0x00, 0x2c, 0x00, 0x00, 0x00, 0x00, 0x50, 0x00, 
    0x50, 0x00, 0x87, 0x00, 0x00, 0x00, 0x00, 0x00, 0x00, 0x00, 0x00, 0x00, 0x00, 
    0x00, 0x00, 0x00, 0x00, 0x00, 0x00, 0x00, 0x00, 0x00, 0x00, 0x00, 0x00, 0x00, 
    0x00, 0x00, 0x00, 0x00, 0x00, 0x00, 0x00, 0x00, 0x00, 0x00, 0x00, 0x00, 0x00, 
    0x00, 0x00, 0x00, 0x00, 0x00, 0x00, 0x00, 0x00, 0x00, 0x00, 0x00, 0x00, 0x00, 
    0x00, 0x00, 0x00, 0x00, 0x00, 0x00, 0x00, 0x00, 0x00, 0x00, 0x00, 0x00, 0x00, 
    0x00, 0x00, 0x00, 0x00, 0x00, 0x00, 0x00, 0x02, 0x02, 0x02, 0x04, 0x04, 0x04, 
    0x06, 0x06, 0x06, 0x06, 0x06, 0x06, 0x06, 0x06, 0x06, 0x06, 0x06, 0x06, 0x07, 
    0x07, 0x07, 0x08, 0x08, 0x08, 0x0a, 0x0a, 0x0a, 0x0c, 0x0c, 0x0c, 0x0e, 0x0e, 
    0x0e, 0x0f, 0x0f, 0x0f, 0x11, 0x11, 0x11, 0x15, 0x15, 0x15, 0x19, 0x19, 0x19, 
    0x1c, 0x1c, 0x1c, 0x21, 0x21, 0x21, 0x24, 0x24, 0x24, 0x27, 0x27, 0x27, 0x2a, 
    0x2a, 0x2a, 0x2c, 0x2c, 0x2c, 0x2f, 0x2f, 0x2f, 0x2f, 0x2f, 0x2f, 0x30, 0x30, 
    0x30, 0x31, 0x31, 0x31, 0x31, 0x31, 0x31, 0x31, 0x31, 0x31, 0x31, 0x31, 0x31, 
    0x31, 0x31, 0x31, 0x31, 0x31, 0x31, 0x31, 0x31, 0x31, 0x32, 0x32, 0x32, 0x32, 
    0x32, 0x32, 0x32, 0x32, 0x32, 0x32, 0x32, 0x32, 0x32, 0x32, 0x32, 0x32, 0x32, 
    0x32, 0x32, 0x32, 0x32, 0x32, 0x32, 0x32, 0x32, 0x32, 0x32, 0x33, 0x33, 0x33, 
    0x33, 0x33, 0x33, 0x34, 0x34, 0x34, 0x36, 0x36, 0x36, 0x37, 0x37, 0x37, 0x39, 
    0x39, 0x39, 0x3d, 0x3d, 0x3d, 0x40, 0x40, 0x40, 0x44, 0x44, 0x44, 0x47, 0x47, 
    0x47, 0x4a, 0x4a, 0x4a, 0x4c, 0x4c, 0x4c, 0x4d, 0x4d, 0x4d, 0x4e, 0x4e, 0x4e, 
    0x4f, 0x4f, 0x4f, 0x4f, 0x4f, 0x4f, 0x50, 0x50, 0x50, 0x50, 0x50, 0x50, 0x51, 
    0x51, 0x51, 0x52, 0x52, 0x52, 0x52, 0x52, 0x52, 0x53, 0x53, 0x53, 0x53, 0x53, 
    0x53, 0x54, 0x54, 0x54, 0x54, 0x54, 0x54, 0x55, 0x55, 0x55, 0x56, 0x56, 0x56, 
    0x57, 0x57, 0x57, 0x58, 0x58, 0x58, 0x59, 0x59, 0x59, 0x5a, 0x5a, 0x5a, 0x5c, 
    0x5c, 0x5c, 0x5e, 0x5e, 0x5e, 0x60, 0x60, 0x60, 0x61, 0x61, 0x61, 0x62, 0x62, 
    0x62, 0x63, 0x63, 0x63, 0x63, 0x63, 0x63, 0x64, 0x64, 0x64, 0x65, 0x65, 0x65, 
    0x66, 0x66, 0x66, 0x68, 0x68, 0x68, 0x69, 0x69, 0x69, 0x6a, 0x6a, 0x6a, 0x6b, 
    0x6b, 0x6b, 0x6c, 0x6c, 0x6c, 0x6d, 0x6d, 0x6d, 0x6e, 0x6e, 0x6e, 0x6f, 0x6f, 
    0x6f, 0x70, 0x70, 0x70, 0x71, 0x71, 0x71, 0x72, 0x72, 0x72, 0x73, 0x73, 0x73, 
    0x74, 0x74, 0x74, 0x75, 0x75, 0x75, 0x76, 0x76, 0x76, 0x77, 0x77, 0x77, 0x78, 
    0x78, 0x78, 0x79, 0x79, 0x79, 0x7a, 0x7a, 0x7a, 0x7a, 0x7a, 0x7a, 0x7b, 0x7b, 
    0x7b, 0x7c, 0x7c, 0x7c, 0x7d, 0x7d, 0x7d, 0x7f, 0x7f, 0x7f, 0x80, 0x80, 0x80, 
    0x81, 0x81, 0x81, 0x82, 0x82, 0x82, 0x83, 0x83, 0x83, 0x84, 0x84, 0x84, 0x85, 
    0x85, 0x85, 0x86, 0x86, 0x86, 0x87, 0x87, 0x87, 0x88, 0x88, 0x88, 0x89, 0x89, 
    0x89, 0x8a, 0x8a, 0x8a, 0x8b, 0x8b, 0x8b, 0x8c, 0x8c, 0x8c, 0x8d, 0x8d, 0x8d, 
    0x8e, 0x8e, 0x8e, 0x8f, 0x8f, 0x8f, 0x90, 0x90, 0x90, 0x91, 0x91, 0x91, 0x92, 
    0x92, 0x92, 0x93, 0x93, 0x93, 0x94, 0x94, 0x94, 0x95, 0x95, 0x95, 0x96, 0x96, 
    0x96, 0x97, 0x97, 0x97, 0x98, 0x98, 0x98, 0x99, 0x99, 0x99, 0x9a, 0x9a, 0x9a, 
    0x9b, 0x9b, 0x9b, 0x9c, 0x9c, 0x9c, 0x9d, 0x9d, 0x9d, 0x9e, 0x9e, 0x9e, 0x9f, 
    0x9f, 0x9f, 0xa0, 0xa0, 0xa0, 0xa1, 0xa1, 0xa1, 0xa2, 0xa2, 0xa2, 0xa3, 0xa3, 
    0xa3, 0xa4, 0xa4, 0xa4, 0xa5, 0xa5, 0xa5, 0xa6, 0xa6, 0xa6, 0xa7, 0xa7, 0xa7, 
    0xa8, 0xa8, 0xa8, 0xa9, 0xa9, 0xa9, 0xaa, 0xaa, 0xaa, 0xab, 0xab, 0xab, 0xac, 
    0xac, 0xac, 0xad, 0xad, 0xad, 0xae, 0xae, 0xae, 0xaf, 0xaf, 0xaf, 0xb0, 0xb0, 
    0xb0, 0xb1, 0xb1, 0xb1, 0xb2, 0xb2, 0xb2, 0xb3, 0xb3, 0xb3, 0xb4, 0xb4, 0xb4, 
    0xb5, 0xb5, 0xb5, 0xb6, 0xb6, 0xb6, 0xb7, 0xb7, 0xb7, 0xb8, 0xb8, 0xb8, 0xb9, 
    0xb9, 0xb9, 0xba, 0xba, 0xba, 0xbb, 0xbb, 0xbb, 0xbc, 0xbc, 0xbc, 0xbd, 0xbd, 
    0xbd, 0xbe, 0xbe, 0xbe, 0xc1, 0xc1, 0xc1, 0xc4, 0xc4, 0xc4, 0xc7, 0xc7, 0xc7, 
    0xca, 0xca, 0xca, 0xcd, 0xcd, 0xcd, 0xcf, 0xcf, 0xcf, 0xd1, 0xd1, 0xd1, 0xd3, 
    0xd3, 0xd3, 0xd5, 0xd5, 0xd5, 0xd7, 0xd7, 0xd7, 0xd9, 0xd9, 0xd9, 0xda, 0xda, 
    0xda, 0xdb, 0xdb, 0xdb, 0xdc, 0xdc, 0xdc, 0xdd, 0xdd, 0xdd, 0xde, 0xde, 0xde, 
    0xdf, 0xdf, 0xdf, 0xe0, 0xe0, 0xe0, 0xe2, 0xe2, 0xe2, 0xe3, 0xe3, 0xe3, 0xe5, 
    0xe5, 0xe5, 0xe9, 0xe9, 0xe9, 0xec, 0xec, 0xec, 0xef, 0xef, 0xef, 0xf2, 0xf2, 
    0xf2, 0xf5, 0xf5, 0xf5, 0xf7, 0xf7, 0xf7, 0xf8, 0xf8, 0xf8, 0xf9, 0xf9, 0xf9, 
    0xfa, 0xfa, 0xfa, 0xfa, 0xfa, 0xfa, 0xfb, 0xfb, 0xfb, 0xfb, 0xfb, 0xfb, 0xfc, 
    0xfc, 0xfc, 0xfc, 0xfc, 0xfc, 0xfc, 0xfc, 0xfc, 0xfc, 0xfc, 0xfc, 0xfd, 0xfd, 
    0xfd, 0xfd, 0xfd, 0xfd, 0xfd, 0xfd, 0xfd, 0xfd, 0xfd, 0xfd, 0xfd, 0xfd, 0xfd, 
    0xfd, 0xfd, 0xfd, 0xfd, 0xfd, 0xfd, 0xfd, 0xfd, 0xfd, 0xfd, 0xfd, 0xfd, 0xfd, 
    0xfd, 0xfd, 0xfe, 0xfe, 0xfe, 0xfe, 0xfe, 0xfe, 0xfe, 0xfe, 0xfe, 0xfe, 0xfe, 
    0xfe, 0xfe, 0xfe, 0xfe, 0xfe, 0xfe, 0xfe, 0xfe, 0xfe, 0xfe, 0xfe, 0xfe, 0xfe, 
    0xfe, 0xfe, 0xfe, 0xfe, 0xfe, 0xfe, 0xfe, 0xfe, 0xfe, 0xfe, 0xfe, 0xfe, 0xfe, 
    0xfe, 0xfe, 0xfe, 0xfe, 0xfe, 0xfe, 0xfe, 0xfe, 0xfe, 0xfe, 0xfe, 0xfe, 0xfe, 
    0xfe, 0xfe, 0xfe, 0xfe, 0x08, 0xfe, 0x00, 0x17, 0x08, 0x1c, 0x48, 0xb0, 0xa0, 
    0xc1, 0x83, 0x08, 0x13, 0x2a, 0x5c, 0xc8, 0xb0, 0xa1, 0xc3, 0x87, 0x10, 0x23, 
    0x4a, 0x9c, 0x48, 0xb1, 0xa2, 0xc5, 0x8b, 0x18, 0x33, 0x6a, 0xdc, 0xc8, 0xb1, 
    0xe3, 0x43, 0x1d, 0x06, 0x41, 0x0e, 0x14, 0xe9, 0x91, 0xa3, 0x8e, 0x93, 0x27, 
    0x05, 0x92, 0x54, 0xa9, 0x12, 0x25, 0xca, 0x84, 0x2b, 0x4b, 0x3a, 0x14, 0xe9, 
    0x32, 0x65, 0xcc, 0x05, 0x37, 0x0b, 0xa6, 0x94, 0x09, 0x71, 0x25, 0xcd, 0x91, 
    0x38, 0x6b, 0x92, 0x8c, 0x99, 0x93, 0x27, 0x4c, 0x82, 0x3f, 0x71, 0xb2, 0x04, 
    0xc9, 0x14, 0x28, 0x52, 0xa3, 0x1f, 0x9f, 0x2a, 0xdd, 0x29, 0x94, 0xa9, 0x4b, 
    0xa7, 0x50, 0x19, 0xfa, 0x64, 0xa9, 0x74, 0x21, 0xd1, 0xac, 0x0d, 0x5f, 0x0e, 
    0x5d, 0x5a, 0x15, 0x2b, 0x57, 0xb0, 0x08, 0x77, 0x9e, 0x4d, 0xca, 0xb5, 0xe8, 
    0x59, 0xb4, 0x5e, 0xa5, 0x36, 0xfd, 0xe9, 0x16, 0x6e, 0xd8, 0x91, 0x63, 0xad, 
    0xda, 0xb4, 0xcb, 0xb7, 0xaf, 0xdf, 0xbf, 0x80, 0x03, 0x0b, 0x1e, 0x4c, 0xb8, 
    0xb0, 0xe1, 0xc3, 0x0d, 0x31, 0x6c, 0xea, 0x66, 0xef, 0x9f, 0x63, 0xc7, 0xf6, 
    0xa8, 0xb9, 0x42, 0x81, 0x98, 0xe1, 0x14, 0x71, 0x8d, 0x1f, 0x6b, 0xd6, 0x6c, 
    0xef, 0x1a, 0x9c, 0xca, 0x06, 0x85, 0x88, 0xdb, 0x4c, 0xba, 0xb4, 0x3d, 0x47, 
    0xa0, 0x05, 0x8a, 0xca, 0x5c, 0xba, 0xb5, 0xe6, 0x74, 0x1e, 0x2a, 0x4f, 0x7b, 
    0x6c, 0x8f, 0x35, 0x6d, 0xdb, 0x90, 0x59, 0xdb, 0x8b, 0x5d, 0xd8, 0xc3, 0x68, 
    0xd7, 0xc0, 0x49, 0x7f, 0x2b, 0x4c, 0x02, 0xf7, 0x3f, 0xe3, 0xc7, 0x4d, 0x6f, 
    0xd6, 0x36, 0x78, 0x04, 0xf2, 0xe0, 0xd0, 0xad, 0x09, 0x4e, 0x07, 0xbd, 0x7a, 
    0xe9, 0x63, 0x80, 0x93, 0x59, 0xdf, 0xbe, 0x59, 0x88, 0x5f, 0x39, 0xdc, 0xc3, 
    0xfe, 0x3b, 0xe6, 0xd4, 0xd7, 0xb9, 0x78, 0xee, 0xe9, 0xfc, 0xfe, 0xae, 0x4d, 
    0x9a, 0xfd, 0x66, 0xf7, 0x9c, 0x6d, 0x5f, 0x43, 0x44, 0xb9, 0x6f, 0xb1, 0xf3, 
    0xae, 0xed, 0x89, 0xf3, 0xa5, 0x82, 0x20, 0x6f, 0xb8, 0x26, 0xbc, 0xa7, 0x5c, 
    0x7b, 0xb4, 0x65, 0x23, 0x08, 0x09, 0x0b, 0x60, 0x40, 0x02, 0x1c, 0xd4, 0xb0, 
    0x57, 0xdb, 0x2f, 0x70, 0xfd, 0x26, 0x5e, 0x6d, 0xd3, 0xec, 0x11, 0xc2, 0x02, 
    0x26, 0x24, 0x62, 0xcd, 0x73, 0x8e, 0x99, 0x00, 0xd6, 0x2f, 0xdc, 0x75, 0xe6, 
    0x48, 0x10, 0x24, 0x60, 0x90, 0x20, 0x28, 0x98, 0x59, 0xb7, 0x4b, 0x56, 0x18, 
    0x70, 0xa8, 0x19, 0x36, 0x98, 0x94, 0x50, 0x10, 0x06, 0xc7, 0xb8, 0x58, 0xda, 
    0x36, 0x59, 0x69, 0x97, 0x1f, 0x35, 0x2e, 0x98, 0x68, 0x10, 0x26, 0x36, 0xb6, 
    0x66, 0x0f, 0x54, 0x1e, 0x00, 0x47, 0xcd, 0x85, 0x07, 0xb1, 0x12, 0x24, 0x70, 
    0x48, 0xca, 0xc4, 0x8c, 0x71, 0xb5, 0x29, 0x81, 0x90, 0x23, 0xba, 0x41, 0x69, 
    0xe5, 0x63, 0x2e, 0xf0, 0xd4, 0x62, 0x6b, 0x92, 0x1c, 0x24, 0xc8, 0x92, 0xd5, 
    0x8d, 0xc0, 0xd3, 0x6c, 0xc8, 0x61, 0x51, 0x10, 0x27, 0xf0, 0x71, 0x36, 0xa0, 
    0x80, 0x8e, 0xf9, 0xe8, 0x11, 0x09, 0xc0, 0x45, 0x33, 0x50, 0x11, 0xdf, 0xe0, 
    0x97, 0x9f, 0x9b, 0x1d, 0x51, 0x07, 0x9c, 0x35, 0x98, 0xe8, 0x69, 0xa7, 0x90, 
    0x32, 0xcd, 0xf6, 0xe7, 0xa0, 0x43, 0x7a, 0x54, 0xcb, 0xa0, 0x88, 0x4e, 0xe3, 
    0xd1, 0x19, 0x88, 0x22, 0x0a, 0x89, 0x47, 0xb6, 0xa5, 0x99, 0x5b, 0x7b, 0x57, 
    0xbe, 0x57, 0x29, 0x9e, 0x19, 0xb9, 0xd0, 0xe8, 0xa0, 0xc4, 0x78, 0xe4, 0x01, 
    0x6e, 0xc8, 0x85, 0xba, 0xa6, 0x9a, 0x94, 0x62, 0xaa, 0x51, 0x35, 0x9b, 0xe2, 
    0x47, 0x86, 0x4c, 0x18, 0xf8, 0x99, 0xaa, 0x75, 0x62, 0x94, 0x40, 0x45, 0x06, 
    0x25, 0x42, 0xac, 0x80, 0x09, 0x33, 0xdb, 0xbc, 0x6a, 0x5a, 0x22, 0x7e, 0x85, 
    0xb0, 0x48, 0x36, 0x60, 0x6e, 0x67, 0x4f, 0x35, 0x32, 0x0a, 0x16, 0xc4, 0x2f, 
    0xdf, 0x04, 0xeb, 0x1a, 0x33, 0x62, 0x22, 0x76, 0xc6, 0x34, 0xdd, 0x1c, 0x57, 
    0xa9, 0x66, 0xdd, 0x24, 0xd3, 0x63, 0x6a, 0x04, 0x61, 0x00, 0xc5, 0x2e, 0xd4, 
    0xa4, 0x53, 0x5b, 0x6d, 0xe9, 0x4c, 0x53, 0x8c, 0x20, 0x45, 0x98, 0x8a, 0xed, 
    0xb9, 0xe8, 0xa6, 0xab, 0xee, 0xba, 0xec, 0xb6, 0xeb, 0xee, 0xbb, 0xf0, 0xc6, 
    0x2b, 0xef, 0xbc, 0xf4, 0xd6, 0x6b, 0xef, 0xbd, 0xf8, 0xe6, 0xab, 0xef, 0xbe, 
    0xe8, 0x06, 0x04, 0x00, 0x21, 0xf9, 0x04, 0x00, 0x01, 0x00, 0x00, 0x00, 0x2c, 
    0x00, 0x00, 0x00, 0x00, 0x50, 0x00, 0x50, 0x00, 0x87, 0x00, 0x00, 0x00, 0x00, 
    0x00, 0x00, 0x00, 0x00, 0x00, 0x00, 0x00, 0x00, 0x00, 0x00, 0x00, 0x00, 0x00, 
    0x00, 0x00, 0x00, 0x00, 0x00, 0x00, 0x00, 0x00, 0x00, 0x00, 0x00, 0x00, 0x00, 
    0x00, 0x00, 0x00, 0x00, 0x00, 0x00, 0x00, 0x00, 0x00, 0x00, 0x00, 0x00, 0x00, 
    0x00, 0x00, 0x00, 0x00, 0x00, 0x00, 0x00, 0x00, 0x00, 0x00, 0x00, 0x00, 0x00, 
    0x00, 0x00, 0x00, 0x00, 0x01, 0x01, 0x01, 0x02, 0x02, 0x02, 0x04, 0x04, 0x04, 
    0x06, 0x06, 0x06, 0x07, 0x07, 0x07, 0x07, 0x07, 0x07, 0x08, 0x08, 0x08, 0x09, 
    0x09, 0x09, 0x0a, 0x0a, 0x0a, 0x0b, 0x0b, 0x0b, 0x0d, 0x0d, 0x0d, 0x0e, 0x0e, 
    0x0e, 0x0f, 0x0f, 0x0f, 0x10, 0x10, 0x10, 0x10, 0x10, 0x10, 0x11, 0x11, 0x11, 
    0x12, 0x12, 0x12, 0x12, 0x12, 0x12, 0x12, 0x12, 0x12, 0x13, 0x13, 0x13, 0x13, 
    0x13, 0x13, 0x13, 0x13, 0x13, 0x13, 0x13, 0x13, 0x13, 0x13, 0x13, 0x13, 0x13, 
    0x13, 0x13, 0x13, 0x13, 0x14, 0x14, 0x14, 0x14, 0x14, 0x14, 0x14, 0x14, 0x14, 
    0x15, 0x15, 0x15, 0x15, 0x15, 0x15, 0x16, 0x16, 0x16, 0x16, 0x16, 0x16, 0x17, 
    0x17, 0x17, 0x17, 0x17, 0x17, 0x18, 0x18, 0x18, 0x1a, 0x1a, 0x1a, 0x1c, 0x1c, 
    0x1c, 0x20, 0x20, 0x20, 0x24, 0x24, 0x24, 0x28, 0x28, 0x28, 0x2e, 0x2e, 0x2e, 
    0x32, 0x32, 0x32, 0x36, 0x36, 0x36, 0x3a, 0x3a, 0x3a, 0x3e, 0x3e, 0x3e, 0x42, 
    0x42, 0x42, 0x43, 0x43, 0x43, 0x44, 0x44, 0x44, 0x45, 0x45, 0x45, 0x47, 0x47, 
    0x47, 0x49, 0x49, 0x49, 0x4a, 0x4a, 0x4a, 0x4b, 0x4b, 0x4b, 0x4c, 0x4c, 0x4c, 
    0x4d, 0x4d, 0x4d, 0x4e, 0x4e, 0x4e, 0x4f, 0x4f, 0x4f, 0x4f, 0x4f, 0x4f, 0x50, 
    0x50, 0x50, 0x50, 0x50, 0x50, 0x51, 0x51, 0x51, 0x52, 0x52, 0x52, 0x52, 0x52, 
    0x52, 0x53, 0x53, 0x53, 0x53, 0x53, 0x53, 0x54, 0x54, 0x54, 0x54, 0x54, 0x54, 
    0x55, 0x55, 0x55, 0x56, 0x56, 0x56, 0x57, 0x57, 0x57, 0x58, 0x58, 0x58, 0x59, 
    0x59, 0x59, 0x5a, 0x5a, 0x5a, 0x5c, 0x5c, 0x5c, 0x5e, 0x5e, 0x5e, 0x60, 0x60, 
    0x60, 0x61, 0x61, 0x61, 0x62, 0x62, 0x62, 0x63, 0x63, 0x63, 0x64, 0x64, 0x64, 
    0x65, 0x65, 0x65, 0x66, 0x66, 0x66, 0x66, 0x66, 0x66, 0x67, 0x67, 0x67, 0x68, 
    0x68, 0x68, 0x69, 0x69, 0x69, 0x6b, 0x6b, 0x6b, 0x6c, 0x6c, 0x6c, 0x6d, 0x6d, 
    0x6d, 0x6e, 0x6e, 0x6e, 0x6f, 0x6f, 0x6f, 0x70, 0x70, 0x70, 0x71, 0x71, 0x71, 
    0x72, 0x72, 0x72, 0x73, 0x73, 0x73, 0x74, 0x74, 0x74, 0x75, 0x75, 0x75, 0x76, 
    0x76, 0x76, 0x77, 0x77, 0x77, 0x78, 0x78, 0x78, 0x79, 0x79, 0x79, 0x7a, 0x7a, 
    0x7a, 0x7a, 0x7a, 0x7a, 0x7b, 0x7b, 0x7b, 0x7c, 0x7c, 0x7c, 0x7d, 0x7d, 0x7d, 
    0x7f, 0x7f, 0x7f, 0x80, 0x80, 0x80, 0x81, 0x81, 0x81, 0x82, 0x82, 0x82, 0x83, 
    0x83, 0x83, 0x84, 0x84, 0x84, 0x85, 0x85, 0x85, 0x86, 0x86, 0x86, 0x87, 0x87, 
    0x87, 0x88, 0x88, 0x88, 0x89, 0x89, 0x89, 0x8a, 0x8a, 0x8a, 0x8b, 0x8b, 0x8b, 
    0x8c, 0x8c, 0x8c, 0x8d, 0x8d, 0x8d, 0x8e, 0x8e, 0x8e, 0x8f, 0x8f, 0x8f, 0x90, 
    0x90, 0x90, 0x91, 0x91, 0x91, 0x92, 0x92, 0x92, 0x93, 0x93, 0x93, 0x94, 0x94, 
    0x94, 0x95, 0x95, 0x95, 0x96, 0x96, 0x96, 0x97, 0x97, 0x97, 0x98, 0x98, 0x98, 
    0x99, 0x99, 0x99, 0x9a, 0x9a, 0x9a, 0x9b, 0x9b, 0x9b, 0x9c, 0x9c, 0x9c, 0x9d, 
    0x9d, 0x9d, 0x9e, 0x9e, 0x9e, 0x9f, 0x9f, 0x9f, 0xa0, 0xa0, 0xa0, 0xa1, 0xa1, 
    0xa1, 0xa2, 0xa2, 0xa2, 0xa3, 0xa3, 0xa3, 0xa4, 0xa4, 0xa4, 0xa5, 0xa5, 0xa5, 
    0xa6, 0xa6, 0xa6, 0xa7, 0xa7, 0xa7, 0xa8, 0xa8, 0xa8, 0xa9, 0xa9, 0xa9, 0xaa, 
    0xaa, 0xaa, 0xab, 0xab, 0xab, 0xac, 0xac, 0xac, 0xad, 0xad, 0xad, 0xae, 0xae, 
    0xae, 0xaf, 0xaf, 0xaf, 0xb0, 0xb0, 0xb0, 0xb1, 0xb1, 0xb1, 0xb2, 0xb2, 0xb2, 
    0xb3, 0xb3, 0xb3, 0xb4, 0xb4, 0xb4, 0xb5, 0xb5, 0xb5, 0xb6, 0xb6, 0xb6, 0xb7, 
    0xb7, 0xb7, 0xb8, 0xb8, 0xb8, 0xb9, 0xb9, 0xb9, 0xba, 0xba, 0xba, 0xbb, 0xbb, 
    0xbb, 0xbc, 0xbc, 0xbc, 0xbd, 0xbd, 0xbd, 0xbe, 0xbe, 0xbe, 0xc1, 0xc1, 0xc1, 
    0xc4, 0xc4, 0xc4, 0xc7, 0xc7, 0xc7, 0xca, 0xca, 0xca, 0xcd, 0xcd, 0xcd, 0xcf, 
    0xcf, 0xcf, 0xd1, 0xd1, 0xd1, 0xd3, 0xd3, 0xd3, 0xd5, 0xd5, 0xd5, 0xd7, 0xd7, 
    0xd7, 0xd9, 0xd9, 0xd9, 0xda, 0xda, 0xda, 0xdb, 0xdb, 0xdb, 0xdc, 0xdc, 0xdc, 
    0xdd, 0xdd, 0xdd, 0xde, 0xde, 0xde, 0xdf, 0xdf, 0xdf, 0xe0, 0xe0, 0xe0, 0xe2, 
    0xe2, 0xe2, 0xe3, 0xe3, 0xe3, 0xe5, 0xe5, 0xe5, 0xe9, 0xe9, 0xe9, 0xec, 0xec, 
    0xec, 0xef, 0xef, 0xef, 0xf2, 0xf2, 0xf2, 0xf5, 0xf5, 0xf5, 0xf7, 0xf7, 0xf7, 
    0xf8, 0xf8, 0xf8, 0xf9, 0xf9, 0xf9, 0xfa, 0xfa, 0xfa, 0xfa, 0xfa, 0xfa, 0xfb, 
    0xfb, 0xfb, 0xfb, 0xfb, 0xfb, 0xfc, 0xfc, 0xfc, 0xfc, 0xfc, 0xfc, 0xfc, 0xfc, 
    0xfc, 0xfc, 0xfc, 0xfc, 0xfd, 0xfd, 0xfd, 0xfd, 0xfd, 0xfd, 0xfd, 0xfd, 0xfd, 
    0xfd, 0xfd, 0xfd, 0xfd, 0xfd, 0xfd, 0xfd, 0xfd, 0xfd, 0xfd, 0xfd, 0xfd, 0xfd, 
    0xfd, 0xfd, 0xfd, 0xfd, 0xfd, 0xfd, 0xfd, 0xfd, 0xfe, 0xfe, 0xfe, 0xfe, 0xfe, 
    0xfe, 0xfe, 0xfe, 0xfe, 0xfe, 0xfe, 0xfe, 0xfe, 0xfe, 0xfe, 0xfe, 0xfe, 0xfe, 
    0xfe, 0xfe, 0xfe, 0xfe, 0xfe, 0xfe, 0xfe, 0xfe, 0xfe, 0xfe, 0xfe, 0xfe, 0xfe, 
    0xfe, 0xfe, 0xfe, 0xfe, 0xfe, 0xfe, 0xfe, 0xfe, 0xfe, 0xfe, 0xfe, 0xfe, 0xfe, 
    0xfe, 0xfe, 0xfe, 0xfe, 0xfe, 0xfe, 0xfe, 0xfe, 0xfe, 0xfe, 0x08, 0xfe, 0x00, 
    0x15, 0x08, 0x1c, 0x48, 0xb0, 0xa0, 0xc1, 0x83, 0x08, 0x13, 0x2a, 0x5c, 0xc8, 
    0xb0, 0xa1, 0xc3, 0x87, 0x10, 0x23, 0x4a, 0x9c, 0x48, 0xb1, 0xa2, 0xc5, 0x8b, 
    0x18, 0x33, 0x6a, 0x9c, 0xf8, 0xc2, 0x60, 0xc7, 0x81, 0x1f, 0x37, 0x8a, 0x04, 
    0xf9, 0xa2, 0xe4, 0xc7, 0x90, 0x02, 0x4f, 0x9a, 0x34, 0x99, 0x10, 0xe5, 0x48, 
    0x88, 0x2a, 0x57, 0x2a, 0x70, 0x39, 0x73, 0x61, 0xc9, 0x97, 0x1c, 0x09, 0x9e, 
    0x04, 0x39, 0x73, 0xe5, 0xcd, 0x94, 0x05, 0x69, 0xe2, 0x64, 0x88, 0xf2, 0xa4, 
    0x85, 0x9a, 0x35, 0x3b, 0x2a, 0xe5, 0xa9, 0x73, 0x68, 0xc4, 0x8e, 0x3c, 0x78, 
    0x20, 0x7d, 0xe1, 0xe1, 0xa7, 0xcf, 0x9b, 0x3e, 0x99, 0x3a, 0x75, 0xf8, 0x51, 
    0x83, 0x85, 0x17, 0x1a, 0x34, 0xbc, 0xe0, 0xa1, 0x43, 0x68, 0xd0, 0xb3, 0x5b, 
    0xb9, 0x96, 0x14, 0x2b, 0xf5, 0x6b, 0x58, 0xa5, 0x57, 0x43, 0xba, 0x34, 0x9b, 
    0x56, 0x67, 0xc8, 0x1b, 0x37, 0xbf, 0x7a, 0x10, 0xdb, 0x14, 0x29, 0x42, 0xba, 
    0x75, 0x0d, 0x7e, 0xd5, 0xa1, 0xc0, 0x2b, 0xd5, 0xaf, 0x49, 0x81, 0x02, 0x0e, 
    0xcc, 0x95, 0x24, 0x4f, 0xb8, 0x58, 0x19, 0x4b, 0x9e, 0x4c, 0xb9, 0xb2, 0xe5, 
    0xcb, 0x98, 0x33, 0x6b, 0xde, 0xcc, 0xb9, 0xb3, 0xe7, 0xcf, 0x10, 0x2d, 0x6c, 
    0xea, 0x66, 0xef, 0x9f, 0x69, 0xd3, 0xf6, 0xaa, 0xb9, 0xda, 0x01, 0x9a, 0xe1, 
    0x14, 0x71, 0xa5, 0x4f, 0xcb, 0x96, 0x6d, 0xef, 0x1a, 0x9c, 0xd6, 0x06, 0x7f, 
    0x88, 0x9b, 0xcd, 0xbb, 0xb7, 0x3d, 0x47, 0xb8, 0x05, 0x8a, 0x8a, 0xdd, 0xbb, 
    0xb8, 0xec, 0x74, 0x1a, 0x5a, 0x4f, 0x3b, 0x6d, 0x8f, 0x38, 0x73, 0xe7, 0xa8, 
    0x89, 0xdb, 0x4b, 0xde, 0x59, 0xc3, 0x6e, 0xe3, 0xd8, 0x79, 0x7f, 0xeb, 0xfc, 
    0x02, 0xfa, 0x3f, 0xef, 0xdf, 0x7d, 0xfe, 0xcf, 0xd6, 0xb6, 0x59, 0x04, 0xf8, 
    0xec, 0xe8, 0xad, 0x69, 0x4e, 0x87, 0xbe, 0x7d, 0xef, 0x63, 0x98, 0x93, 0xb9, 
    0x9f, 0x3f, 0xfb, 0x87, 0x65, 0x39, 0xf4, 0xf3, 0x9b, 0xe6, 0x54, 0xd9, 0xbc, 
    0x7e, 0xfa, 0xe9, 0x58, 0x76, 0x5d, 0x73, 0xbc, 0x11, 0x38, 0x9b, 0x81, 0xb4, 
    0x39, 0x77, 0x0d, 0x22, 0xac, 0x55, 0x56, 0xcc, 0x7f, 0xc6, 0xd9, 0x23, 0x8e, 
    0x2f, 0x52, 0x0d, 0x44, 0x9d, 0x64, 0x39, 0x1c, 0x28, 0x5e, 0x81, 0xcc, 0x65, 
    0x23, 0x48, 0x47, 0x5f, 0xc1, 0x41, 0x0d, 0x81, 0xcd, 0xfd, 0x22, 0xd9, 0x75, 
    0xfa, 0x35, 0x37, 0xcd, 0x1e, 0x1e, 0x28, 0x90, 0x43, 0x22, 0xd6, 0x9c, 0x67, 
    0x5a, 0x0e, 0x81, 0xfd, 0x42, 0x5f, 0x6d, 0x8e, 0xfc, 0xf0, 0xc2, 0x51, 0x16, 
    0x80, 0x02, 0x9b, 0x7b, 0xbe, 0xd4, 0x65, 0x81, 0x8c, 0xb2, 0x61, 0x83, 0xc9, 
    0x0d, 0x05, 0x59, 0x70, 0x0c, 0x91, 0xbd, 0x6d, 0x53, 0x97, 0x7c, 0x11, 0x52, 
    0xe3, 0xc3, 0x51, 0x06, 0x61, 0xc2, 0x64, 0x71, 0xf6, 0xa4, 0xa5, 0x01, 0x76, 
    0xd4, 0xb4, 0x78, 0x10, 0x2b, 0x57, 0x62, 0xe7, 0xe5, 0x50, 0xcc, 0x78, 0xd7, 
    0x9c, 0x12, 0x08, 0x39, 0x22, 0x9d, 0x99, 0x6c, 0x9e, 0xe6, 0x83, 0x53, 0x43, 
    0x16, 0x27, 0xc9, 0x41, 0x82, 0x84, 0xd9, 0x9e, 0x08, 0x4e, 0x2d, 0x07, 0x1e, 
    0x16, 0x05, 0x71, 0x82, 0x20, 0x6d, 0x1b, 0x6a, 0x68, 0x1a, 0x95, 0x2f, 0xbd, 
    0x80, 0x5d, 0x34, 0x03, 0x05, 0xf1, 0x0d, 0x84, 0x11, 0x12, 0x3a, 0x12, 0x7b, 
    0xd8, 0x59, 0x83, 0x09, 0xa4, 0x8c, 0x62, 0x39, 0xd4, 0x72, 0x95, 0x66, 0x9a, 
    0xe5, 0x4b, 0xb5, 0x64, 0xea, 0xe9, 0x34, 0x2f, 0x9d, 0xe1, 0xa9, 0xa7, 0x73, 
    0x8e, 0xe4, 0xdc, 0x9f, 0xd1, 0x15, 0xd8, 0xe6, 0x81, 0xab, 0x3a, 0x9a, 0x91, 
    0x0f, 0x7c, 0xa3, 0x66, 0x4a, 0xcc, 0x4b, 0x1a, 0x40, 0x07, 0xde, 0xad, 0x81, 
    0x02, 0xaa, 0xaa, 0xab, 0x1a, 0x55, 0x13, 0x2b, 0x84, 0x63, 0x0c, 0x65, 0x01, 
    0xa5, 0xbf, 0xba, 0x47, 0x49, 0x5a, 0x67, 0x50, 0xf2, 0x43, 0x0f, 0x98, 0x38, 
    0xd3, 0x4d, 0xb1, 0xbe, 0x25, 0x62, 0x99, 0x07, 0x8b, 0x64, 0x63, 0xe7, 0x7c, 
    0xa9, 0x21, 0xa9, 0xd9, 0x0f, 0xbf, 0x7c, 0x73, 0xad, 0x71, 0xcc, 0xe0, 0x09, 
    0xda, 0x19, 0xd3, 0x3c, 0x8b, 0xea, 0x77, 0xde, 0x75, 0x93, 0xcc, 0x94, 0xc1, 
    0x11, 0x64, 0x01, 0x14, 0xbb, 0x50, 0x93, 0x4e, 0x73, 0xcd, 0xa5, 0x33, 0x4d, 
    0x31, 0x82, 0x04, 0xc1, 0x6b, 0xbb, 0xfc, 0xf6, 0xeb, 0xef, 0xbf, 0x00, 0x07, 
    0x2c, 0xf0, 0xc0, 0x04, 0x17, 0x6c, 0xf0, 0xc1, 0x08, 0x27, 0xac, 0xf0, 0xc2, 
    0x0c, 0x37, 0xec, 0xf0, 0xc3, 0x10, 0xf7, 0x1b, 0x10, 0x00, 0x21, 0xf9, 0x04, 
    0x00, 0x01, 0x00, 0x00, 0x00, 0x2c, 0x00, 0x00, 0x00, 0x00, 0x50, 0x00, 0x50, 
    0x00, 0x87, 0x00, 0x00, 0x00, 0x00, 0x00, 0x00, 0x00, 0x00, 0x00, 0x00, 0x00, 
    0x00, 0x00, 0x00, 0x00, 0x00, 0x00, 0x00, 0x00, 0x00, 0x00, 0x00, 0x00, 0x00, 
    0x00, 0x00, 0x00, 0x00, 0x00, 0x00, 0x00, 0x00, 0x00, 0x00, 0x00, 0x00, 0x00, 
    0x00, 0x00, 0x00, 0x00, 0x00, 0x00, 0x00, 0x00, 0x00, 0x00, 0x00, 0x00, 0x00, 
    0x00, 0x00, 0x00, 0x00, 0x00, 0x00, 0x00, 0x00, 0x00, 0x00, 0x00, 0x00, 0x00, 
    0x00, 0x00, 0x00, 0x00, 0x00, 0x00, 0x02, 0x02, 0x02, 0x04, 0x04, 0x04, 0x06, 
    0x06, 0x06, 0x06, 0x06, 0x06, 0x06, 0x06, 0x06, 0x06, 0x06, 0x06, 0x07, 0x07, 
    0x07, 0x08, 0x08, 0x08, 0x0a, 0x0a, 0x0a, 0x0b, 0x0b, 0x0b, 0x0d, 0x0d, 0x0d, 
    0x0d, 0x0d, 0x0d, 0x0d, 0x0d, 0x0d, 0x0e, 0x0e, 0x0e, 0x0f, 0x0f, 0x0f, 0x10, 
    0x10, 0x10, 0x12, 0x12, 0x12, 0x13, 0x13, 0x13, 0x14, 0x14, 0x14, 0x15, 0x15, 
    0x15, 0x16, 0x16, 0x16, 0x18, 0x18, 0x18, 0x19, 0x19, 0x19, 0x1a, 0x1a, 0x1a, 
    0x1c, 0x1c, 0x1c, 0x1f, 0x1f, 0x1f, 0x22, 0x22, 0x22, 0x25, 0x25, 0x25, 0x28, 
    0x28, 0x28, 0x2b, 0x2b, 0x2b, 0x2e, 0x2e, 0x2e, 0x32, 0x32, 0x32, 0x37, 0x37, 
    0x37, 0x38, 0x38, 0x38, 0x39, 0x39, 0x39, 0x3a, 0x3a, 0x3a, 0x3b, 0x3b, 0x3b, 
    0x3c, 0x3c, 0x3c, 0x3d, 0x3d, 0x3d, 0x3e, 0x3e, 0x3e, 0x3f, 0x3f, 0x3f, 0x40, 
    0x40, 0x40, 0x41, 0x41, 0x41, 0x42, 0x42, 0x42, 0x43, 0x43, 0x43, 0x44, 0x44, 
    0x44, 0x45, 0x45, 0x45, 0x47, 0x47, 0x47, 0x49, 0x49, 0x49, 0x4a, 0x4a, 0x4a, 
    0x4b, 0x4b, 0x4b, 0x4c, 0x4c, 0x4c, 0x4d, 0x4d, 0x4d, 0x4e, 0x4e, 0x4e, 0x4f, 
    0x4f, 0x4f, 0x4f, 0x4f, 0x4f, 0x50, 0x50, 0x50, 0x50, 0x50, 0x50, 0x51, 0x51, 
    0x51, 0x52, 0x52, 0x52, 0x52, 0x52, 0x52, 0x53, 0x53, 0x53, 0x53, 0x53, 0x53, 
    0x54, 0x54, 0x54, 0x54, 0x54, 0x54, 0x55, 0x55, 0x55, 0x56, 0x56, 0x56, 0x57, 
    0x57, 0x57, 0x58, 0x58, 0x58, 0x59, 0x59, 0x59, 0x5a, 0x5a, 0x5a, 0x5c, 0x5c, 
    0x5c, 0x5e, 0x5e, 0x5e, 0x60, 0x60, 0x60, 0x61, 0x61, 0x61, 0x62, 0x62, 0x62, 
    0x63, 0x63, 0x63, 0x64, 0x64, 0x64, 0x65, 0x65, 0x65, 0x66, 0x66, 0x66, 0x66, 
    0x66, 0x66, 0x67, 0x67, 0x67, 0x68, 0x68, 0x68, 0x69, 0x69, 0x69, 0x6b, 0x6b, 
    0x6b, 0x6c, 0x6c, 0x6c, 0x6d, 0x6d, 0x6d, 0x6e, 0x6e, 0x6e, 0x6f, 0x6f, 0x6f, 
    0x70, 0x70, 0x70, 0x71, 0x71, 0x71, 0x72, 0x72, 0x72, 0x73, 0x73, 0x73, 0x74, 
    0x74, 0x74, 0x75, 0x75, 0x75, 0x76, 0x76, 0x76, 0x77, 0x77, 0x77, 0x78, 0x78, 
    0x78, 0x79, 0x79, 0x79, 0x7a, 0x7a, 0x7a, 0x7a, 0x7a, 0x7a, 0x7b, 0x7b, 0x7b, 
    0x7c, 0x7c, 0x7c, 0x7d, 0x7d, 0x7d, 0x7f, 0x7f, 0x7f, 0x80, 0x80, 0x80, 0x81, 
    0x81, 0x81, 0x82, 0x82, 0x82, 0x83, 0x83, 0x83, 0x84, 0x84, 0x84, 0x85, 0x85, 
    0x85, 0x86, 0x86, 0x86, 0x87, 0x87, 0x87, 0x88, 0x88, 0x88, 0x89, 0x89, 0x89, 
    0x8a, 0x8a, 0x8a, 0x8b, 0x8b, 0x8b, 0x8c, 0x8c, 0x8c, 0x8d, 0x8d, 0x8d, 0x8e, 
    0x8e, 0x8e, 0x8f, 0x8f, 0x8f, 0x90, 0x90, 0x90, 0x91, 0x91, 0x91, 0x92, 0x92, 
    0x92, 0x93, 0x93, 0x93, 0x94, 0x94, 0x94, 0x95, 0x95, 0x95, 0x96, 0x96, 0x96, 
    0x97, 0x97, 0x97, 0x98, 0x98, 0x98, 0x99, 0x99, 0x99, 0x9a, 0x9a, 0x9a, 0x9b, 
    0x9b, 0x9b, 0x9c, 0x9c, 0x9c, 0x9d, 0x9d, 0x9d, 0x9e, 0x9e, 0x9e, 0x9f, 0x9f, 
    0x9f, 0xa0, 0xa0, 0xa0, 0xa1, 0xa1, 0xa1, 0xa2, 0xa2, 0xa2, 0xa3, 0xa3, 0xa3, 
    0xa4, 0xa4, 0xa4, 0xa5, 0xa5, 0xa5, 0xa6, 0xa6, 0xa6, 0xa7, 0xa7, 0xa7, 0xa8, 
    0xa8, 0xa8, 0xa9, 0xa9, 0xa9, 0xaa, 0xaa, 0xaa, 0xab, 0xab, 0xab, 0xac, 0xac, 
    0xac, 0xad, 0xad, 0xad, 0xae, 0xae, 0xae, 0xaf, 0xaf, 0xaf, 0xb0, 0xb0, 0xb0, 
    0xb1, 0xb1, 0xb1, 0xb2, 0xb2, 0xb2, 0xb3, 0xb3, 0xb3, 0xb4, 0xb4, 0xb4, 0xb5, 
    0xb5, 0xb5, 0xb6, 0xb6, 0xb6, 0xb7, 0xb7, 0xb7, 0xb8, 0xb8, 0xb8, 0xb9, 0xb9, 
    0xb9, 0xba, 0xba, 0xba, 0xbb, 0xbb, 0xbb, 0xbc, 0xbc, 0xbc, 0xbd, 0xbd, 0xbd, 
    0xbe, 0xbe, 0xbe, 0xc1, 0xc1, 0xc1, 0xc4, 0xc4, 0xc4, 0xc7, 0xc7, 0xc7, 0xca, 
    0xca, 0xca, 0xcd, 0xcd, 0xcd, 0xcf, 0xcf, 0xcf, 0xd1, 0xd1, 0xd1, 0xd3, 0xd3, 
    0xd3, 0xd5, 0xd5, 0xd5, 0xd7, 0xd7, 0xd7, 0xd9, 0xd9, 0xd9, 0xda, 0xda, 0xda, 
    0xdb, 0xdb, 0xdb, 0xdc, 0xdc, 0xdc, 0xdd, 0xdd, 0xdd, 0xde, 0xde, 0xde, 0xdf, 
    0xdf, 0xdf, 0xe0, 0xe0, 0xe0, 0xe2, 0xe2, 0xe2, 0xe3, 0xe3, 0xe3, 0xe5, 0xe5, 
    0xe5, 0xe9, 0xe9, 0xe9, 0xec, 0xec, 0xec, 0xef, 0xef, 0xef, 0xf2, 0xf2, 0xf2, 
    0xf5, 0xf5, 0xf5, 0xf7, 0xf7, 0xf7, 0xf8, 0xf8, 0xf8, 0xf9, 0xf9, 0xf9, 0xfa, 
    0xfa, 0xfa, 0xfa, 0xfa, 0xfa, 0xfb, 0xfb, 0xfb, 0xfb, 0xfb, 0xfb, 0xfc, 0xfc, 
    0xfc, 0xfc, 0xfc, 0xfc, 0xfc, 0xfc, 0xfc, 0xfc, 0xfc, 0xfc, 0xfd, 0xfd, 0xfd, 
    0xfd, 0xfd, 0xfd, 0xfd, 0xfd, 0xfd, 0xfd, 0xfd, 0xfd, 0xfd, 0xfd, 0xfd, 0xfd, 
    0xfd, 0xfd, 0xfd, 0xfd, 0xfd, 0xfd, 0xfd, 0xfd, 0xfd, 0xfd, 0xfd, 0xfd, 0xfd, 
    0xfd, 0xfe, 0xfe, 0xfe, 0xfe, 0xfe, 0xfe, 0xfe, 0xfe, 0xfe, 0xfe, 0xfe, 0xfe, 
    0xfe, 0xfe, 0xfe, 0xfe, 0xfe, 0xfe, 0xfe, 0xfe, 0xfe, 0xfe, 0xfe, 0xfe, 0xfe, 
    0xfe, 0xfe, 0xfe, 0xfe, 0xfe, 0xfe, 0xfe, 0xfe, 0xfe, 0xfe, 0xfe, 0xfe, 0xfe, 
    0xfe, 0xfe, 0xfe, 0xfe, 0xfe, 0xfe, 0xfe, 0xfe, 0xfe, 0xfe, 0xfe, 0xfe, 0xfe, 
    0xfe, 0xfe, 0xfe, 0x08, 0xfe, 0x00, 0x17, 0x08, 0x1c, 0x48, 0xb0, 0xa0, 0xc1, 
    0x83, 0x08, 0x13, 0x2a, 0x5c, 0xc8, 0xb0, 0xa1, 0xc3, 0x87, 0x10, 0x23, 0x4a, 
    0x9c, 0x48, 0xb1, 0xa2, 0xc5, 0x8b, 0x18, 0x33, 0x6a, 0xdc, 0xc8, 0xb1, 0xa3, 
    0xc7, 0x8f, 0x20, 0x43, 0x8a, 0x1c, 0x49, 0xb2, 0xa4, 0xc9, 0x93, 0x28, 0x53, 
    0x62, 0x48, 0xc9, 0xb2, 0xa5, 0xcb, 0x97, 0x30, 0x63, 0xca, 0x9c, 0x49, 0xb3, 
    0xa6, 0xcd, 0x9b, 0x38, 0x73, 0xea, 0xdc, 0xc9, 0xb3, 0xa7, 0xcf, 0x82, 0x18, 
    0x36, 0x75, 0xb3, 0xf7, 0xaf, 0x68, 0x51, 0x7b, 0xd5, 0x5c, 0xc9, 0xf8, 0x49, 
    0x70, 0x8a, 0x38, 0xa2, 0x46, 0xa3, 0x46, 0xb5, 0x77, 0x0d, 0x8e, 0xcf, 0x1b, 
    0xe2, 0xa4, 0x6a, 0xdd, 0x6a, 0x0f, 0xd2, 0x4e, 0x51, 0x50, 0xb7, 0x8a, 0x8d, 
    0x9a, 0xce, 0x03, 0xce, 0x69, 0x46, 0xed, 0x85, 0x4d, 0xbb, 0xf6, 0x68, 0x58, 
    0x7b, 0x66, 0x69, 0x7a, 0xc8, 0x3a, 0xb6, 0xae, 0xd6, 0x6f, 0x34, 0x53, 0xb4, 
    0xfd, 0xb7, 0x97, 0x2f, 0x57, 0xa9, 0xda, 0x64, 0x9a, 0xe8, 0x6b, 0xb7, 0xb0, 
    0xb5, 0x98, 0xe9, 0x0a, 0x2b, 0xde, 0x7a, 0xec, 0x65, 0xb2, 0xc5, 0x90, 0xa5, 
    0xde, 0x68, 0x29, 0x27, 0xb2, 0xe5, 0xa2, 0x9e, 0x58, 0x0e, 0xbe, 0x1c, 0x39, 
    0x5d, 0x4b, 0xba, 0x6a, 0xb5, 0x86, 0x96, 0x3a, 0x7a, 0xea, 0xda, 0x6b, 0x88, 
    0x96, 0xb2, 0x2c, 0xc6, 0x79, 0xac, 0x3d, 0x71, 0xbe, 0x66, 0x10, 0x8c, 0x7b, 
    0xf2, 0x05, 0xe9, 0xbf, 0xa2, 0xd3, 0x66, 0x13, 0x94, 0x62, 0x01, 0x86, 0x14, 
    0x70, 0xa8, 0x85, 0x56, 0xfb, 0xeb, 0x24, 0xdd, 0xcb, 0x6a, 0xa7, 0xed, 0x11, 
    0xb1, 0xe0, 0x45, 0x22, 0x6b, 0x84, 0x8b, 0xbe, 0x28, 0xf9, 0x2b, 0x32, 0x55, 
    0x49, 0x36, 0x52, 0xac, 0xc4, 0xe0, 0xe9, 0xe9, 0x62, 0x5f, 0x24, 0x31, 0xfd, 
    0x44, 0x8f, 0x8a, 0xcd, 0x12, 0x0b, 0xa0, 0xc7, 0xc6, 0x6f, 0xdd, 0x46, 0xf2, 
    0xb1, 0xeb, 0x69, 0x36, 0x56, 0x1a, 0xc4, 0xa4, 0x5e, 0xac, 0xbd, 0x91, 0x1e, 
    0xea, 0x52, 0x63, 0x7e, 0x50, 0x55, 0xfd, 0xba, 0xfc, 0x81, 0xc4, 0xcc, 0x5e, 
    0x6a, 0x29, 0x81, 0xd0, 0x22, 0x6f, 0x11, 0xa8, 0xa0, 0x51, 0x36, 0x84, 0x24, 
    0x9e, 0x58, 0x92, 0x1c, 0x24, 0xc8, 0x7f, 0x8a, 0x99, 0x10, 0x12, 0x5a, 0x7d, 
    0x61, 0x51, 0xd0, 0x26, 0xa5, 0x4d, 0x85, 0xdb, 0x6d, 0x45, 0xc9, 0xe7, 0x51, 
    0x0a, 0x75, 0x45, 0x33, 0x10, 0x0f, 0xdf, 0xb4, 0xe6, 0x9a, 0x88, 0x1d, 0x25, 
    0x56, 0x97, 0x35, 0x98, 0xb8, 0xa8, 0xa2, 0x7d, 0x20, 0xa1, 0x35, 0xe3, 0x8d, 
    0xf7, 0x79, 0x54, 0xcb, 0x8d, 0x3c, 0x4e, 0xe3, 0xd1, 0x18, 0x3c, 0xf2, 0xe8, 
    0x55, 0x47, 0x6b, 0x75, 0xe8, 0x96, 0x68, 0x0b, 0x92, 0x96, 0x24, 0x8b, 0x19, 
    0xd9, 0x10, 0xe4, 0x8d, 0xc4, 0x78, 0xe4, 0x41, 0x5b, 0x7d, 0x55, 0xf9, 0xa1, 
    0x87, 0x48, 0x32, 0xa9, 0x51, 0x35, 0x4f, 0xb6, 0x36, 0x06, 0x48, 0x18, 0xc8, 
    0xd8, 0xe5, 0x62, 0x96, 0x8c, 0x74, 0x06, 0x25, 0x37, 0xd4, 0x80, 0x89, 0x33, 
    0xdd, 0x8c, 0xc9, 0x55, 0x22, 0x2d, 0x89, 0xb0, 0x48, 0x36, 0x14, 0x42, 0x86, 
    0xd4, 0x79, 0x31, 0xd9, 0xf0, 0xcb, 0x37, 0x75, 0x8e, 0xc5, 0x8c, 0x85, 0x37, 
    0x9d, 0x31, 0x4d, 0x9b, 0x46, 0xf2, 0xb5, 0x57, 0x37, 0xc9, 0xc4, 0xe7, 0x13, 
    0x06, 0x50, 0xec, 0x42, 0x4d, 0x3a, 0x6a, 0xa9, 0x95, 0xce, 0x34, 0xc5, 0x08, 
    0xc2, 0x83, 0x96, 0x4c, 0x65, 0xaa, 0xe9, 0xa6, 0x9c, 0x76, 0xea, 0xe9, 0xa7, 
    0xa0, 0x86, 0x2a, 0xea, 0xa8, 0xa4, 0x96, 0x6a, 0xea, 0xa9, 0xa8, 0xa6, 0xaa, 
    0xea, 0xaa, 0xac, 0x82, 0x14, 0x10, 0x00, 0x3b, 0x00, 0x00, 0x00, 0x00, 0x00, 
    0x00, 0x00, 0x00, 0x00, 0x00, 0x00, 0x00, 0x00, 0x00, 0x00, 0x00, 0x00, 0x00, 
    0x00, 0x00, 0x00, 0x00, 0x00, 0x00, 0x00, 0x00, 0x00, 0x00, 0x00, 0x00, 0x00, 
    0x00, 0x00, 0x00, 0x00, 0x00, 0x00, 0x00, 0x00, 0x00, 0x00, 0x00, 0x00, 0x00, 
    0x00, 0x00, 0x00, 0x00, 0x00, 0x00, 0x00, 0x00, 0x00, 0x00, 0x00, 0x00, 0x00, 
    0x00, 0x00, 0x00, 0x00, 0x00, 0x00, 0x00, 0x00, 0x00, 0x00, 0x00, 0x00, 0x00, 
    0x00, 0x00, 0x00, 0x00, 0x00, 0x00, 0x00, 0x00, 0x00, 0x00, 0x00, 0x00, 0x00, 
    0x00, 0x00, 0x00, 0x00, 0x00, 0x00, 0x00, 0x00, 0x00, 0x00, 0x00, 0x00, 0x00, 
    0x00, 0x00, 0x00, 0x00, 0x00, 0x00, 0x00, 0x00, 0x00, 0x00, 0x00, 0x00, 0x00, 
    0x00, 0x00, 0x00, 0x00, 0x00, 0x00, 0x00, 0x00, 0x00, 0x00, 0x00, 0x00, 0x00, 
    0x00, 0x00, 0x00, 0x00, 0x00, 0x00, 0x00, 0x00, 0x00, 0x00, 0x00, 0x00, 0x00, 
    0x00, 0x00, 0x00, 0x00, 0x00, 0x00, 0x00, 0x00, 0x00, 0x00, 0x00, 0x00, 0x00, 
    0x00, 0x00, 0x00, 0x00, 0x00, 0x00, 0x00, 0x00, 0x00, 0x00, 0x00, 0x00, 0x00, 
    0x00, 0x00, 0x00, 0x00, 0x00, 0x00, 0x00, 0x00, 0x00, 0x00, 0x00, 0x00, 0x00, 
    0x00, 0x00, 0x00, 0x00, 0x00, 0x00, 0x00, 0x00, 0x00, 0x00, 0x00, 0x00, 0x00, 
    0x00, 0x00, 0x00, 0x00, 0x00, 0x00, 0x00, 0x00, 0x00, 0x00, 0x00, 0x00, 0x00, 
    0x00, 0x00, 0x00, 0x00, 0x00, 0x00, 0x00, 0x00, 0x00, 0x00, 0x00, 0x00, 0x00, 
    0x00, 0x00, 0x00, 0x00, 0x00, 0x00, 0x00, 0x00, 0x00, 0x00, 0x00, 0x00, 0x00, 
    0x00, 0x00, 0x00, 0x00, 0x00, 0x00, 0x00, 0x00, 0x00, 0x00, 0x00, 0x00, 0x00, 
    0x00, 0x00, 0x00, 0x00, 0x00, 0x00, 0x00, 0x00, 0x00, 0x00, 0x00, 0x00, 0x00, 
    0x00, 0x00, 0x00, 0x00, 0x00, 0x00, 0x00, 0x00, 0x00, 0x00, 0x00, 0x00, 0x00, 
    0x00, 0x00, 0x00, 0x00, 0x00, 0x00, 0x00, 0x00, 0x00, 0x00, 0x00, 0x00, 0x00, 
    0x00, 0x00, 0x00, 0x00, 0x00, 0x00, 0x00, 0x00, 0x00, 0x00, 0x00, 0x00, 0x00, 
    0x00, 0x00, 0x00, 0x00, 0x00, 0x00, 0x00, 0x00, 0x00, 0x00, 0x00, 0x00, 0x00, 
    0x00, 0x00, 0x00, 0x00, 0x00, 0x00, 0x00, 0x00, 0x00, 0x00, 0x00, 0x00, 0x00, 
    0x00, 0x00, 0x00, 0x00, 0x00, 0x00, 0x00, 0x00, 0x00, 0x00, 0x00, 0x00, 0x00, 
    0x00, 0x00, 0x00, 0x00, 0x00, 0x00, 0x00, 0x00, 0x00, 0x00, 0x00, 0x00, 0x00, 
    0x00, 0x00, 0x00, 0x00, 0x00, 0x00, 0x00, 0x00, 0x00, 0x00, 0x00, 0x00, 0x00, 
    0x00, 0x00, 0x00, 0x00, 0x00, 0x00, 0x00, 0x00, 0x00, 0x00, 0x00, 0x00, 0x00, 
    0x00, 0x00, 0x00, 0x00, 0x00, 0x00, 0x00, 0x00, 0x00, 0x00, 0x00, 0x00, 0x00, 
    0x00, 0x00, 0x00, 0x00, 0x00, 0x00, 0x00, 0x00, 0x00, 0x00, 0x00, 0x00, 0x00, 
    0x00, 0x00, 0x00, 0x00, 0x00, 0x00, 0x00, 0x00, 0x00, 0x00, 0x00, 0x00, 0x00, 
    0x00, 0x00, 0x00, 0x00, 0x00, 0x00, 0x00, 0x00, 0x00, 0x00, 0x00, 0x00, 0x00, 
    0x00, 0x00, 0x00, 0x00, 0x00, 0x00, 0x00, 0x00, 0x00, 0x00, 0x00, 0x00, 0x00, 
    0x00, 0x00, 0x00, 0x00, 0x00, 0x00, 0x00, 0x00, 0x00, 0x00, 0x00, 0x00, 0x00, 
    0x00, 0x00, 0x00, 0x00, 0x00, 0x00, 0x00, 0x00, 0x00, 0x00, 0x00, 0x00, 0x00, 
    0x00, 0x00, 0x00, 0x00, 0x00, 0x00, 0x00, 0x00, 0x00, 0x00, 0x00, 0x00, 0x00, 
    0x00, 0x00, 0x00, 0x00, 0x00, 0x00, 0x00, 0x00, 0x00, 0x00, 0x00, 0x00, 0x00, 
    0x00, 0x00, 0x00, 0x00, 0x00, 0x00, 0x00, 0x00, 0x00, 0x00, 0x00, 0x00, 0x00, 
    0x00, 0x00, 0x00, 0x00, 0x00, 0x00, 0x00, 0x00, 0x00, 0x00, 0x00, 0x00, 0x00, 
    0x00, 0x00, 0x00, 0x00, 0x00, 0x00, 0x00, 0x00, 0x00, 0x00, 0x00, 0x00, 0x00, 
    0x00, 0x00, 0x00, 0x00, 0x00, 0x00, 0x00, 0x00, 0x00, 0x00, 0x00, 0x00, 0x00, 
    0x00, 0x00, 0x00, 0x00, 0x00, 0x00, 0x00, 0x00, 0x00, 0x00, 0x00, 0x00, 0x00, 
    0x00, 0x00, 0x00, 0x00, 0x00, 0x00, 0x00, 0x00, 0x00, 0x00, 0x00, 0x00, 0x00, 
    0x00, 0x00, 0x00, 0x00, 0x00, 0x00, 0x00, 0x00, 0x00, 0x00, 0x00, 0x00, 0x00, 
    0x00, 0x00, 0x00, 0x00, 0x00, 0x00, 0x00, 0x00, 0x00, 0x00, 0x00, 0x00, 0x00, 
    0x00, 0x00, 0x00, 0x00, 0x00, 0x00, 0x00, 0x00, 0x00, 0x00, 0x00, 0x00, 0x00, 
    0x00, 0x00, 0x00, 0x00, 0x00, 0x00, 0x00, 0x00, 0x00, 0x00, 0x00, 0x00, 0x00, 
    0x00, 0x00, 0x00, 0x00, 0x00, 0x00, 0x00, 0x00, 0x00, 0x00, 0x00, 0x00, 0x00, 
    0x00, 0x00, 0x00, 0x00, 0x00, 0x00, 0x00, 0x00, 0x00, 0x00, 0x00, 0x00, 0x00, 
    0x00, 0x00, 0x00, 0x00, 0x00, 0x00, 0x00, 0x00, 0x00, 0x00, 0x00, 0x00, 0x00, 
    0x00, 0x00, 0x00, 0x00, 0x00, 0x00, 0x00, 0x00, 0x00, 0x00, 0x00, 0x00, 0x00, 
    0x00, 0x00, 0x00, 0x00, 0x00, 0x00, 0x00, 0x00, 0x00, 0x00, 0x00, 0x00, 0x00, 
    0x00, 0x00, 0x00, 0x00, 0x00, 0x00, 0x00, 0x00, 0x00, 0x00, 0x00, 0x00, 0x00, 
    0x00, 0x00, 0x00, 0x00, 0x00, 0x00, 0x00, 0x00, 0x00, 0x00, 0x00, 0x00, 0x00, 
    0x00, 0x00, 0x00, 0x00, 0x00, 0x00, 0x00, 0x00, 0x00, 0x00, 0x00, 0x00, 0x00, 
    0x00, 0x00, 0x00, 0x00, 0x00, 0x00, 0x00, 0x00, 0x00, 0x00, 0x00, 0x00, 0x00, 
    0x00, 0x00, 0x00, 0x00, 0x00, 0x00, 0x00, 0x00, 0x00, 0x00, 0x00, 0x00, 0x00, 
    0x00, 0x00, 0x00, 0x00, 0x00, 0x00, 0x00, 0x00, 0x00, 0x00, 0x00, 0x00, 0x00, 
    0x00, 0x00, 0x00, 0x00, 0x00, 0x00, 0x00, 0x00, 0x00, 0x00, 0x00, 0x00, 0x00, 
    0x00, 0x00, 0x00, 0x00, 0x00, 0x00, 0x00, 0x00, 0x00, 0x00, 0x00, 0x00, 0x00, 
    0x00, 0x00, 0x00, 0x00, 0x00, 0x00, 0x00, 0x00, 0x00, 0x00, 0x00, 0x00, 0x00, 
    0x00, 0x00, 0x00, 0x00, 0x00, 0x00, 0x00, 0x00, 0x00, 0x00, 0x00, 0x00, 0x00, 
    0x00, 0x00, 0x00, 0x00, 0x00, 0x00, 0x00, 0x00, 0x00, 0x00, 0x00, 0x00, 0x00, 
    0x00, 0x00, 0x00, 0x00, 0x00, 0x00, 0x00, 0x00, 0x00, 0x00, 0x00, 0x00, 0x00, 
    0x00, 0x00, 0x00, 0x00, 0x00, 0x00, 0x00, 0x00, 0x00, 0x00, 0x00, 0x00, 0x00, 
    0x00, 0x00, 0x00, 0x00, 0x00, 0x00, 0x00, 0x00, 0x00, 0x00, 0x00, 0x00, 0x00, 
    0x00, 0x00, 0x00, 0x00, 0x00, 0x00, 0x00, 0x00, 0x00, 0x00, 0x00, 0x00, 0x00, 
    0x00, 0x00, 0x00, 0x00, 0x00, 0x00, 0x00, 0x00, 0x00, 0x00, 0x00, 0x00, 0x00, 
    0x00, 0x00, 0x00, 0x00, 0x00, 0x00, 0x00, 0x00, 0x00, 0x00, 0x00, 0x00, 0x00, 
    0x00, 0x00, 0x00, 0x00, 0x00, 0x00, 0x00, 0x00, 0x00, 0x00, 0x00, 0x00, 0x00, 
    0x00, 0x00, 0x00, 0x00, 0x00, 0x00, 0x00, 0x00, 0x00, 0x00, 0x00, 0x00, 0x00, 
    0x00, 0x00, 0x00, 0x00, 0x00, 0x00, 0x00, 0x00, 0x00, 0x00, 0x00, 0x00, 0x00, 
    0x00, 0x00, 0x00, 0x00, 0x00, 0x00, 0x00, 0x00, 0x00, 0x00, 0x00, 0x00, 0x00, 
    0x00, 0x00, 0x00, 0x00, 0x00, 0x00, 0x00, 0x00, 0x00, 0x00, 0x00, 0x00, 0x00, 
    0x00, 0x00, 0x00, 0x00, 0x00, 0x00, 0x00, 0x00, 0x00, 0x00, 0x00, 0x00, 0x00, 
    0x00, 0x00, 0x00, 0x00, 0x00, 0x00, 0x00, 0x00, 0x00, 0x00, 0x00, 0x00, 0x00, 
    0x00, 0x00, 0x00, 0x00, 0x00, 0x00, 0x00, 0x00, 0x00, 0x00, 0x00, 0x00, 0x00, 
    0x00, 0x00, 0x00, 0x00, 0x00, 0x00, 0x00, 0x00, 0x00, 0x00, 0x00, 0x00, 0x00, 
    0x00, 0x00, 0x00, 0x00, 0x00, 0x00, 0x00, 0x00, 0x00, 0x00, 0x00, 0x00, 0x00, 
    0x00, 0x00, 0x00, 0x00, 0x00, 0x00, 0x00, 0x00, 0x00, 0x00, 0x00, 0x00, 0x00, 
    0x00, 0x00, 0x00, 0x00, 0x00, 0x00, 0x00, 0x00, 0x00, 0x00, 0x00, 0x00, 0x00, 
    0x00, 0x00, 0x00, 0x00, 0x00, 0x00, 0x00, 0x00, 0x00, 0x00, 0x00, 0x00, 0x00, 
    0x00, 0x00, 0x00, 0x00, 0x00, 0x00, 0x00, 0x00, 0x00, 0x00, 0x00, 0x00, 0x00, 
    0x00, 0x00, 0x00, 0x00, 0x00, 0x00, 0x00, 0x00, 0x00, 0x00, 0x00, 0x00, 0x00, 
    0x00, 0x00, 0x00, 0x00, 0x00, 0x00, 0x00, 0x00, 0x00, 0x00, 0x00, 0x00, 0x00, 
    0x00, 0x00, 0x00, 0x00, 0x00, 0x00, 0x00, 0x00, 0x00, 0x00, 0x00, 0x00, 0x00, 
    0x00, 0x00, 0x00, 0x00, 0x00, 0x00, 0x00, 0x00, 0x00, 0x00, 0x00, 0x00, 0x00, 
    0x00, 0x00, 0x00, 0x00, 0x00, 0x00, 0x00, 0x00, 0x00, 0x00, 0x00, 0x00, 0x00, 
    0x00, 0x00, 0x00, 0x00, 0x00, 0x00, 0x00, 0x00, 0x00, 0x00, 0x00, 0x00, 0x00, 
    0x00, 0x00, 0x00, 0x00, 0x00, 0x00, 0x00, 0x00, 0x00, 0x00, 0x00, 0x00, 0x00, 
    0x00, 0x00, 0x00, 0x00, 0x00, 0x00, 0x00, 0x00, 0x00, 0x00, 0x00, 0x00, 0x00, 
    0x00, 0x00, 0x00, 0x00, 0x00, 0x00, 0x00, 0x00, 0x00, 0x00, 0x00, 0x00, 0x00, 
    0x00, 0x00, 0x00, 0x00, 0x00, 0x00, 0x00, 0x00, 0x00, 0x00, 0x00, 0x00, 0x00, 
    0x00, 0x00, 0x00, 0x00, 0x00, 0x00, 0x00, 0x00, 0x00, 0x00, 0x00, 0x00, 0x00, 
    0x00, 0x00, 0x00, 0x00, 0x00, 0x00, 0x00, 0x00, 0x00, 0x00, 0x00, 0x00, 0x00, 
    0x00, 0x00, 0x00, 0x00, 0x00, 0x00, 0x00, 0x00, 0x00, 0x00, 0x00, 0x00, 0x00, 
    0x00, 0x00, 0x00, 0x00, 0x00, 0x00, 0x00, 0x00, 0x00, 0x00, 0x00, 0x00, 0x00, 
    0x00, 0x00, 0x00, 0x00, 0x00, 0x00, 0x00, 0x00, 0x00, 0x00, 0x00, 0x00, 0x00, 
    0x00, 0x00, 0x00, 0x00, 0x00, 0x00, 0x00, 0x00, 0x00, 0x00, 0x00, 0x00, 0x00, 
    0x00, 0x00, 0x00, 0x00, 0x00, 0x00, 0x00, 0x00, 0x00, 0x00, 0x00, 0x00, 0x00, 
    0x00, 0x00, 0x00, 0x00, 0x00, 0x00, 0x00, 0x00, 0x00, 0x00, 0x00, 0x00, 0x00, 
    0x00, 0x00, 0x00, 0x00, 0x00, 0x00, 0x00, 0x00, 0x00, 0x00, 0x00, 0x00, 0x00, 
    0x00, 0x00, 0x00, 0x00, 0x00, 0x00, 0x00, 0x00, 0x00, 0x00, 0x00, 0x00, 0x00, 
    0x00, 0x00, 0x00, 0x00, 0x00, 0x00, 0x00, 0x00, 0x00, 0x00, 0x00, 0x00, 0x00, 
    0x00, 0x00, 0x00, 0x00, 0x00, 0x00, 0x00, 0x00, 0x00, 0x00, 0x00, 0x00, 0x00, 
    0x00, 0x00, 0x00, 0x00, 0x00, 0x00, 0x00, 0x00, 0x00, 0x00, 0x00, 0x00, 0x00, 
    0x00, 0x00, 0x00, 0x00, 0x00, 0x00, 0x00, 0x00, 0x00, 0x00, 0x00, 0x00, 0x00, 
    0x00, 0x00, 0x00, 0x00, 0x00, 0x00, 0x00, 0x00, 0x00, 0x00, 0x00, 0x00, 0x00, 
    0x00, 0x00, 0x00, 0x00, 0x00, 0x00, 0x00, 0x00, 0x00, 0x00, 0x00, 0x00, 0x00, 
    0x00, 0x00, 0x00, 0x00, 0x00, 0x00, 0x00, 0x00, 0x00, 0x00, 0x00, 0x00, 0x00, 
    0x00, 0x00, 0x00, 0x00, 0x00, 0x00, 0x00, 0x00, 0x00, 0x00, 0x00, 0x00, 0x00, 
    0x00, 0x00, 0x00, 0x00, 0x00, 0x00, 0x00, 0x00, 0x00, 0x00, 0x00, 0x00, 0x00, 
    0x00, 0x00, 0x00, 0x00, 0x00, 0x00, 0x00, 0x00, 0x00, 0x00, 0x00, 0x00, 0x00, 
    0x00, 0x00, 0x00, 0x00, 0x00, 0x00, 0x00, 0x00, 0x00, 0x00, 0x00, 0x00, 0x00, 
    0x00, 0x00, 0x00, 0x00, 0x00, 0x00, 0x00, 0x00, 0x00, 0x00, 0x00, 0x00, 0x00, 
    0x00, 0x00, 0x00, 0x00, 0x00, 0x00, 0x00, 0x00, 0x00, 0x00, 0x00, 0x00, 0x00, 
    0x00, 0x00, 0x00, 0x00, 0x00, 0x00, 0x00, 0x00, 0x00, 0x00, 0x00, 0x00, 0x00, 
    0x00, 0x00, 0x00, 0x00, 0x00, 0x00, 0x00, 0x00, 0x00, 0x00, 0x00, 0x00, 0x00, 
    0x00, 0x00, 0x00, 0x00, 0x00, 0x00, 0x00, 0x00, 0x00, 0x00, 0x00, 0x00, 0x00, 
    0x00, 0x00, 0x00, 0x00, 0x00, 0x00, 0x00, 0x00, 0x00, 0x00, 0x00, 0x00, 0x00, 
    0x00, 0x00, 0x00, 0x00, 0x00, 0x00, 0x00, 0x00, 0x00, 0x00, 0x00, 0x00, 0x00, 
    0x00, 0x00, 0x00, 0x00, 0x00, 0x00, 0x00, 0x00, 0x00, 0x00, 0x00, 0x00, 0x00, 
    0x00, 0x00, 0x00, 0x00, 0x00, 0x00, 0x00, 0x00, 0x00, 0x00, 0x00, 0x00, 0x00, 
    0x00, 0x00, 0x00, 0x00, 0x00, 0x00, 0x00, 0x00, 0x00, 0x00, 0x00, 0x00, 0x00, 
    0x00, 0x00, 0x00, 0x00, 0x00, 0x00, 0x00, 0x00, 0x00, 0x00, 0x00, 0x00, 0x00, 
    0x00, 0x00, 0x00, 0x00, 0x00, 0x00, 0x00, 0x00, 0x00, 0x00, 0x00, 0x00, 0x00, 
    0x00, 0x00, 0x00, 0x00, 0x00, 0x00, 0x00, 0x00, 0x00, 0x00, 0x00, 0x00, 0x00, 
    0x00, 0x00, 0x00, 0x00, 0x00, 0x00, 0x00, 0x00, 0x00, 0x00, 0x00, 0x00, 0x00, 
    0x00, 0x00, 0x00, 0x00, 0x00, 0x00, 0x00, 0x00, 0x00, 0x00, 0x00, 0x00, 0x00, 
    0x00, 0x00, 0x00, 0x00, 0x00, 0x00, 0x00, 0x00, 0x00, 0x00, 0x00, 0x00, 0x00, 
    0x00, 0x00, 0x00, 0x00, 0x00, 0x00, 0x00, 0x00, 0x00, 0x00, 0x00, 0x00, 0x00, 
    0x00, 0x00, 0x00, 0x00, 0x00, 0x00, 0x00, 0x00, 0x00, 0x00, 0x00, 0x00, 0x00, 
    0x00, 0x00, 0x00, 0x00, 0x00, 0x00, 0x00, 0x00, 0x00, 0x00, 0x00, 0x00, 0x00, 
    0x00, 0x00, 0x00, 0x00, 0x00, 0x00, 0x00, 0x00, 0x00, 0x00, 0x00, 0x00, 0x00, 
    0x00, 0x00, 0x00, 0x00, 0x00, 0x00, 0x00, 0x00, 0x00, 0x00, 0x00, 0x00, 0x00, 
    0x00, 0x00, 0x00, 0x00, 0x00, 0x00, 0x00, 0x00, 0x00, 0x00, 0x00, 0x00, 0x00, 
    0x00, 0x00, 0x00, 0x00, 0x00, 0x00, 0x00, 0x00, 0x00, 0x00, 0x00, 0x00, 0x00, 
    0x00, 0x00, 0x00, 0x00, 0x00, 0x00, 0x00, 0x00, 0x00, 0x00, 0x00, 0x00, 0x00, 
    0x00, 0x00, 0x00, 0x00, 0x00, 0x00, 0x00, 0x00, 0x00, 0x00, 0x00, 0x00, 0x00, 
    0x00, 0x00, 0x00, 0x00, 0x00, 0x00, 0x00, 0x00, 0x00, 0x00, 0x00, 0x00, 0x00, 
    0x00, 0x00, 0x00, 0x00, 0x00, 0x00, 0x00, 0x00, 0x00, 0x00, 0x00, 0x00, 0x00, 
    0x00, 0x00, 0x00, 0x00, 0x00, 0x00, 0x00, 0x00, 0x00, 0x00, 0x00, 0x00, 0x00, 
    0x00, 0x00, 0x00, 0x00, 0x00, 0x00, 0x00, 0x00, 0x00, 0x00, 0x00, 0x00, 0x00, 
    0x00, 0x00, 0x00, 0x00, 0x00, 0x00, 0x00, 0x00, 0x00, 0x00, 0x00, 0x00, 0x00, 
    0x00, 0x00, 0x00, 0x00, 0x00, 0x00, 0x00, 0x00, 0x00, 0x00, 0x00, 0x00, 0x00, 
    0x00, 0x00, 0x00, 0x00, 0x00, 0x00, 0x00, 0x00, 0x00, 0x00, 0x00, 0x00, 0x00, 
    0x00, 0x00, 0x00, 0x00, 0x00, 0x00, 0x00, 0x00, 0x00, 0x00, 0x00, 0x00, 0x00, 
    0x00, 0x00, 0x00, 0x00, 0x00, 0x00, 0x00, 0x00, 0x00, 0x00, 0x00, 0x00, 0x00, 
    0x00, 0x00, 0x00, 0x00, 0x00, 0x00, 0x00, 0x00, 0x00, 0x00, 0x00, 0x00, 0x00, 
    0x00, 0x00, 0x00, 0x00, 0x00, 0x00, 0x00, 0x00, 0x00, 0x00, 0x00, 0x00, 0x00, 
    0x00, 0x00, 0x00, 0x00, 0x00, 0x00, 0x00, 0x00, 0x00, 0x00, 0x00, 0x00, 0x00, 
    0x00, 0x00, 0x00, 0x00, 0x00, 0x00, 0x00, 0x00, 0x00, 0x00, 0x00, 0x00, 0x00, 
    0x00, 0x00, 0x00, 0x00, 0x00, 0x00, 0x00, 0x00, 0x00, 0x00, 0x00, 0x00, 0x00, 
    0x00, 0x00, 0x00, 0x00, 0x00, 0x00, 0x00, 0x00, 0x00, 0x00, 0x00, 0x00, 0x00, 
    0x00, 0x00, 0x00, 0x00, 0x00, 0x00, 0x00, 0x00, 0x00, 0x00, 0x00, 0x00, 0x00, 
    0x00, 0x00, 0x00, 0x00, 0x00, 0x00, 0x00, 0x00, 0x00, 0x00, 0x00, 0x00, 0x00, 
    0x00, 0x00, 0x00, 0x00, 0x00, 0x00, 0x00, 0x00, 0x00, 0x00, 0x00, 0x00, 0x00, 
    0x00, 0x00, 0x00, 0x00, 0x00, 0x00, 0x00, 0x00, 0x00, 0x00, 0x00, 0x00, 0x00, 
    0x00, 0x00, 0x00, 0x00, 0x00, 0x00, 0x00, 0x00, 0x00, 0x00, 0x00, 0x00, 0x00, 
    0x00, 0x00, 0x00, 0x00, 0x00, 0x00, 0x00, 0x00, 0x00, 0x00, 0x00, 0x00, 0x00, 
    0x00, 0x00, 0x00, 0x00, 0x00, 0x00, 0x00, 0x00, 0x00, 0x00, 0x00, 0x00, 0x00, 
    0x00, 0x00, 0x00, 0x00, 0x00, 0x00, 0x00, 0x00, 0x00, 0x00, 0x00, 0x00, 0x00, 
    0x00, 0x00, 0x00, 0x00, 0x00, 0x00, 0x00, 0x00, 0x00, 0x00, 0x00, 0x00, 0x00, 
    0x00, 0x00, 0x00, 0x00, 0x00, 0x00, 0x00, 0x00, 0x00, 0x00, 0x00, 0x00, 0x00, 
    0x00, 0x00, 0x00, 0x00, 0x00, 0x00, 0x00, 0x00, 0x00, 0x00, 0x00, 0x00, 0x00, 
    0x00, 0x00, 0x00, 0x00, 0x00, 0x00, 0x00, 0x00, 0x00, 0x00, 0x00, 0x00, 0x00, 
    0x00, 0x00, 0x00, 0x00, 0x00, 0x00, 0x00, 0x00, 0x00, 0x00, 0x00, 0x00, 0x00, 
    0x00, 0x00, 0x00, 0x00, 0x00, 0x00, 0x00, 0x00, 0x00, 0x00, 0x00, 0x00, 0x00, 
    0x00, 0x00, 0x00, 0x00, 0x00, 0x00, 0x00, 0x00, 0x00, 0x00, 0x00, 0x00, 0x00, 
    0x00, 0x00, 0x00, 0x00, 0x00, 0x00, 0x00, 0x00, 0x00, 0x00, 0x00, 0x00, 0x00, 
    0x00, 0x00, 0x00, 0x00, 0x00, 0x00, 0x00, 0x00, 0x00, 0x00, 0x00, 0x00, 0x00, 
    0x00, 0x00, 0x00, 0x00, 0x00, 0x00, 0x00, 0x00, 0x00, 0x00, 0x00, 0x00, 0x00, 
    0x00, 0x00, 0x00, 0x00, 0x00, 0x00, 0x00, 0x00, 0x00, 0x00, 0x00, 0x00, 0x00, 
    0x00, 0x00, 0x00, 0x00, 0x00, 0x00, 0x00, 0x00, 0x00, 0x00, 0x00, 0x00, 0x00, 
    0x00, 0x00, 0x00, 0x00, 0x00, 0x00, 0x00, 0x00, 0x00, 0x00, 0x00, 0x00, 0x00, 
    0x00, 0x00, 0x00, 0x00, 0x00, 0x00, 0x00, 0x00, 0x00, 0x00, 0x00, 0x00, 0x00, 
    0x00, 0x00, 0x00, 0x00, 0x00, 0x00, 0x00, 0x00, 0x00, 0x00, 0x00, 0x00, 0x00, 
    0x00, 0x00, 0x00, 0x00, 0x00, 0x00, 0x00, 0x00, 0x00, 0x00, 0x00, 0x00, 0x00, 
    0x00, 0x00, 0x00, 0x00, 0x00, 0x00, 0x00, 0x00, 0x00, 0x00, 0x00, 0x00, 0x00, 
    0x00, 0x00, 0x00, 0x00, 0x00, 0x00, 0x00, 0x00, 0x00, 0x00, 0x00, 0x00, 0x00, 
    0x00, 0x00, 0x00, 0x00, 0x00, 0x00, 0x00, 0x00, 0x00, 0x00, 0x00, 0x00, 0x00, 
    0x00, 0x00, 0x00, 0x00, 0x00, 0x00, 0x00, 0x00, 0x00, 0x00, 0x00, 0x00, 0x00, 
    0x00, 0x00, 0x00, 0x00, 0x00, 0x00, 0x00, 0x00, 0x00, 0x00, 0x00, 0x00, 0x00, 
    0x00, 0x00, 0x00, 0x00, 0x00, 0x00, 0x00, 0x00, 0x00, 0x00, 0x00, 0x00, 0x00, 
    0x00, 0x00, 0x00, 0x00, 0x00, 0x00, 0x00, 0x00, 0x00, 0x00, 0x00, 0x00, 0x00, 
    0x00, 0x00, 0x00, 0x00, 0x00, 0x00, 0x00, 0x00, 0x00, 0x00, 0x00, 0x00, 0x00, 
    0x00, 0x00, 0x00, 0x00, 0x00, 0x00, 0x00, 0x00, 0x00, 0x00, 0x00, 0x00, 0x00, 
    0x00, 0x00, 0x00, 0x00, 0x00, 0x00, 0x00, 0x00, 0x00, 0x00, 0x00, 0x00, 0x00, 
    0x00, 0x00, 0x00, 0x00, 0x00, 0x00, 0x00, 0x00, 0x00, 0x00, 0x00, 0x00, 0x00, 
    0x00, 0x00, 0x00, 0x00, 0x00, 0x00, 0x00, 0x00, 0x00, 0x00, 0x00, 0x00, 0x00, 
    0x00, 0x00, 0x00, 0x00, 0x00, 0x00, 0x00, 0x00, 0x00, 0x00, 0x00, 0x00, 0x00, 
    0x00, 0x00, 0x00, 0x00, 0x00, 0x00, 0x00, 0x00, 0x00, 0x00, 0x00, 0x00, 0x00, 
    0x00, 0x00, 0x00, 0x00, 0x00, 0x00, 0x00, 0x00, 0x00, 0x00, 0x00, 0x00, 0x00, 
    0x00, 0x00, 0x00, 0x00, 0x00, 0x00, 0x00, 0x00, 0x00, 0x00, 0x00, 0x00, 0x00, 
    0x00, 0x00, 0x00, 0x00, 0x00, 0x00, 0x00, 0x00, 0x00, 0x00, 0x00, 0x00, 0x00, 
    0x00, 0x00, 0x00, 0x00, 0x00, 0x00, 0x00, 0x00, 0x00, 0x00, 0x00, 0x00, 0x00, 
    0x00, 0x00, 0x00, 0x00, 0x00, 0x00, 0x00, 0x00, 0x00, 0x00, 0x00, 0x00, 0x00, 
    0x00, 0x00, 0x00, 0x00, 0x00, 0x00, 0x00, 0x00, 0x00, 0x00, 0x00, 0x00, 0x00, 
    0x00, 0x00, 0x00, 0x00, 0x00, 0x00, 0x00, 0x00, 0x00, 0x00, 0x00, 0x00, 0x00, 
    0x00, 0x00, 0x00, 0x00, 0x00, 0x00, 0x00, 0x00, 0x00, 0x00, 0x00, 0x00, 0x00, 
    0x00, 0x00, 0x00, 0x00, 0x00, 0x00, 0x00, 0x00, 0x00, 0x00, 0x00, 0x00, 0x00, 
    0x00, 0x00, 0x00, 0x00, 0x00, 0x00, 0x00, 0x00, 0x00, 0x00, 0x00, 0x00, 0x00, 
    0x00, 0x00, 0x00, 0x00, 0x00, 0x00, 0x00, 0x00, 0x00, 0x00, 0x00, 0x00, 0x00, 
    0x00, 0x00, 0x00, 0x00, 0x00, 0x00, 0x00, 0x00, 0x00, 0x00, 0x00, 0x00, 0x00, 
    0x00, 0x00, 0x00, 0x00, 0x00, 0x00, 0x00, 0x00, 0x00, 0x00, 0x00, 0x00, 0x00, 
    0x00, 0x00, 0x00, 0x00, 0x00, 0x00, 0x00, 0x00, 0x00, 0x00, 0x00, 0x00, 0x00, 
    0x00, 0x00, 0x00, 0x00, 0x00, 0x00, 0x00, 0x00, 0x00, 0x00, 0x00, 0x00, 0x00, 
    0x00, 0x00, 0x00, 0x00, 0x00, 0x00, 0x00, 0x00, 0x00, 0x00, 0x00, 0x00, 0x00, 
    0x00, 0x00, 0x00, 0x00, 0x00, 0x00, 0x00, 0x00, 0x00, 0x00, 0x00, 0x00, 0x00, 
    0x00, 0x00, 0x00, 0x00, 0x00, 0x00, 0x00, 0x00, 0x00, 0x00, 0x00, 0x00, 0x00, 
    0x00, 0x00, 0x00, 0x00, 0x00, 0x00, 0x00, 0x00, 0x00, 0x00, 0x00, 0x00, 0x00, 
    0x00, 0x00, 0x00, 0x00, 0x00, 0x00, 0x00, 0x00, 0x00, 0x00, 0x00, 0x00, 0x00, 
    0x00, 0x00, 0x00, 0x00, 0x00, 0x00, 0x00, 0x00, 0x00, 0x00, 0x00, 0x00, 0x00, 
    0x00, 0x00, 0x00, 0x00, 0x00, 0x00, 0x00, 0x00, 0x00, 0x00, 0x00, 0x00, 0x00, 
    0x00, 0x00, 0x00, 0x00, 0x00, 0x00, 0x00, 0x00, 0x00, 0x00, 0x00
};

const lv_img_dsc_t sbmy = {
  .header.cf = LV_IMG_CF_RAW_CHROMA_KEYED,
  .header.always_zero = 0,
  .header.reserved = 0,
  .header.w = 80,
  .header.h = 80,
  .data_size = 16664,
  .data = sbmy_map,
};
